ItemNo,ItemCode,ItemSize,ItemDesc,Main_Group,Item_Group,StoreName,TariffHeadNo,UnitCode,PcsRate,Qty1Kg,ItemLength
H01101,H01101,0,M2.5 SERRATED WASHER,BOP,BOUGHT OUT,STORE,0,NOS,0,0,0
A05002,DSPR4671000162,,BELLIVILLE SPRING,FG,FINISHED GOODS,STORE,73182200,NOS,14.52,0,0
A06001,026-294-194,,INT.CIR-4MM,FG,FINISHED GOODS,STORE,73182910,NOS,1.45,0,0
A06002,433-214-001,,E-CLIP-7,FG,FINISHED GOODS,STORE,73182910,NOS,3,0,0
A06003,505831-001,,E ELIP 1.9,FG,FINISHED GOODS,STORE,73182910,NOS,0,0,0
A06004,A06004,0,A06004 JUD. WASHER,BOP,BOUGHT OUT,STORE,73182910,NOS,0,1,0
A14001,90313-172-0000,,NUT SPEED 4MM,FG,FINISHED GOODS,STORE,73201019,NOS,0.58,0,0
A22001,H61211020374,,CIRCLIP M9X1.0 MM(THICK) -,FG,FINISHED GOODS,STORE,73182910,NOS,0.68,0,0
A22002,H60706020375,,E CLIP 5X0.7,FG,FINISHED GOODS,STORE,73182910,NOS,0,0,0
A22003,61E00-ETN-1000,,HING BLOCK,FG,FINISHED GOODS,STORE,73201019,NOS,81.33,0,0
A22004,PIN LOCKING,,LOCKING PIN,FG,FINISHED GOODS,STORE,73201019,NOS,0,0,0
A22006,NUT SPRING,,NUT SPRING 0.6,FG,FINISHED GOODS,STORE,73201019,NOS,1.92,0,0
A22009,H61211020374((,,CIRCLIP 1.15 BLACK,FG,FINISHED GOODS,STORE,73182910,NOS,0.76,0,0
A22010,H61211020374(((,,CIRCLIP 1.5 WHITE,FG,FINISHED GOODS,STORE,73182910,NOS,1.15,0,0
A25002,90564-50A010,,SHIM,FG,FINISHED GOODS,STORE,73201019,NOS,238,0,0
A25003,90564-50A011,,SHIM,FG,FINISHED GOODS,STORE,73201019,NOS,238,0,0
A25004,90564-50A012,,SHIM,FG,FINISHED GOODS,STORE,73201019,NOS,238,0,0
A25005,90564-50A013,,SHIM,FG,FINISHED GOODS,STORE,73201019,NOS,0,0,0
A25006,90564-50A014,,SHIM,FG,FINISHED GOODS,STORE,73201019,NOS,238,0,0
A25007,90564-50A015,,SHIM,FG,FINISHED GOODS,STORE,73201019,NOS,238,0,0
A25008,90564-50A016,,SHIM,FG,FINISHED GOODS,STORE,73201019,NOS,238,0,0
A25009,90564-50A017,,SHIM,FG,FINISHED GOODS,STORE,73201019,NOS,238,0,0
A25010,90564-46A048,,SHIM,FG,FINISHED GOODS,STORE,73201019,NOS,96.3,0,0
A25011,90564-46A049,,SHIM,FG,FINISHED GOODS,STORE,73201019,NOS,96.3,0,0
A25012,90564-46A050,,SHIM,FG,FINISHED GOODS,STORE,73201019,NOS,96.3,0,0
A25013,90564-46A051,,SHIM,FG,FINISHED GOODS,STORE,73201019,NOS,96.3,0,0
A25014,90564-46A052,,SHIM,FG,FINISHED GOODS,STORE,73201019,NOS,96.3,0,0
A25015,90564-46A053,,SHIM,FG,FINISHED GOODS,STORE,73201019,NOS,96.3,0,0
A25016,90564-46A054,,SHIM,FG,FINISHED GOODS,STORE,73201019,NOS,96.3,0,0
A25017,90564-46A055,,SHIM,FG,FINISHED GOODS,STORE,73201019,NOS,96.3,0,0
A25018,90564-46A056,,SHIM,FG,FINISHED GOODS,STORE,73201019,NOS,96.33,0,0
A25019,90564-46A057,,SHIM,FG,FINISHED GOODS,STORE,73201019,NOS,96.3,0,0
A25020,90564-46A058,,SHIM,FG,FINISHED GOODS,STORE,73201019,NOS,96.3,0,0
A25021,90564-46A059,,SHIM,FG,FINISHED GOODS,STORE,73201019,NOS,96.3,0,0
A25022,90564-46A060,,SHIM,FG,FINISHED GOODS,STORE,73201019,NOS,96.3,0,0
A25023,90564-46A061,,SHIM,FG,FINISHED GOODS,STORE,73201019,NOS,96.3,0,0
A25024,90564-46A062,,SHIM,FG,FINISHED GOODS,STORE,73201019,NOS,96.3,0,0
A25025,90564-46A063,,SHIM,FG,FINISHED GOODS,STORE,73201019,NOS,96.3,0,0
A25026,90564-46A064,,SHIM,FG,FINISHED GOODS,STORE,73201019,NOS,96.3,0,0
A25027,90564-46A065,,SHIM,FG,FINISHED GOODS,STORE,73201019,NOS,96.3,0,0
A25028,90564-46A066,,SHIM,FG,FINISHED GOODS,STORE,73201019,NOS,96.3,0,0
A25029,90564-46A067,,SHIM,FG,FINISHED GOODS,STORE,73201019,NOS,96.3,0,0
A25030,90564-46A068,,SHIM,FG,FINISHED GOODS,STORE,73201019,NOS,96.3,0,0
A25031,90564-46A069,,SHIM,FG,FINISHED GOODS,STORE,73201019,NOS,96.3,0,0
A25032,90564-46A070,,SHIM,FG,FINISHED GOODS,STORE,73201019,NOS,96.3,0,0
A25033,90564-46A071,,SHIM,FG,FINISHED GOODS,STORE,73201019,NOS,96.3,0,0
A25034,90564-46A072,,SHIM,FG,FINISHED GOODS,STORE,73201019,NOS,96.3,0,0
A25035,90564-46A073,,SHIM,FG,FINISHED GOODS,STORE,73201019,NOS,113.75,0,0
A25036,90564-46A074,,SHIM,FG,FINISHED GOODS,STORE,73201019,NOS,113.75,0,0
A25037,90564-46A075,,SHIM,FG,FINISHED GOODS,STORE,73201019,NOS,113.75,0,0
A25038,90564-46A076,,SHIM,FG,FINISHED GOODS,STORE,73201019,NOS,113.75,0,0
A25039,90564-46A077,,SHIM,FG,FINISHED GOODS,STORE,73201019,NOS,113.75,0,0
A25040,90564-46A078,,SHIM,FG,FINISHED GOODS,STORE,73201019,NOS,113.75,0,0
A25041,90564-46A079,,SHIM,FG,FINISHED GOODS,STORE,73201019,NOS,113.75,0,0
A25042,90564-46A080,,SHIM,FG,FINISHED GOODS,STORE,73201019,NOS,113.75,0,0
A25043,90564-46A081,,SHIM,FG,FINISHED GOODS,STORE,73201019,NOS,113.75,0,0
A25044,90564-46A082,,SHIM,FG,FINISHED GOODS,STORE,73201019,NOS,113.75,0,0
A25045,90564-46A083,,SHIM,FG,FINISHED GOODS,STORE,73201019,NOS,113.75,0,0
A25046,90564-46A084,,SHIM,FG,FINISHED GOODS,STORE,73201019,NOS,113.75,0,0
A25047,90564-46A085,,SHIM,FG,FINISHED GOODS,STORE,73201019,NOS,113.75,0,0
A25048,90564-46A086,,SHIM,FG,FINISHED GOODS,STORE,73201019,NOS,113.75,0,0
A25049,90564-46A087,,SHIM,FG,FINISHED GOODS,STORE,73201019,NOS,113.75,0,0
A25050,90564-46A088,,SHIM,FG,FINISHED GOODS,STORE,73201019,NOS,113.75,0,0
A25051,90564-46A089,,SHIM,FG,FINISHED GOODS,STORE,73201019,NOS,113.75,0,0
A25052,90564-46A090,,SHIM,FG,FINISHED GOODS,STORE,73201019,NOS,113.75,0,0
A25053,90564-46A091,,SHIM,FG,FINISHED GOODS,STORE,73201019,NOS,113.75,0,0
A25054,90564-46A092,,SHIM,FG,FINISHED GOODS,STORE,73201019,NOS,113.75,0,0
A25055,90564-46A093,,SHIM,FG,FINISHED GOODS,STORE,73201019,NOS,113.75,0,0
A25056,90564-46A094,,SHIM,FG,FINISHED GOODS,STORE,73201019,NOS,113.75,0,0
A25057,90564-46A095,,SHIM,FG,FINISHED GOODS,STORE,73201019,NOS,113.75,0,0
A25058,90564-46A096,,SHIM,FG,FINISHED GOODS,STORE,73201019,NOS,113.75,0,0
A25059,90564-46A097,,SHIM,FG,FINISHED GOODS,STORE,73201019,NOS,113.75,0,0
A25060,90564-56A176,,SHIM,FG,FINISHED GOODS,STORE,73201019,NOS,110.5,0,0
A25061,90564-56A177,,SHIM,FG,FINISHED GOODS,STORE,73201019,NOS,110.5,0,0
A25062,90564-56A178,,SHIM,FG,FINISHED GOODS,STORE,73201019,NOS,110.5,0,0
A25063,90564-56A179,,SHIM,FG,FINISHED GOODS,STORE,73201019,NOS,110.5,0,0
A25064,90564-56A180,,SHIM,FG,FINISHED GOODS,STORE,73201019,NOS,110.5,0,0
A25065,90564-56A181,,SHIM,FG,FINISHED GOODS,STORE,73201019,NOS,110.5,0,0
A25066,90564-56A182,,SHIM,FG,FINISHED GOODS,STORE,73201019,NOS,110.5,0,0
A25067,90564-56A183,,SHIM,FG,FINISHED GOODS,STORE,73201019,NOS,110.5,0,0
A25068,90564-56A184,,SHIM,FG,FINISHED GOODS,STORE,73201019,NOS,110.5,0,0
A25069,90564-56A185,,SHIM,FG,FINISHED GOODS,STORE,73201019,NOS,110.5,0,0
A25070,90564-56A186,,SHIM,FG,FINISHED GOODS,STORE,73201019,NOS,110.5,0,0
A25071,90564-56A187,,SHIM,FG,FINISHED GOODS,STORE,73201019,NOS,110.5,0,0
A25072,90564-56A188,,SHIM,FG,FINISHED GOODS,STORE,73201019,NOS,110.5,0,0
A25073,90564-56A189,,SHIM,FG,FINISHED GOODS,STORE,73201019,NOS,110.5,0,0
A25074,90564-56A190,,SHIM,FG,FINISHED GOODS,STORE,73201019,NOS,110.5,0,0
A25075,90564-56A191,,SHIM,FG,FINISHED GOODS,STORE,73201019,NOS,110.5,0,0
A25076,90564-56A192,,SHIM,FG,FINISHED GOODS,STORE,73201019,NOS,110.5,0,0
A25077,90564-56A193,,SHIM,FG,FINISHED GOODS,STORE,73201019,NOS,110.5,0,0
A25078,90564-56A194,,SHIM,FG,FINISHED GOODS,STORE,73201019,NOS,110.5,0,0
A25079,90564-56A195,,SHIM,FG,FINISHED GOODS,STORE,73201019,NOS,110.5,0,0
A25080,90564-56A196,,SHIM,FG,FINISHED GOODS,STORE,73201019,NOS,110.5,0,0
A25081,90564-56A197,,SHIM,FG,FINISHED GOODS,STORE,73201019,NOS,110.5,0,0
A25082,90564-56A198,,SHIM,FG,FINISHED GOODS,STORE,73201019,NOS,110.5,0,0
A25083,90564-56A199,,SHIM,FG,FINISHED GOODS,STORE,73201019,NOS,110.5,0,0
A25084,90564-56A200,,SHIM,FG,FINISHED GOODS,STORE,73201019,NOS,110.5,0,0
A25085,90564-56A201,,SHIM,FG,FINISHED GOODS,STORE,73201019,NOS,110.5,0,0
A25086,90564-56A202,,SHIM,FG,FINISHED GOODS,STORE,73201019,NOS,110.5,0,0
A25087,90564-56A204,,SHIM,FG,FINISHED GOODS,STORE,73201019,NOS,110.5,0,0
A25088,90564-56A203,,SHIM,FG,FINISHED GOODS,STORE,73201019,NOS,110.5,0,0
A25089,90564-56A205,,SHIM,FG,FINISHED GOODS,STORE,73201019,NOS,110.5,0,0
A25090,90564-56A206,,SHIM,FG,FINISHED GOODS,STORE,73201019,NOS,110.5,0,0
A25091,90564-56A207,,SHIM,FG,FINISHED GOODS,STORE,73201019,NOS,110.5,0,0
A25092,90564-56A208,,SHIM,FG,FINISHED GOODS,STORE,73201019,NOS,110.5,0,0
A25093,90564-56A209,,SHIM,FG,FINISHED GOODS,STORE,73201019,NOS,110.5,0,0
A25094,90564-56A210,,SHIM,FG,FINISHED GOODS,STORE,73201019,NOS,110.5,0,0
A25095,90564-56A211,,SHIM,FG,FINISHED GOODS,STORE,73201019,NOS,110.5,0,0
A25096,90564-56A212,,SHIM,FG,FINISHED GOODS,STORE,73201019,NOS,110.5,0,0
A25097,90564-56A213,,SHIM,FG,FINISHED GOODS,STORE,73201019,NOS,110.5,0,0
A25098,90564-56A214,,SHIM,FG,FINISHED GOODS,STORE,73201019,NOS,110.5,0,0
A25099,90564-56A215,,SHIM,FG,FINISHED GOODS,STORE,73201019,NOS,110.5,0,0
A25100,90564-56A216,,SHIM,FG,FINISHED GOODS,STORE,73201019,NOS,110.5,0,0
A25101,90564-56A217,,SHIM,FG,FINISHED GOODS,STORE,73201019,NOS,110.5,0,0
A25102,90564-56A218,,SHIM,FG,FINISHED GOODS,STORE,73201019,NOS,110.5,0,0
A25103,90564-56A219,,SHIM,FG,FINISHED GOODS,STORE,73201019,NOS,110.5,0,0
A25104,90564-56A220,,SHIM,FG,FINISHED GOODS,STORE,73201019,NOS,110.5,0,0
A25105,90564-56A221,,SHIM,FG,FINISHED GOODS,STORE,73201019,NOS,110.5,0,0
A25106,90331-27A001,,PLUG TIGHT,FG,FINISHED GOODS,STORE,73201019,NOS,24.5,0,0
A26003,BLWS101,,WAVY WASHER,FG,FINISHED GOODS,STORE,73182200,NOS,1.95,0,0
A26004,STPW0101,,PLAETARY GEAR WASHER-1,FG,FINISHED GOODS,STORE,73182200,NOS,3.45,0,0
A26005,STPW0102,,PLANETARY GEAR WASHER -2,FG,FINISHED GOODS,STORE,73182200,NOS,3.75,0,0
A26006,STPW0103,,PLANETARY GEAR WASHER-3,FG,FINISHED GOODS,STORE,73182200,NOS,7,0,0
A26007,STCL0101,,CIRCLIP-INTERNAL,FG,FINISHED GOODS,STORE,73182910,NOS,8.5,0,0
A26008,STLC0102,,CIRCLIP-EXTERNAL,FG,FINISHED GOODS,STORE,73182910,NOS,3.25,0,0
A27002,AE/FP/05/03,,ECCENTRIC RING (GRINDING ONLY),FG,FINISHED GOODS,STORE,998898,NOS,9.5,0,0
A27003,AE/FP/05/04,,CARRIER PLATE(GRINDING ONLY),FG,FINISHED GOODS,STORE,998898,NOS,8.75,0,0
A27005,AE/FP/06/03,,ECCENTRIC RING (GRINDING ONLY),FG,FINISHED GOODS,STORE,998898,NOS,9.5,0,0
A27006,AE/FP/06/04,,CARRIER PLATE (GRINDING ONLY),FG,FINISHED GOODS,STORE,998898,NOS,8.75,0,0
A27008,AE/FP/06/04,,ECCENRIC RING GRINDING ONLY,FG,FINISHED GOODS,STORE,998898,NOS,9.5,0,0
A27009,AE/FP/07/04,,CARRIER PLATE 4.390 TO 4.395mm,FG,FINISHED GOODS,STORE,998898,NOS,8.75,0,0
A27012,AE/FP/06/05,,WAVE WAS. 12.2X21,FG,FINISHED GOODS,STORE,73182200,NOS,0.1,0,0
AST0,,,CEILING FAN,Asset,OTHERS,PIANO STORE,29051100,NOS,0,1,0
AST1,,,ALUMINIUM LADDER,Asset,OTHERS,PIANO STORE,76169099,NOS,0,1,0
ASTIT0,,,MONITOR,Asset,IT SPARES,PIANO STORE,29051100,NOS,0,1,0
ASTIT1,,,PEN DRIVE,Asset,IT SPARES,PIANO STORE,29051100,NOS,0,1,0
ASTIT2,,,CPU TROLLY,Asset,IT SPARES,PIANO STORE,27101980,NOS,0,1,0
ASTMC1,ASTMC1,,Bearing NSK 7012 CTYNDULP D,Asset,MACHINE SPARE,STORE,27101980,NOS,0,0,0
ASTMC10,ASTMC10,,Bearing NU 210 (NTN),Asset,MACHINE SPARE,STORE,27101980,NOS,0,0,0
ASTMC100,ASTMC100,,"NTN UCFS 310 D1, for use-SM. piano Barrel Bearing",Asset,MACHINE SPARE,STORE,27101980,NOS,0,0,0
ASTMC101,ASTMC101,,"UCFS 312, for use-SM. piano center bearing",Asset,MACHINE SPARE,STORE,27101980,NOS,0,0,0
ASTMC102,ASTMC102,,CF. CHE-3B-40L. Bearing Flange,Asset,MACHINE SPARE,STORE,27101980,NOS,0,0,0
ASTMC103,ASTMC103,,CHE-3B-40L. Center Arm,Asset,MACHINE SPARE,STORE,27101980,NOS,0,0,0
ASTMC104,ASTMC104,,CHE-3B-40L. Barrel Arm,Asset,MACHINE SPARE,STORE,27101980,NOS,0,0,0
ASTMC105,ASTMC105,,CHE-3B-240L. Center Arm,Asset,MACHINE SPARE,STORE,27101980,NOS,0,0,0
ASTMC106,ASTMC106,,CHE-3B-240L. Barrel Bearing Arm,Asset,MACHINE SPARE,STORE,27101980,NOS,0,0,0
ASTMC107,ASTMC107,,Drum drayar-Bearing shaf Roller,Asset,MACHINE SPARE,STORE,27101980,NOS,0,0,0
ASTMC108,ASTMC108,,Drum Drayar bearing shaf Roller,Asset,MACHINE SPARE,STORE,27101980,NOS,0,0,0
ASTMC109,ASTMC109,,drum drayar outer ring,Asset,MACHINE SPARE,STORE,27101980,NOS,0,0,0
ASTMC11,ASTMC11,,Bearing 7210 B (NTN),Asset,MACHINE SPARE,STORE,27101980,NOS,0,0,0
ASTMC110,ASTMC110,,SPRING HEARTH PLATE,Asset,MACHINE SPARE,STORE,27101980,NOS,0,0,0
ASTMC111,ASTMC111,,LIMIT SWITCH (CAT NO NLLA) FOR USE HTR,Asset,MACHINE SPARE,STORE,27101980,NOS,0,0,0
ASTMC112,ASTMC112,,5 WAY SOLENOID VALAVE ( PVS4012G25A1),Asset,MACHINE SPARE,STORE,27101980,NOS,0,0,0
ASTMC113,ASTMC113,,FLOW CONTROL VALVE MODEL PVQO12 G1,Asset,MACHINE SPARE,STORE,27101980,NOS,0,0,0
ASTMC114,ASTMC114,,QUICK EXHAUST VALAVE MODEL PVQE012 G1,Asset,MACHINE SPARE,STORE,27101980,NOS,0,0,0
ASTMC115,ASTMC115,,CYLINDER CUP SEAL,Asset,MACHINE SPARE,STORE,27101980,NOS,0,0,0
ASTMC116,ASTMC116,,"ALLEN NUT /BOLT SIZE 3/8"" X 3""",Asset,MACHINE SPARE,STORE,27101980,NOS,0,0,0
ASTMC117,ASTMC117,,"ALLEN NUT/BOLT 1/2"" X 5""",Asset,MACHINE SPARE,STORE,27101980,NOS,0,0,0
ASTMC118,ASTMC118,,FUSE -32 A FOR USE PENAL,Asset,MACHINE SPARE,STORE,27101980,NOS,0,0,0
ASTMC119,ASTMC119,,FUSE PROTISTOR 690 V 80 A FOR USE PENAL,Asset,MACHINE SPARE,STORE,27101980,NOS,0,0,0
ASTMC12,ASTMC12,,Bearing 7210-B-XL-TVP,Asset,MACHINE SPARE,STORE,27101980,NOS,0,0,0
ASTMC120,ASTMC120,,BLIND TEMPRETURE CONTROLLER MODEL C961,Asset,MACHINE SPARE,STORE,27101980,NOS,0,0,0
ASTMC121,ASTMC121,,BEARING UCP 204,Asset,MACHINE SPARE,STORE,27101980,NOS,0,0,0
ASTMC122,ASTMC122,,BEARING UCP 205 D1,Asset,MACHINE SPARE,STORE,27101980,NOS,0,0,0
ASTMC123,ASTMC123,,BEARING UCT 205 ( WASHING UNITS),Asset,MACHINE SPARE,STORE,27101980,NOS,0,0,0
ASTMC124,ASTMC124,,BEARING UCT 206 ( WASHING UNITS),Asset,MACHINE SPARE,STORE,27101980,NOS,0,0,0
ASTMC125,ASTMC125,,CYLINDAR ( BUSH GUNMATAL) FOR USE CYLINDER BRACKET,Asset,MACHINE SPARE,STORE,27101980,NOS,0,0,0
ASTMC126,ASTMC126,,PNEUMATICS CYLINDER,Asset,MACHINE SPARE,STORE,27101980,NOS,0,0,0
ASTMC127,ASTMC127,,HEARTH PLATE ARM,Asset,MACHINE SPARE,STORE,27101980,NOS,0,0,0
ASTMC128,ASTMC128,,THERMOCUPLE,Asset,MACHINE SPARE,STORE,27101980,NOS,0,0,0
ASTMC129,ASTMC129,,HARDNING FURNACE HEATING COILS,Asset,MACHINE SPARE,STORE,27101980,NOS,0,0,0
ASTMC13,ASTMC13,,Ntn needle roller bearing NTN FF 2025 ZW,Asset,MACHINE SPARE,STORE,27101980,NOS,0,0,0
ASTMC130,ASTMC130,,OXYPROBE,Asset,MACHINE SPARE,STORE,27101980,NOS,0,0,0
ASTMC131,ASTMC131,,HEATH PLATE,Asset,MACHINE SPARE,STORE,27101980,NOS,0,0,0
ASTMC132,ASTMC132,,THERMOCUPLE FOR AUSTEMPERING FURNACE,Asset,MACHINE SPARE,STORE,27101980,NOS,0,0,0
ASTMC133,ASTMC133,,ENDO AIR BLOWER 0.85 KW-2940RPM MODEL :2HB410-H16 FOR AUSTEMPERING,Asset,MACHINE SPARE,STORE,27101980,NOS,0,0,0
ASTMC134,ASTMC134,,SALT CONVEYOR HEATER FOR AUSTEMPERING,Asset,MACHINE SPARE,STORE,27101980,NOS,0,0,0
ASTMC135,ASTMC135,,OXYGEN PROBE -870MM LONG FOR AUSTEMPERING,Asset,MACHINE SPARE,STORE,27101980,NOS,0,0,0
ASTMC136,ASTMC136,,NTN BEARING 6009 -02 C3 FOR AUSTEMPEING FURNACE,Asset,MACHINE SPARE,STORE,27101980,NOS,0,0,0
ASTMC137,ASTMC137,,BEARING NTN P-205 FOR AUSTEMPERING,Asset,MACHINE SPARE,STORE,27101980,NOS,0,0,0
ASTMC138,ASTMC138,,BEARING NTN P-206 FOR AUSTEMPERING,Asset,MACHINE SPARE,STORE,27101980,NOS,0,0,0
ASTMC139,ASTMC139,,BEARING NTN FC -208 FOR AUSTEMPERING,Asset,MACHINE SPARE,STORE,27101980,NOS,0,0,0
ASTMC14,ASTMC14,,Bearing NTN NJ 215,Asset,MACHINE SPARE,STORE,27101980,NOS,0,0,0
ASTMC140,ASTMC140,,MAIN SALT TANK HEATER -4 KW FOR AUSTEMPERING,Asset,MACHINE SPARE,STORE,27101980,NOS,0,0,0
ASTMC141,ASTMC141,,TIMER CONTROLLER,Asset,MACHINE SPARE,STORE,27101980,NOS,0,0,0
ASTMC142,ASTMC142,,TEMPRETURE CONTROLLER,Asset,MACHINE SPARE,STORE,27101980,NOS,0,0,0
ASTMC143,ASTMC143,,SALT CONVEYOR HEATER WIRE 4 MM OD FOR AUSTEMPERING,Asset,MACHINE SPARE,STORE,27101980,NOS,0,0,0
ASTMC144,ASTMC144,,Clutch Brake Liner & Rivet CCB 100,Asset,MACHINE SPARE,STORE,27101980,NOS,0,0,0
ASTMC145,ASTMC145,,Clutch Brake Liner & Rivet CCB 200,Asset,MACHINE SPARE,STORE,27101980,NOS,0,0,0
ASTMC146,ASTMC146,,Spring - ø16 x ID-11 x L-60 x pitch 2.5,Asset,MACHINE SPARE,STORE,27101980,NOS,0,0,0
ASTMC147,ASTMC147,,Spring - ø18 x ID-12 x L-64 x pitch 3,Asset,MACHINE SPARE,STORE,27101980,NOS,0,0,0
ASTMC148,ASTMC148,,Clutch Brake Liner & Rivet CCB 400,Asset,MACHINE SPARE,STORE,27101980,NOS,0,0,0
ASTMC149,ASTMC149,,Clutch Brake Liner & Rivet CCB 600,Asset,MACHINE SPARE,STORE,27101980,NOS,0,0,0
ASTMC15,ASTMC15,,Bearing NTN NJ-213,Asset,MACHINE SPARE,STORE,27101980,NOS,0,0,0
ASTMC150,ASTMC150,,Spring - ø32 x ID-23 x L-104 x pitch,Asset,MACHINE SPARE,STORE,27101980,NOS,0,0,0
ASTMC151,ASTMC151,,Teflon Bush 25T,Asset,MACHINE SPARE,STORE,27101980,NOS,0,0,0
ASTMC152,ASTMC152,,Teflon Bush 110T / 60T,Asset,MACHINE SPARE,STORE,27101980,NOS,0,0,0
ASTMC153,ASTMC153,,SMC Regulator AR40-04B-B 1/2',Asset,MACHINE SPARE,STORE,27101980,NOS,0,0,0
ASTMC154,ASTMC154,,SMC Regulator AR20-02 H-B 1/4,Asset,MACHINE SPARE,STORE,27101980,NOS,0,0,0
ASTMC155,ASTMC155,,NRV SMC - AK 4000-04,Asset,MACHINE SPARE,STORE,27101980,NOS,0,0,0
ASTMC156,ASTMC156,,NRV SMC -,Asset,MACHINE SPARE,STORE,27101980,NOS,0,0,0
ASTMC157,ASTMC157,,Clutch Brake Liner & Rivet CCB 800,Asset,MACHINE SPARE,STORE,27101980,NOS,0,0,0
ASTMC158,ASTMC158,,Spring ø29 x id 21 x l86 x pinch 4.5 mm ccb-400,Asset,MACHINE SPARE,STORE,27101980,NOS,0,0,0
ASTMC159,ASTMC159,,L Key Spring 5 ton,Asset,MACHINE SPARE,STORE,27101980,NOS,0,0,0
ASTMC16,ASTMC16,,Bearing SKF NU-213 ECP,Asset,MACHINE SPARE,STORE,27101980,NOS,0,0,0
ASTMC160,ASTMC160,,L Key Spring,Asset,MACHINE SPARE,STORE,27101980,NOS,0,0,0
ASTMC161,ASTMC161,,L Key Spring 100T,Asset,MACHINE SPARE,STORE,27101980,NOS,0,0,0
ASTMC162,ASTMC162,,L Key Spring 50T,Asset,MACHINE SPARE,STORE,27101980,NOS,0,0,0
ASTMC163,ASTMC163,,Flywheel Shafting Bearing NU 2311,Asset,MACHINE SPARE,STORE,27101980,NOS,0,0,0
ASTMC164,ASTMC164,,ABPL 22218 MBW33C3,Asset,MACHINE SPARE,STORE,27101980,NOS,0,0,0
ASTMC165,ASTMC165,,ZKL 22217 EW33,Asset,MACHINE SPARE,STORE,27101980,NOS,0,0,0
ASTMC166,ASTMC166,,TIMKEN 22215 EJW33C3,Asset,MACHINE SPARE,STORE,27101980,NOS,0,0,0
ASTMC167,ASTMC167,,NTN NU 215 C3,Asset,MACHINE SPARE,STORE,27101980,NOS,0,0,0
ASTMC168,ASTMC168,,Oil Seal,Asset,MACHINE SPARE,STORE,27101980,NOS,0,0,0
ASTMC169,ASTMC169,,U Seal UHS 140 x 160 x14.5,Asset,MACHINE SPARE,STORE,27101980,NOS,0,0,0
ASTMC17,ASTMC17,,Bearing SKF VKBC 1000 (30213),Asset,MACHINE SPARE,STORE,27101980,NOS,0,0,0
ASTMC170,ASTMC170,,U Seal UHS 140 x 160 x15,Asset,MACHINE SPARE,STORE,27101980,NOS,0,0,0
ASTMC171,ASTMC171,,U Seal UHS 195 x 110 x9,Asset,MACHINE SPARE,STORE,27101980,NOS,0,0,0
ASTMC172,ASTMC172,,U Seal UHS 160 x 180 x15,Asset,MACHINE SPARE,STORE,27101980,NOS,0,0,0
ASTMC173,ASTMC173,,U Seal UHS 125 x 140 x 15,Asset,MACHINE SPARE,STORE,27101980,NOS,0,0,0
ASTMC174,ASTMC174,,U Seal UHS 200 x 220 x 12,Asset,MACHINE SPARE,STORE,27101980,NOS,0,0,0
ASTMC175,ASTMC175,,U Seal VHS 210 x 240 x 18,Asset,MACHINE SPARE,STORE,27101980,NOS,0,0,0
ASTMC176,ASTMC176,,Oil Seal 140 x170 x 19 - For SEW 63 ton,Asset,MACHINE SPARE,STORE,27101980,NOS,0,0,0
ASTMC177,ASTMC177,,U seal CCB 800,Asset,MACHINE SPARE,STORE,27101980,NOS,0,0,0
ASTMC178,ASTMC178,,Top Air Model Seal Kit,Asset,MACHINE SPARE,STORE,27101980,NOS,0,0,0
ASTMC179,ASTMC179,,ROSS Air Solenoid Valve Kits,Asset,MACHINE SPARE,STORE,27101980,NOS,0,0,0
ASTMC18,ASTMC18,,Bearing SKF 30215 J2/QCLN,Asset,MACHINE SPARE,STORE,27101980,NOS,0,0,0
ASTMC180,ASTMC180,,Top Air Coils / Pilot,Asset,MACHINE SPARE,STORE,27101980,NOS,0,0,0
ASTMC181,ASTMC181,,Shearing Mounting Plate,Asset,MACHINE SPARE,STORE,27101980,NOS,0,0,0
ASTMC182,ASTMC182,,Shearing Plate Bansal 25T,Asset,MACHINE SPARE,STORE,27101980,NOS,0,0,0
ASTMC183,ASTMC183,,Shearing Plate SEW 40T,Asset,MACHINE SPARE,STORE,27101980,NOS,0,0,0
ASTMC184,ASTMC184,,Cam Switch Z-15GW22613-B,Asset,MACHINE SPARE,STORE,27101980,NOS,0,0,0
ASTMC185,ASTMC185,,Foot Pedal Switch,Asset,MACHINE SPARE,STORE,27101980,NOS,0,0,0
ASTMC186,ASTMC186,,Foto Guard Connector,Asset,MACHINE SPARE,STORE,27101980,NOS,0,0,0
ASTMC187,ASTMC187,,Connector 6 Pin,Asset,MACHINE SPARE,STORE,27101980,NOS,0,0,0
ASTMC188,ASTMC188,,Connector 4 Pin,Asset,MACHINE SPARE,STORE,27101980,NOS,0,0,0
ASTMC189,ASTMC189,,Power Supply OMRON S8FS-C10024J,Asset,MACHINE SPARE,STORE,27101980,NOS,0,0,0
ASTMC19,ASTMC19,,Carbon Ø 16 / Ø 26,Asset,MACHINE SPARE,STORE,27101980,NOS,0,0,0
ASTMC190,ASTMC190,,Proximity Sensor 530POF,Asset,MACHINE SPARE,STORE,27101980,NOS,0,0,0
ASTMC191,ASTMC191,,Teknic Sensor EGT 12x02-AP024,Asset,MACHINE SPARE,STORE,27101980,NOS,0,0,0
ASTMC192,ASTMC192,,Om Ron Sensor E2B - M18K S08 - WP-B1,Asset,MACHINE SPARE,STORE,27101980,NOS,0,0,0
ASTMC193,ASTMC193,,Countroller Multispan CT-566-131-02,Asset,MACHINE SPARE,STORE,27101980,NOS,0,0,0
ASTMC194,ASTMC194,,SZR LY2-N1 Coil,Asset,MACHINE SPARE,STORE,27101980,NOS,0,0,0
ASTMC195,ASTMC195,,MY 4N-GS Coil,Asset,MACHINE SPARE,STORE,27101980,NOS,0,0,0
ASTMC196,ASTMC196,,JQX-13F (LY2NS) Coil,Asset,MACHINE SPARE,STORE,27101980,NOS,0,0,0
ASTMC197,ASTMC197,,MY 2N-GS Coil,Asset,MACHINE SPARE,STORE,27101980,NOS,0,0,0
ASTMC198,ASTMC198,,HH 52P (MY2NJ) Coil,Asset,MACHINE SPARE,STORE,27101980,NOS,0,0,0
ASTMC199,ASTMC199,,Coil AC176,Asset,MACHINE SPARE,STORE,27101980,NOS,0,0,0
ASTMC2,ASTMC2,,Bearing NSK 7018 CDVL,Asset,MACHINE SPARE,STORE,27101980,NOS,0,0,0
ASTMC20,ASTMC20,,Spring,Asset,MACHINE SPARE,STORE,27101980,NOS,0,0,0
ASTMC200,ASTMC200,,LM/1-DC-12V Leone (5pin),Asset,MACHINE SPARE,STORE,27101980,NOS,0,0,0
ASTMC201,ASTMC201,,Takamisawa NY 24W-K,Asset,MACHINE SPARE,STORE,27101980,NOS,0,0,0
ASTMC202,ASTMC202,,STAFILazar Card LT-103,Asset,MACHINE SPARE,STORE,27101980,NOS,0,0,0
ASTMC203,ASTMC203,,YPC 200-CPV-U1-2 Card,Asset,MACHINE SPARE,STORE,27101980,NOS,0,0,0
ASTMC204,ASTMC204,,Proximity Sensor PR12,Asset,MACHINE SPARE,STORE,27101980,NOS,0,0,0
ASTMC205,ASTMC205,,Proximity Sensor PRCM -12,Asset,MACHINE SPARE,STORE,27101980,NOS,0,0,0
ASTMC206,ASTMC206,,Proximity Sensor JG-GF12,Asset,MACHINE SPARE,STORE,27101980,NOS,0,0,0
ASTMC207,ASTMC207,,Sensor Cable 3 Core,Asset,MACHINE SPARE,STORE,27101980,NOS,0,0,0
ASTMC208,ASTMC208,,Proximity Sensor PR-08,Asset,MACHINE SPARE,STORE,27101980,NOS,0,0,0
ASTMC209,ASTMC209,,Solenoid Valve,Asset,MACHINE SPARE,STORE,27101980,NOS,0,0,0
ASTMC21,ASTMC21,,Regulator Model ASK,Asset,MACHINE SPARE,STORE,27101980,NOS,0,0,0
ASTMC210,ASTMC210,,Liner Motion System N-35,Asset,MACHINE SPARE,STORE,27101980,NOS,0,0,0
ASTMC211,ASTMC211,,RNA -4904 ROLLER BEARING,Asset,MACHINE SPARE,STORE,27101980,NOS,0,0,0
ASTMC212,ASTMC212,,IKO NART 20 VR,Asset,MACHINE SPARE,STORE,27101980,NOS,0,0,0
ASTMC213,ASTMC213,,NATV 10-PPA voke CAM follower,Asset,MACHINE SPARE,STORE,27101980,NOS,0,0,0
ASTMC214,ASTMC214,,IKO Roller Bearing / Needle Roller Bearing,Asset,MACHINE SPARE,STORE,27101980,NOS,0,0,0
ASTMC215,ASTMC215,,Bearing Bush,Asset,MACHINE SPARE,STORE,27101980,NOS,0,0,0
ASTMC216,ASTMC216,,IKO CF-12-1B (6) Cam Follower,Asset,MACHINE SPARE,STORE,27101980,NOS,0,0,0
ASTMC217,ASTMC217,,Pin,Asset,MACHINE SPARE,STORE,27101980,NOS,0,0,0
ASTMC218,ASTMC218,,Bearing NK 10/12 JNS,Asset,MACHINE SPARE,STORE,27101980,NOS,0,0,0
ASTMC219,ASTMC219,,Needle Roller Bearing IKO,Asset,MACHINE SPARE,STORE,27101980,NOS,0,0,0
ASTMC22,ASTMC22,,Bearing NTN 30206 (NTN+SKF),Asset,MACHINE SPARE,STORE,27101980,NOS,0,0,0
ASTMC220,ASTMC220,,Multiforming Inactive M/C Feeder Fitting Spare,Asset,MACHINE SPARE,STORE,27101980,NOS,0,0,0
ASTMC221,ASTMC221,,Feeder 'O' Ring Set MS,Asset,MACHINE SPARE,STORE,27101980,NOS,0,0,0
ASTMC222,ASTMC222,,Feeder 'O' Ring Set EM,Asset,MACHINE SPARE,STORE,27101980,NOS,0,0,0
ASTMC223,ASTMC223,,PlungAr,Asset,MACHINE SPARE,STORE,27101980,NOS,0,0,0
ASTMC224,ASTMC224,,Brass LBO,Asset,MACHINE SPARE,STORE,27101980,NOS,0,0,0
ASTMC225,ASTMC225,,EV Assembly,Asset,MACHINE SPARE,STORE,27101980,NOS,0,0,0
ASTMC226,ASTMC226,,Screw,Asset,MACHINE SPARE,STORE,27101980,NOS,0,0,0
ASTMC227,ASTMC227,,Feeder Plunger Catrej,Asset,MACHINE SPARE,STORE,27101980,NOS,0,0,0
ASTMC228,ASTMC228,,Hydraulic Green 'o' ring,Asset,MACHINE SPARE,STORE,27101980,NOS,0,0,0
ASTMC229,ASTMC229,,Pressure Control Valve,Asset,MACHINE SPARE,STORE,27101980,NOS,0,0,0
ASTMC23,ASTMC23,,Bearing SKF 30207 J2/Q,Asset,MACHINE SPARE,STORE,27101980,NOS,0,0,0
ASTMC230,ASTMC230,,Cup Seal Sunsng-,Asset,MACHINE SPARE,STORE,27101980,NOS,0,0,0
ASTMC231,ASTMC231,,Ferul,Asset,MACHINE SPARE,STORE,27101980,NOS,0,0,0
ASTMC232,ASTMC232,,Limit Switch,Asset,MACHINE SPARE,STORE,27101980,NOS,0,0,0
ASTMC233,ASTMC233,,Auto Power Cup Seal,Asset,MACHINE SPARE,STORE,27101980,NOS,0,0,0
ASTMC234,ASTMC234,,Silencer for DVX-15,Asset,MACHINE SPARE,STORE,27101980,NOS,0,0,0
ASTMC235,ASTMC235,,Stroke Gear 110T,Asset,MACHINE SPARE,STORE,27101980,NOS,0,0,0
ASTMC236,ASTMC236,,Stroke Gear 60T,Asset,MACHINE SPARE,STORE,27101980,NOS,0,0,0
ASTMC237,ASTMC237,,Stroke Gear 25T,Asset,MACHINE SPARE,STORE,27101980,NOS,0,0,0
ASTMC238,ASTMC238,,Bevel Gear Mix,Asset,MACHINE SPARE,STORE,27101980,NOS,0,0,0
ASTMC239,ASTMC239,,Ball Screw,Asset,MACHINE SPARE,STORE,27101980,NOS,0,0,0
ASTMC24,ASTMC24,,Bearing SKF 30208 J2/Q,Asset,MACHINE SPARE,STORE,27101980,NOS,0,0,0
ASTMC240,ASTMC240,,SEW Press IO Card P-2415,Asset,MACHINE SPARE,STORE,27101980,NOS,0,0,0
ASTMC241,ASTMC241,,Bansal Press IO Card NE 08 IX,Asset,MACHINE SPARE,STORE,27101980,NOS,0,0,0
ASTMC242,ASTMC242,,Bansal Press IO Card NE 08 DX,Asset,MACHINE SPARE,STORE,27101980,NOS,0,0,0
ASTMC243,ASTMC243,,Bansal Press IO Card NE 16 DX,Asset,MACHINE SPARE,STORE,27101980,NOS,0,0,0
ASTMC244,ASTMC244,,"SMC FRL AC 20A -F02-D MAX -PR 1.0 MPA SIZE 1/4""",Asset,MACHINE SPARE,STORE,27101980,NOS,0,0,0
ASTMC245,ASTMC245,,Pressure Switch Baumer VT-10 OA No. 0435,Asset,MACHINE SPARE,STORE,27101980,NOS,0,0,0
ASTMC246,ASTMC246,,Solenoid Valve - Electro Pneumatic Model: PVS3014GPPAINC1-2-10 BAR 160TON SEW,Asset,MACHINE SPARE,STORE,27101980,NOS,0,0,0
ASTMC247,ASTMC247,,SMC Valve VT307-05G1-02.F Bansal Press Hydraulic,Asset,MACHINE SPARE,STORE,27101980,NOS,0,0,0
ASTMC248,ASTMC248,,Studs - 12 MM for SEW 40T,Asset,MACHINE SPARE,STORE,27101980,NOS,0,0,0
ASTMC249,ASTMC249,,Lock Washer MB-18,Asset,MACHINE SPARE,STORE,27101980,NOS,0,0,0
ASTMC25,ASTMC25,,Bearing 4T 3028,Asset,MACHINE SPARE,STORE,27101980,NOS,0,0,0
ASTMC250,ASTMC250,,Lock Washer MB-13,Asset,MACHINE SPARE,STORE,27101980,NOS,0,0,0
ASTMC251,ASTMC251,,"Oil Indicator 1""",Asset,MACHINE SPARE,STORE,27101980,NOS,0,0,0
ASTMC252,ASTMC252,,Oil Indicator FLG-6-03,Asset,MACHINE SPARE,STORE,27101980,NOS,0,0,0
ASTMC253,ASTMC253,,Cylinder U Seal Kit Luthra - 50103-SK,Asset,MACHINE SPARE,STORE,27101980,NOS,0,0,0
ASTMC254,ASTMC254,,Free Wheel 18T Dicolor,Asset,MACHINE SPARE,STORE,27101980,NOS,0,0,0
ASTMC255,ASTMC255,,"Hydraulic Hose Pipe 1/2"" x 1/2""",Asset,MACHINE SPARE,STORE,27101980,NOS,0,0,0
ASTMC256,ASTMC256,,U Seal CCB 100,Asset,MACHINE SPARE,STORE,27101980,NOS,0,0,0
ASTMC257,ASTMC257,,U Seal CCB 200,Asset,MACHINE SPARE,STORE,27101980,NOS,0,0,0
ASTMC258,ASTMC258,,U Seal CCB 400,Asset,MACHINE SPARE,STORE,27101980,NOS,0,0,0
ASTMC259,ASTMC259,,U Seal CCB 600,Asset,MACHINE SPARE,STORE,27101980,NOS,0,0,0
ASTMC26,ASTMC26,,Bearing NTN NJ -206,Asset,MACHINE SPARE,STORE,27101980,NOS,0,0,0
ASTMC260,ASTMC260,,Oil Seal 230 X 260 X 15 for sew 40 ton,Asset,MACHINE SPARE,STORE,27101980,NOS,0,0,0
ASTMC261,ASTMC261,,Oil Seal 280 X 320 X 20,Asset,MACHINE SPARE,STORE,27101980,NOS,0,0,0
ASTMC262,ASTMC262,,Oil Seal 340 X 380 X 10,Asset,MACHINE SPARE,STORE,27101980,NOS,0,0,0
ASTMC263,ASTMC263,,Oil Seal 300 X 340 X 18,Asset,MACHINE SPARE,STORE,27101980,NOS,0,0,0
ASTMC264,ASTMC264,,Multiforming Feeder Rod,Asset,MACHINE SPARE,STORE,27101980,NOS,0,0,0
ASTMC265,ASTMC265,,Bansal Stroke Brass Gear 55 teeth,Asset,MACHINE SPARE,STORE,27101980,NOS,0,0,0
ASTMC266,ASTMC266,,Bansal Stroke Brass Gear 64 teeth,Asset,MACHINE SPARE,STORE,27101980,NOS,0,0,0
ASTMC267,ASTMC267,,Clutch Mounting Plate Spring,Asset,MACHINE SPARE,STORE,27101980,NOS,0,0,0
ASTMC268,ASTMC268,,Omkar M/C Foto Sensor,Asset,MACHINE SPARE,STORE,27101980,NOS,0,0,0
ASTMC269,ASTMC269,,MAC Valves Europe INC Hydraulic Parts,Asset,MACHINE SPARE,STORE,27101980,NOS,0,0,0
ASTMC27,ASTMC27,,Bearing NTN NJ-207,Asset,MACHINE SPARE,STORE,27101980,NOS,0,0,0
ASTMC28,ASTMC28,,Universal Coupling,Asset,MACHINE SPARE,STORE,27101980,NOS,0,0,0
ASTMC29,ASTMC29,,Feeder Gear,Asset,MACHINE SPARE,STORE,27101980,NOS,0,0,0
ASTMC3,ASTMC3,,Oil Seal 95-120-13,Asset,MACHINE SPARE,STORE,27101980,NOS,0,0,0
ASTMC30,ASTMC30,,Bearing NTN 4T-3208,Asset,MACHINE SPARE,STORE,27101980,NOS,0,0,0
ASTMC31,ASTMC31,,Bearing SKF VKBC 1002 (32205),Asset,MACHINE SPARE,STORE,27101980,NOS,0,0,0
ASTMC32,ASTMC32,,Bearing SKF 32020,Asset,MACHINE SPARE,STORE,27101980,NOS,0,0,0
ASTMC33,ASTMC33,,Bearing SKF BT1-0545A (30212),Asset,MACHINE SPARE,STORE,27101980,NOS,0,0,0
ASTMC34,ASTMC34,,Oil Seal - 170-200-13,Asset,MACHINE SPARE,STORE,27101980,NOS,0,0,0
ASTMC35,ASTMC35,,Oil Seal - 170-200-15,Asset,MACHINE SPARE,STORE,27101980,NOS,0,0,0
ASTMC36,ASTMC36,,Vello w,Asset,MACHINE SPARE,STORE,27101980,NOS,0,0,0
ASTMC37,ASTMC37,,Warm Gear,Asset,MACHINE SPARE,STORE,27101980,NOS,0,0,0
ASTMC38,ASTMC38,,Hydraulic Parts OP-3015 E,Asset,MACHINE SPARE,STORE,27101980,NOS,0,0,0
ASTMC39,ASTMC39,,kluber lubrication nbu -15,Asset,MACHINE SPARE,STORE,27101980,NOS,0,0,0
ASTMC4,ASTMC4,,Bearing RHP 7012 CTRDUMP3,Asset,MACHINE SPARE,STORE,27101980,NOS,0,0,0
ASTMC40,ASTMC40,,FAG Bearing -2309- E -YLTVP 2 for use vib,Asset,MACHINE SPARE,STORE,27101980,NOS,0,0,0
ASTMC41,ASTMC41,,Bearing NTN 305 For use Sepretor,Asset,MACHINE SPARE,STORE,27101980,NOS,0,0,0
ASTMC42,ASTMC42,,Bearing NTN 2308 For use Vibrator,Asset,MACHINE SPARE,STORE,27101980,NOS,0,0,0
ASTMC43,ASTMC43,,Bearing Timken 22311 For use Vibrator,Asset,MACHINE SPARE,STORE,27101980,NOS,0,0,0
ASTMC44,ASTMC44,,Bearing FAG NU 310 For use Vibrator,Asset,MACHINE SPARE,STORE,27101980,NOS,0,0,0
ASTMC45,ASTMC45,,Bearing NACHI 22314 For use Vibrator,Asset,MACHINE SPARE,STORE,27101980,NOS,0,0,0
ASTMC46,ASTMC46,,Bearing FAG NU 312 For use Vibrator,Asset,MACHINE SPARE,STORE,27101980,NOS,0,0,0
ASTMC47,ASTMC47,,LIMIT SWITCH HONEYWELL For use CF. CHE 3B,Asset,MACHINE SPARE,STORE,27101980,NOS,0,0,0
ASTMC48,ASTMC48,,Sensor standard For use Honon CF,Asset,MACHINE SPARE,STORE,27101980,NOS,0,0,0
ASTMC49,ASTMC49,,Sensor Festo SMT-8M-A-P For use CF. Cylinder,Asset,MACHINE SPARE,STORE,27101980,NOS,0,0,0
ASTMC5,ASTMC5,,Bearing FAG NU 1010-XL-M1,Asset,MACHINE SPARE,STORE,27101980,NOS,0,0,0
ASTMC50,ASTMC50,,Sensor Pneumax Part No. 15 For use CF. Cylinder,Asset,MACHINE SPARE,STORE,27101980,NOS,0,0,0
ASTMC51,ASTMC51,,Solid State Rectifier For use CF. CHE 3B,Asset,MACHINE SPARE,STORE,27101980,NOS,0,0,0
ASTMC52,ASTMC52,,Festo HFE-D-MINI-2 (Mat No. 172956 ON/OFF) General Maintenance,Asset,MACHINE SPARE,STORE,27101980,NOS,0,0,0
ASTMC53,ASTMC53,,"Cylinder Mounting B.K.T. Front, for use-cf. door cylinder",Asset,MACHINE SPARE,STORE,27101980,NOS,0,0,0
ASTMC54,ASTMC54,,"Cylinder Mounting B.K.T. Back side, for use-CF. door cylinder",Asset,MACHINE SPARE,STORE,27101980,NOS,0,0,0
ASTMC55,ASTMC55,,Festo JMFH-5-1/8 mat. NO. 8820 solenoid valve - for use- cf.,Asset,MACHINE SPARE,STORE,27101980,NOS,0,0,0
ASTMC56,ASTMC56,,"Festo MFH-5/3G-D-1-C mod NO. 150982 solenoid valve, for use cf.",Asset,MACHINE SPARE,STORE,27101980,NOS,0,0,0
ASTMC57,ASTMC57,,"Festo NAS-1/4-1A-ISO prt NO. 9484 Individual sub-base, for use cf.",Asset,MACHINE SPARE,STORE,27101980,NOS,0,0,0
ASTMC58,ASTMC58,,Festo solenoid coil MSF - 24/42,Asset,MACHINE SPARE,STORE,27101980,NOS,0,0,0
ASTMC59,ASTMC59,,Bearing SKF 1211 EKTN9,Asset,MACHINE SPARE,STORE,27101980,NOS,0,0,0
ASTMC6,ASTMC6,,Bearing FAG 6014-C3,Asset,MACHINE SPARE,STORE,27101980,NOS,0,0,0
ASTMC60,ASTMC60,,Bearing SKF 1209 EKTN9,Asset,MACHINE SPARE,STORE,27101980,NOS,0,0,0
ASTMC61,ASTMC61,,Bearing NTN UCP 207,Asset,MACHINE SPARE,STORE,27101980,NOS,0,0,0
ASTMC62,ASTMC62,,Bearing NTN UCP 208,Asset,MACHINE SPARE,STORE,27101980,NOS,0,0,0
ASTMC63,ASTMC63,,Bearing NTN 1210 sk,Asset,MACHINE SPARE,STORE,27101980,NOS,0,0,0
ASTMC64,ASTMC64,,Bearing NTN UCFC 207 D1,Asset,MACHINE SPARE,STORE,27101980,NOS,0,0,0
ASTMC65,ASTMC65,,"NTN UC 207 D1, for use Alarm CHE 3B-40L",Asset,MACHINE SPARE,STORE,27101980,NOS,0,0,0
ASTMC66,ASTMC66,,"Bearing NTN UCFCX 07, for use Alarm CHE 3B-40L",Asset,MACHINE SPARE,STORE,27101980,NOS,0,0,0
ASTMC67,ASTMC67,,"Bearing NTN UCFC 209 D1, for use Bearel bearing CHE-3B-40L",Asset,MACHINE SPARE,STORE,27101980,NOS,0,0,0
ASTMC68,ASTMC68,,"Bearing NTN UCFC 210 D1, for use Center shaft bearing CHE-3B-40L",Asset,MACHINE SPARE,STORE,27101980,NOS,0,0,0
ASTMC69,ASTMC69,,Bearing NTN UC 210 D1,Asset,MACHINE SPARE,STORE,27101980,NOS,0,0,0
ASTMC7,ASTMC7,,Bearing 32011-X DY,Asset,MACHINE SPARE,STORE,27101980,NOS,0,0,0
ASTMC70,ASTMC70,,"Manually operated pressure release valve, for use CF CHE-3B-240L",Asset,MACHINE SPARE,STORE,27101980,NOS,0,0,0
ASTMC71,ASTMC71,,"Release valve studs, for use CF CHE-3B-240L",Asset,MACHINE SPARE,STORE,27101980,NOS,0,0,0
ASTMC72,ASTMC72,,"Auto operated pressure release valve, for use CF CHE-3B-240L",Asset,MACHINE SPARE,STORE,27101980,NOS,0,0,0
ASTMC73,ASTMC73,,Clutches Brake SM. CF.,Asset,MACHINE SPARE,STORE,27101980,NOS,0,0,0
ASTMC74,ASTMC74,,Toggle clamp PAH 1210 pah- pull action clamp,Asset,MACHINE SPARE,STORE,27101980,NOS,0,0,0
ASTMC75,ASTMC75,,U Bolt for SM .CF,Asset,MACHINE SPARE,STORE,27101980,NOS,0,0,0
ASTMC76,ASTMC76,,"Toggle clamp PAH 331, PAH - pull action clamp. for use - CHE 3B-40L.",Asset,MACHINE SPARE,STORE,27101980,NOS,0,0,0
ASTMC77,ASTMC77,,Toggle clamp PAH 341,Asset,MACHINE SPARE,STORE,27101980,NOS,0,0,0
ASTMC78,ASTMC78,,"U Bolt, for use cf. CHE 3B-240L.",Asset,MACHINE SPARE,STORE,27101980,NOS,0,0,0
ASTMC79,ASTMC79,,Housed Bearing NTN UCFCX-09 DI,Asset,MACHINE SPARE,STORE,27101980,NOS,0,0,0
ASTMC8,ASTMC8,,Bearing NU 212 (NTN),Asset,MACHINE SPARE,STORE,27101980,NOS,0,0,0
ASTMC80,ASTMC80,,"Insert Bearing UCX 09 D1, for use-cf. CHE 3B-240L.",Asset,MACHINE SPARE,STORE,27101980,NOS,0,0,0
ASTMC81,ASTMC81,,Housed Bearing NTN UCFCX-15 DI,Asset,MACHINE SPARE,STORE,27101980,NOS,0,0,0
ASTMC82,ASTMC82,,"Insert Bearing NTN UCX-15 DI, for use-cf. CHE-3B-240L.",Asset,MACHINE SPARE,STORE,27101980,NOS,0,0,0
ASTMC83,ASTMC83,,"Bearing NTN 5205 SCLLD/2AS, for use drum dryer",Asset,MACHINE SPARE,STORE,27101980,NOS,0,0,0
ASTMC84,ASTMC84,,Baral Layning door pin for use -cf chf -3b -240L,Asset,MACHINE SPARE,STORE,27101980,NOS,0,0,0
ASTMC85,ASTMC85,,"Baral Layning packing bush OD 16 x L 22 x ID 12 MM, for use-cf. CHE-3B -240L",Asset,MACHINE SPARE,STORE,27101980,NOS,0,0,0
ASTMC86,ASTMC86,,"C.S.K BOLT M6 X 16 MM, for use - cf. CHE-3B-240L / Baral LAYNING door fitting",Asset,MACHINE SPARE,STORE,27101980,NOS,0,0,0
ASTMC87,ASTMC87,,Elevator bucket Bolt (Ms)8 x 30mm for use- MEC SHOT M/C,Asset,MACHINE SPARE,STORE,27101980,NOS,0,0,0
ASTMC88,ASTMC88,,Control cage BW15-39090043 for use MEC SHOT M/C,Asset,MACHINE SPARE,STORE,27101980,NOS,0,0,0
ASTMC89,ASTMC89,,MEC SHOT M/C Belt,Asset,MACHINE SPARE,STORE,27101980,NOS,0,0,0
ASTMC9,ASTMC9,,Bearing 7212 B (NTN),Asset,MACHINE SPARE,STORE,27101980,NOS,0,0,0
ASTMC90,ASTMC90,,"Bearing NTN 2313, for MEC shot M/C",Asset,MACHINE SPARE,STORE,27101980,NOS,0,0,0
ASTMC91,ASTMC91,,"Control cage putti, for use-MEC shot M/C",Asset,MACHINE SPARE,STORE,27101980,NOS,0,0,0
ASTMC92,ASTMC92,,Sleeves 309,Asset,MACHINE SPARE,STORE,27101980,NOS,0,0,0
ASTMC93,ASTMC93,,Sleeves H 2310,Asset,MACHINE SPARE,STORE,27101980,NOS,0,0,0
ASTMC94,ASTMC94,,Sleeves H 211,Asset,MACHINE SPARE,STORE,27101980,NOS,0,0,0
ASTMC95,ASTMC95,,Gear - National motor,Asset,MACHINE SPARE,STORE,27101980,NOS,0,0,0
ASTMC96,ASTMC96,,Gear National motor,Asset,MACHINE SPARE,STORE,27101980,NOS,0,0,0
ASTMC97,ASTMC97,,"Bearing shaft 40L, for use-cf. CHE-3B-40L.",Asset,MACHINE SPARE,STORE,27101980,NOS,0,0,0
ASTMC98,ASTMC98,,"Bearing shaft - 240L, for use-cf. CHE-3B-40L.",Asset,MACHINE SPARE,STORE,27101980,NOS,0,0,0
ASTMC99,ASTMC99,,"Insert Bearing UC 309, for use-SM.CF. (Hanon)",Asset,MACHINE SPARE,STORE,27101980,NOS,0,0,0
ASTTL1,BLANKING/A05002,,PUNCH,Asset,TOOL SPARE,STORE,82074090,NOS,0,0,0
ASTTL10,T2215FM1A/B14002,,BUFFER INSERT,Asset,TOOL SPARE,STORE,82074090,NOS,0,0,0
ASTTL100,T2242BL0A/B14011,,ID PUNCH,Asset,TOOL SPARE,STORE,82074090,NOS,0,0,0
ASTTL1000,T1533BL0A/H01067,,BUFFER,Asset,TOOL SPARE,STORE,82074090,NOS,0,0,0
ASTTL1001,T3326BL0A/H01067,,PUNCH,Asset,TOOL SPARE,STORE,82074090,NOS,0,0,0
ASTTL1002,T1566BL0A/H01068,,PUNCH,Asset,TOOL SPARE,STORE,82074090,NOS,0,0,0
ASTTL1003,T1566BL0A/H01068,,ID PUNCH,Asset,TOOL SPARE,STORE,82074090,NOS,0,0,0
ASTTL1004,T1566BL0A/H01068,,BUFFER,Asset,TOOL SPARE,STORE,82074090,NOS,0,0,0
ASTTL1005,T1566BL0A/H01068,,DIE INSERT,Asset,TOOL SPARE,STORE,82074090,NOS,0,0,0
ASTTL1006,T3325BL0A/H01068,,BUFFER,Asset,TOOL SPARE,STORE,82074090,NOS,0,0,0
ASTTL1007,T3272SV0A/H01068,,ID PUNCH,Asset,TOOL SPARE,STORE,82074090,NOS,0,0,0
ASTTL1008,T3272SV0A/H01068,,BUFFER,Asset,TOOL SPARE,STORE,82074090,NOS,0,0,0
ASTTL1009,T3272SV0A/H01068,,DP,Asset,TOOL SPARE,STORE,82074090,NOS,0,0,0
ASTTL101,T2242BL0A/B14011,,DIE PLATE,Asset,TOOL SPARE,STORE,82074090,NOS,0,0,0
ASTTL1010,T3272SV0A/H01068,,SP,Asset,TOOL SPARE,STORE,82074090,NOS,0,0,0
ASTTL1011,T1546BL0A/H01069,,PUNCH,Asset,TOOL SPARE,STORE,82074090,NOS,0,0,0
ASTTL1012,T1546BL0A/H01069,,ID PUNCH,Asset,TOOL SPARE,STORE,82074090,NOS,0,0,0
ASTTL1013,T3068BL0A/H01070,,PIERING PUNCH,Asset,TOOL SPARE,STORE,82074090,NOS,0,0,0
ASTTL1014,T3068BL0A/H01070,,ID PUNCH,Asset,TOOL SPARE,STORE,82074090,NOS,0,0,0
ASTTL1015,T3068BL0A/H01070,,BUFFER,Asset,TOOL SPARE,STORE,82074090,NOS,0,0,0
ASTTL1016,T3068BL0A/H01070,,PUNCH,Asset,TOOL SPARE,STORE,82074090,NOS,0,0,0
ASTTL1017,T1615FM0A/H01070,,DIE INSERT,Asset,TOOL SPARE,STORE,82074090,NOS,0,0,0
ASTTL1018,T1615FM0A/H01070,,PUNCHINSERT,Asset,TOOL SPARE,STORE,82074090,NOS,0,0,0
ASTTL1019,T1615FM0A/H01070,,BUFFER,Asset,TOOL SPARE,STORE,82074090,NOS,0,0,0
ASTTL102,T2242BL0A/B14011,,PHP,Asset,TOOL SPARE,STORE,82074090,NOS,0,0,0
ASTTL1020,T1615FM0A/H01070,,DP,Asset,TOOL SPARE,STORE,82074090,NOS,0,0,0
ASTTL1021,T3059FM1A/H01070,,UPPER PUNCH,Asset,TOOL SPARE,STORE,82074090,NOS,0,0,0
ASTTL1022,T3059FM1A/H01070,,LOWAR PUNCH,Asset,TOOL SPARE,STORE,82074090,NOS,0,0,0
ASTTL1023,T2403BL0A/H01073,,PUNCH,Asset,TOOL SPARE,STORE,82074090,NOS,0,0,0
ASTTL1024,T3727BL0A/H01079,,DP,Asset,TOOL SPARE,STORE,82074090,NOS,0,0,0
ASTTL1025,T3727BL0A/H01079,,ID PHP,Asset,TOOL SPARE,STORE,82074090,NOS,0,0,0
ASTTL1026,T3727BL0A/H01079,,PHP,Asset,TOOL SPARE,STORE,82074090,NOS,0,0,0
ASTTL1027,T3741FM0A/H01079,,UPPER PUNCH,Asset,TOOL SPARE,STORE,82074090,NOS,0,0,0
ASTTL1028,T4444BL0A/H01088,,PUNCH,Asset,TOOL SPARE,STORE,82074090,NOS,0,0,0
ASTTL1029,T4444BL0A/H01088,,DP,Asset,TOOL SPARE,STORE,82074090,NOS,0,0,0
ASTTL103,T2244BL0A/B14011,,PUNCH,Asset,TOOL SPARE,STORE,82074090,NOS,0,0,0
ASTTL1030,T4436BL0A/H01093,,ID PUNCH,Asset,TOOL SPARE,STORE,82074090,NOS,0,0,0
ASTTL1031,T1874BL0A/H16003,,DP,Asset,TOOL SPARE,STORE,82074090,NOS,0,0,0
ASTTL1032,T1874BL0A/H16003,,SP,Asset,TOOL SPARE,STORE,82074090,NOS,0,0,0
ASTTL1033,T1874BL0A/H16003,,ID PHP,Asset,TOOL SPARE,STORE,82074090,NOS,0,0,0
ASTTL1034,T1874BL0A/H16003,,PHP,Asset,TOOL SPARE,STORE,82074090,NOS,0,0,0
ASTTL1035,T1714BL0A/H16003,,GROVING PUNCH,Asset,TOOL SPARE,STORE,82074090,NOS,0,0,0
ASTTL1036,T1714BL0A/H16003,,PHP,Asset,TOOL SPARE,STORE,82074090,NOS,0,0,0
ASTTL1037,T1714BL0A/H16003,,ID PUNCH,Asset,TOOL SPARE,STORE,82074090,NOS,0,0,0
ASTTL1038,T1714BL0A/H16003,,BUFFER,Asset,TOOL SPARE,STORE,82074090,NOS,0,0,0
ASTTL1039,T1714BL0A/H16003,,DIE PLATE,Asset,TOOL SPARE,STORE,82074090,NOS,0,0,0
ASTTL104,T2244BL0A/B14011,,BUFFER,Asset,TOOL SPARE,STORE,82074090,NOS,0,0,0
ASTTL1040,T1714BL0A/H16003,,DIE BUSH BIG,Asset,TOOL SPARE,STORE,82074090,NOS,0,0,0
ASTTL1041,T1714BL0A/H16003,,DIE BUSH SMALL,Asset,TOOL SPARE,STORE,82074090,NOS,0,0,0
ASTTL1042,T1874BL0A/H16003,,ID PUNCH,Asset,TOOL SPARE,STORE,82074090,NOS,0,0,0
ASTTL1043,T2707GR0A/H16003,,PUNCH,Asset,TOOL SPARE,STORE,82074090,NOS,0,0,0
ASTTL1044,T1864BL0A/H16004,,ID PUNCH,Asset,TOOL SPARE,STORE,82074090,NOS,0,0,0
ASTTL1045,T1864BL0A/H16004,,BUFFER,Asset,TOOL SPARE,STORE,82074090,NOS,0,0,0
ASTTL1046,T1864BL0A/H16004,,ID PHP,Asset,TOOL SPARE,STORE,82074090,NOS,0,0,0
ASTTL1047,T1864BL0A/H16004,,PUNCH,Asset,TOOL SPARE,STORE,82074090,NOS,0,0,0
ASTTL1048,T1864BL0A/H16004,,DIE BUSH,Asset,TOOL SPARE,STORE,82074090,NOS,0,0,0
ASTTL1049,T1864BL0A/H16004,,DP,Asset,TOOL SPARE,STORE,82074090,NOS,0,0,0
ASTTL105,T2245BL0A/B14011,,DIE PLATE,Asset,TOOL SPARE,STORE,82074090,NOS,0,0,0
ASTTL1050,T1864BL0A/H16004,,SP,Asset,TOOL SPARE,STORE,82074090,NOS,0,0,0
ASTTL1051,T1864BL0A/H16004,,PHBP,Asset,TOOL SPARE,STORE,82074090,NOS,0,0,0
ASTTL1052,T1240FORM/H16004,,LOWAR PUNCH,Asset,TOOL SPARE,STORE,82074090,NOS,0,0,0
ASTTL1053,T1240FORM/H16004,,UPPER PUNCH,Asset,TOOL SPARE,STORE,82074090,NOS,0,0,0
ASTTL1054,T1240FORM/H16004,,GUIDE PIN,Asset,TOOL SPARE,STORE,82074090,NOS,0,0,0
ASTTL1055,T2640FMOA/H16004,,LOWAR PUNCH,Asset,TOOL SPARE,STORE,82074090,NOS,0,0,0
ASTTL1056,T2640FMOA/H16004,,GUIDE PIN,Asset,TOOL SPARE,STORE,82074090,NOS,0,0,0
ASTTL1057,T2640FMOA/H16004,,BUFFER,Asset,TOOL SPARE,STORE,82074090,NOS,0,0,0
ASTTL1058,T1725BL0A/H16005,,BUFFER,Asset,TOOL SPARE,STORE,82074090,NOS,0,0,0
ASTTL1059,T1725BL0A/H16005,,ID PUNCH,Asset,TOOL SPARE,STORE,82074090,NOS,0,0,0
ASTTL106,T2247BL0A/B14014,,PUNCH,Asset,TOOL SPARE,STORE,82074090,NOS,0,0,0
ASTTL1060,T1725BL0A/H16005,,PUNCH,Asset,TOOL SPARE,STORE,82074090,NOS,0,0,0
ASTTL1061,T1831BL0A/H16005,,STRIIPER PLATE,Asset,TOOL SPARE,STORE,82074090,NOS,0,0,0
ASTTL1062,T1831BL0A/H16005,,DP,Asset,TOOL SPARE,STORE,82074090,NOS,0,0,0
ASTTL1063,T1831BL0A/H16005,,ID PHP,Asset,TOOL SPARE,STORE,82074090,NOS,0,0,0
ASTTL1064,T1831BL0A/H16005,,PHP,Asset,TOOL SPARE,STORE,82074090,NOS,0,0,0
ASTTL1065,T1733BLOA/H16006,,ID PUNCH,Asset,TOOL SPARE,STORE,82074090,NOS,0,0,0
ASTTL1066,T1733BLOA/H16006,,PUNCH,Asset,TOOL SPARE,STORE,82074090,NOS,0,0,0
ASTTL1067,T1733BLOA/H16006,,BUFFER,Asset,TOOL SPARE,STORE,82074090,NOS,0,0,0
ASTTL1068,T1733BLOA/H16006,,DIE BUSH,Asset,TOOL SPARE,STORE,82074090,NOS,0,0,0
ASTTL1069,T2039BL0A/H16007,,ID PUNCH,Asset,TOOL SPARE,STORE,82074090,NOS,0,0,0
ASTTL107,T2247BL0A/B14014,,BUFFER,Asset,TOOL SPARE,STORE,82074090,NOS,0,0,0
ASTTL1070,T2039BL0A/H16007,,DIE INSERT,Asset,TOOL SPARE,STORE,82074090,NOS,0,0,0
ASTTL1071,T2039BL0A/H16007,,BUFFER,Asset,TOOL SPARE,STORE,82074090,NOS,0,0,0
ASTTL1072,T2039BL0A/H16007,,PUNCH,Asset,TOOL SPARE,STORE,82074090,NOS,0,0,0
ASTTL1073,GROA/H16007,,DIE PLATE,Asset,TOOL SPARE,STORE,82074090,NOS,0,0,0
ASTTL1074,GROA/H16007,,PUNCH INSERT,Asset,TOOL SPARE,STORE,82074090,NOS,0,0,0
ASTTL1075,T1875GROA/H16007,,PUNCH,Asset,TOOL SPARE,STORE,82074090,NOS,0,0,0
ASTTL1076,T2963BL0A/H16035,,DP,Asset,TOOL SPARE,STORE,82074090,NOS,0,0,0
ASTTL1077,T2963BL0A/H16035,,PUNCH,Asset,TOOL SPARE,STORE,82074090,NOS,0,0,0
ASTTL1078,T2963BL0A/H16035,,ID PUNCH,Asset,TOOL SPARE,STORE,82074090,NOS,0,0,0
ASTTL1079,T2955BL0A/H16036,,PUNCH,Asset,TOOL SPARE,STORE,82074090,NOS,0,0,0
ASTTL108,T2249BL0A/B14014,,PUNCH,Asset,TOOL SPARE,STORE,82074090,NOS,0,0,0
ASTTL1080,T2955BL0A/H16036,,BUFFER,Asset,TOOL SPARE,STORE,82074090,NOS,0,0,0
ASTTL1081,T2955BL0A/H16036,,ID PUNCH,Asset,TOOL SPARE,STORE,82074090,NOS,0,0,0
ASTTL1082,T2985BLOA/H16036,,ID PUNCH,Asset,TOOL SPARE,STORE,82074090,NOS,0,0,0
ASTTL1083,T3248BL0A/H16038,,DP,Asset,TOOL SPARE,STORE,82074090,NOS,0,0,0
ASTTL1084,T3248BL0A/H16038,,ID PUNCH,Asset,TOOL SPARE,STORE,82074090,NOS,0,0,0
ASTTL1085,T3248BL0A/H16038,,PUNCH,Asset,TOOL SPARE,STORE,82074090,NOS,0,0,0
ASTTL1086,T2970BL0A/H16046,,ID PUNCH,Asset,TOOL SPARE,STORE,82074090,NOS,0,0,0
ASTTL1087,T2970BL0A/H16046,,PUNCH,Asset,TOOL SPARE,STORE,82074090,NOS,0,0,0
ASTTL1088,T2970BL0A/H16046,,BUFFER,Asset,TOOL SPARE,STORE,82074090,NOS,0,0,0
ASTTL1089,T2306FM0A/H16046,,GUIDE PIN,Asset,TOOL SPARE,STORE,82074090,NOS,0,0,0
ASTTL109,T2249BL0A/B14014,,BUFFER,Asset,TOOL SPARE,STORE,82074090,NOS,0,0,0
ASTTL1090,BLOA/H16047,,PUNCH,Asset,TOOL SPARE,STORE,82074090,NOS,0,0,0
ASTTL1091,T1229BL0A/H16050,,PUNCH,Asset,TOOL SPARE,STORE,82074090,NOS,0,0,0
ASTTL1092,T3076BL0A/H16055,,SP,Asset,TOOL SPARE,STORE,82074090,NOS,0,0,0
ASTTL1093,T3076BL0A/H16055,,ID PHP,Asset,TOOL SPARE,STORE,82074090,NOS,0,0,0
ASTTL1094,T3076BL0A/H16055,,PHP,Asset,TOOL SPARE,STORE,82074090,NOS,0,0,0
ASTTL1095,T3076BL0A/H16055,,DP,Asset,TOOL SPARE,STORE,82074090,NOS,0,0,0
ASTTL1096,T3076BL0A/H16055,,PUNCH,Asset,TOOL SPARE,STORE,82074090,NOS,0,0,0
ASTTL1097,T3076BL0A/H16055,,BUFFER,Asset,TOOL SPARE,STORE,82074090,NOS,0,0,0
ASTTL1098,T3076BL0A/H16055,,ID PUNCH,Asset,TOOL SPARE,STORE,82074090,NOS,0,0,0
ASTTL1099,T3192BL0A/H16056,,SP,Asset,TOOL SPARE,STORE,82074090,NOS,0,0,0
ASTTL11,T2215FM1A/B14002,,BUFFER,Asset,TOOL SPARE,STORE,82074090,NOS,0,0,0
ASTTL110,T2264BL0A/B14016,,PUNCH,Asset,TOOL SPARE,STORE,82074090,NOS,0,0,0
ASTTL1100,T3192BL0A/H16056,,ID PHP,Asset,TOOL SPARE,STORE,82074090,NOS,0,0,0
ASTTL1101,T3192BL0A/H16056,,BUFFER,Asset,TOOL SPARE,STORE,82074090,NOS,0,0,0
ASTTL1102,T3192BL0A/H16056,,ID PUNCH,Asset,TOOL SPARE,STORE,82074090,NOS,0,0,0
ASTTL1103,T3082BL0A/H16060,,PHP,Asset,TOOL SPARE,STORE,82074090,NOS,0,0,0
ASTTL1104,T3082BL0A/H16060,,SP,Asset,TOOL SPARE,STORE,82074090,NOS,0,0,0
ASTTL1105,T3082BL0A/H16060,,CROPPING PUNCH,Asset,TOOL SPARE,STORE,82074090,NOS,0,0,0
ASTTL1106,T3082BL0A/H16060,,PIERCING PUNCH,Asset,TOOL SPARE,STORE,82074090,NOS,0,0,0
ASTTL1107,T3082BL0A/H16060,,PUNCH,Asset,TOOL SPARE,STORE,82074090,NOS,0,0,0
ASTTL1108,T3082BL0A/H16060,,ID PUNCH,Asset,TOOL SPARE,STORE,82074090,NOS,0,0,0
ASTTL1109,T3110BLOA/H16064,,ID PUNCH,Asset,TOOL SPARE,STORE,82074090,NOS,0,0,0
ASTTL111,T2264BL0A/B14016,,DIE PLATE,Asset,TOOL SPARE,STORE,82074090,NOS,0,0,0
ASTTL1110,T3110BLOA/H16064,,PUNCH,Asset,TOOL SPARE,STORE,82074090,NOS,0,0,0
ASTTL1111,T3177BL0A/H16107,,ID PUNCH,Asset,TOOL SPARE,STORE,82074090,NOS,0,0,0
ASTTL1112,T3177BL0A/H16107,,ID PILOT,Asset,TOOL SPARE,STORE,82074090,NOS,0,0,0
ASTTL1113,T3177BL0A/H16107,,OD PUNCH,Asset,TOOL SPARE,STORE,82074090,NOS,0,0,0
ASTTL1114,T3177BL0A/H16107,,BUFFER,Asset,TOOL SPARE,STORE,82074090,NOS,0,0,0
ASTTL1115,T3177BL0A/H16107,,PUNCH,Asset,TOOL SPARE,STORE,82074090,NOS,0,0,0
ASTTL1116,T3177BL0A/H16107,,HOLING PUNCH,Asset,TOOL SPARE,STORE,82074090,NOS,0,0,0
ASTTL1117,T3177BL0A/H16107,,PHP,Asset,TOOL SPARE,STORE,82074090,NOS,0,0,0
ASTTL1118,T3177BL0A/H16107,,LINEAR PLATE,Asset,TOOL SPARE,STORE,82074090,NOS,0,0,0
ASTTL1119,T3177BL0A/H16107,,PERCING PUNCH,Asset,TOOL SPARE,STORE,82074090,NOS,0,0,0
ASTTL112,T2264BL0A/B14016,,PHP,Asset,TOOL SPARE,STORE,82074090,NOS,0,0,0
ASTTL1120,T3177BL0A/H16107,,PERCING PUNCH,Asset,TOOL SPARE,STORE,82074090,NOS,0,0,0
ASTTL1121,T3217BL0A/H16111,,DP,Asset,TOOL SPARE,STORE,82074090,NOS,0,0,0
ASTTL1122,T3217BL0A/H16111,,PUNCH,Asset,TOOL SPARE,STORE,82074090,NOS,0,0,0
ASTTL1123,T3217BL0A/H16111,,ID PUNCH,Asset,TOOL SPARE,STORE,82074090,NOS,0,0,0
ASTTL1124,T3228BL0A/H16112,,DP,Asset,TOOL SPARE,STORE,82074090,NOS,0,0,0
ASTTL1125,T3228BL0A/H16112,,SP,Asset,TOOL SPARE,STORE,82074090,NOS,0,0,0
ASTTL1126,T3228BL0A/H16112,,ID PUNCH,Asset,TOOL SPARE,STORE,82074090,NOS,0,0,0
ASTTL1127,T3228BL0A/H16112,,PUNCH,Asset,TOOL SPARE,STORE,82074090,NOS,0,0,0
ASTTL1128,T3228BL0A/H16112,,BUFFFER,Asset,TOOL SPARE,STORE,82074090,NOS,0,0,0
ASTTL1129,T3223BL0A/H16113,,BUFFER,Asset,TOOL SPARE,STORE,82074090,NOS,0,0,0
ASTTL113,T2267HL0A/B14016,,GAUGE PALTE,Asset,TOOL SPARE,STORE,82074090,NOS,0,0,0
ASTTL1130,T3223BL0A/H16113,,PUNCH,Asset,TOOL SPARE,STORE,82074090,NOS,0,0,0
ASTTL1131,T3223BL0A/H16113,,ID PUNCH,Asset,TOOL SPARE,STORE,82074090,NOS,0,0,0
ASTTL1132,T2970BLOA/H16131,,PUNCH,Asset,TOOL SPARE,STORE,82074090,NOS,0,0,0
ASTTL1133,T3392BL0A/H16132,,DIE PLATE,Asset,TOOL SPARE,STORE,82074090,NOS,0,0,0
ASTTL1134,T3392BL0A/H16132,,PUNCH,Asset,TOOL SPARE,STORE,82074090,NOS,0,0,0
ASTTL1135,T3392BL0A/H16132,,OD PUNCH,Asset,TOOL SPARE,STORE,82074090,NOS,0,0,0
ASTTL1136,T3392BL0A/H16132,,OD PUNCH-1,Asset,TOOL SPARE,STORE,82074090,NOS,0,0,0
ASTTL1137,T3392BL0A/H16132,,CROPPING PUNCH,Asset,TOOL SPARE,STORE,82074090,NOS,0,0,0
ASTTL1138,T3392BL0A/H16132,,PHP,Asset,TOOL SPARE,STORE,82074090,NOS,0,0,0
ASTTL1139,T3392BL0A/H16132,,SP,Asset,TOOL SPARE,STORE,82074090,NOS,0,0,0
ASTTL114,T2267HL0A/B14016,,SP,Asset,TOOL SPARE,STORE,82074090,NOS,0,0,0
ASTTL1140,T3392BL0A/H16132,,BUFFER,Asset,TOOL SPARE,STORE,82074090,NOS,0,0,0
ASTTL1141,T3396SV0A/H16138,,ID PHP,Asset,TOOL SPARE,STORE,82074090,NOS,0,0,0
ASTTL1142,T3396SV0A/H16138,,ID PUNCH,Asset,TOOL SPARE,STORE,82074090,NOS,0,0,0
ASTTL1143,T3396SV0A/H16138,,BUFFER,Asset,TOOL SPARE,STORE,82074090,NOS,0,0,0
ASTTL1144,T3396BLOA/H16138,,PUNCH,Asset,TOOL SPARE,STORE,82074090,NOS,0,0,0
ASTTL1145,T3396BLOA/H16138,,BUFFER,Asset,TOOL SPARE,STORE,82074090,NOS,0,0,0
ASTTL1146,FM0A/H16167,,PUNCH,Asset,TOOL SPARE,STORE,82074090,NOS,0,0,0
ASTTL1147,T4012BL0A/H16171,,DP,Asset,TOOL SPARE,STORE,82074090,NOS,0,0,0
ASTTL1148,T4012BL0A/H16171,,PUNCH,Asset,TOOL SPARE,STORE,82074090,NOS,0,0,0
ASTTL1149,T4012BL0A/H16171,,BUFFER,Asset,TOOL SPARE,STORE,82074090,NOS,0,0,0
ASTTL115,T2267HL0A/B14016,,DP,Asset,TOOL SPARE,STORE,82074090,NOS,0,0,0
ASTTL1150,T4012BL0A/H16171,,ID PUNCH,Asset,TOOL SPARE,STORE,82074090,NOS,0,0,0
ASTTL1151,T3961BL0A/H16172,,DP,Asset,TOOL SPARE,STORE,82074090,NOS,0,0,0
ASTTL1152,T3961BL0A/H16172,,PUNCH,Asset,TOOL SPARE,STORE,82074090,NOS,0,0,0
ASTTL1153,T3961BL0A/H16172,,ID PUNCH,Asset,TOOL SPARE,STORE,82074090,NOS,0,0,0
ASTTL1154,T3961BL0A/H16172,,BUFFER,Asset,TOOL SPARE,STORE,82074090,NOS,0,0,0
ASTTL1155,T3460BL0A/H16173,,DP,Asset,TOOL SPARE,STORE,82074090,NOS,0,0,0
ASTTL1156,T3960BL0A/H16173,,BUFFER,Asset,TOOL SPARE,STORE,82074090,NOS,0,0,0
ASTTL1157,T4040BLOA/H16175,,PUNCH,Asset,TOOL SPARE,STORE,82074090,NOS,0,0,0
ASTTL1158,T4197BL0A/H16200,,PUNCH,Asset,TOOL SPARE,STORE,82074090,NOS,0,0,0
ASTTL1159,T4212BL0A/H16202,,BUFFER,Asset,TOOL SPARE,STORE,82074090,NOS,0,0,0
ASTTL116,T2256BL0A/B14019,,PUNCH,Asset,TOOL SPARE,STORE,82074090,NOS,0,0,0
ASTTL1160,T2987BL0A/H19008,,PUNCH,Asset,TOOL SPARE,STORE,82074090,NOS,0,0,0
ASTTL1161,T2987BL0A/H19008,,BUFFER,Asset,TOOL SPARE,STORE,82074090,NOS,0,0,0
ASTTL1162,BLANKING/H19010,,PUNCH,Asset,TOOL SPARE,STORE,82074090,NOS,0,0,0
ASTTL1163,BLANKING/H19010,,DIE PLATE,Asset,TOOL SPARE,STORE,82074090,NOS,0,0,0
ASTTL1164,BLANKING/H19010,,BUFFER,Asset,TOOL SPARE,STORE,82074090,NOS,0,0,0
ASTTL1165,BLANKING/H19010,,BUFFER,Asset,TOOL SPARE,STORE,82074090,NOS,0,0,0
ASTTL1166,T3852BL0A/H19028-38,,DIE PLATE,Asset,TOOL SPARE,STORE,82074090,NOS,0,0,0
ASTTL1167,T3852BL0A/H19028-38,,BUFFER,Asset,TOOL SPARE,STORE,82074090,NOS,0,0,0
ASTTL1168,T3852BL0A/H19028-38,,PUNCH,Asset,TOOL SPARE,STORE,82074090,NOS,0,0,0
ASTTL1169,T3852BL0A/H19028-38,,STRIPPER PLATE,Asset,TOOL SPARE,STORE,82074090,NOS,0,0,0
ASTTL117,T2257BL0A/B14019,,BUFFER,Asset,TOOL SPARE,STORE,82074090,NOS,0,0,0
ASTTL1170,T3852BL0A/H19028-38,,ID PHBP,Asset,TOOL SPARE,STORE,82074090,NOS,0,0,0
ASTTL1171,T3852BL0A/H19028-38,,PHP,Asset,TOOL SPARE,STORE,82074090,NOS,0,0,0
ASTTL1172,T3852BL0A/H19028-38,,ID PHP,Asset,TOOL SPARE,STORE,82074090,NOS,0,0,0
ASTTL1173,T3852BL0A/H19028-38,,BWP,Asset,TOOL SPARE,STORE,82074090,NOS,0,0,0
ASTTL1174,T3854SV0A/H19028-38,,BUFFER,Asset,TOOL SPARE,STORE,82074090,NOS,0,0,0
ASTTL1175,T3854SV0A/H19028-38,,ID PHP,Asset,TOOL SPARE,STORE,82074090,NOS,0,0,0
ASTTL1176,T3854SV0A/H19028-38,,ID PHBP,Asset,TOOL SPARE,STORE,82074090,NOS,0,0,0
ASTTL1177,T3854SV0A/H19028-38,,PUNCH,Asset,TOOL SPARE,STORE,82074090,NOS,0,0,0
ASTTL1178,T3854SV0A/H19028-38,,DIE PLATE,Asset,TOOL SPARE,STORE,82074090,NOS,0,0,0
ASTTL1179,T3855SVOA/H19039,,PUNCH,Asset,TOOL SPARE,STORE,82074090,NOS,0,0,0
ASTTL118,T2257BL0A/B14019,,ID PUNCH,Asset,TOOL SPARE,STORE,82074090,NOS,0,0,0
ASTTL1180,T3855SVOA/H19039,,ID PUNCH,Asset,TOOL SPARE,STORE,82074090,NOS,0,0,0
ASTTL1181,T3855SVOA/H19039,,BUFFER,Asset,TOOL SPARE,STORE,82074090,NOS,0,0,0
ASTTL1182,T3855SVOA/H19039,,DIE PLATE,Asset,TOOL SPARE,STORE,82074090,NOS,0,0,0
ASTTL1183,BLANKING/H19051,,OD PUNCH,Asset,TOOL SPARE,STORE,82074090,NOS,0,0,0
ASTTL1184,BLANKING/H19051,,BUSH PUNCH,Asset,TOOL SPARE,STORE,82074090,NOS,0,0,0
ASTTL1185,BLANKING/H19051,,ID PUNCH,Asset,TOOL SPARE,STORE,82074090,NOS,0,0,0
ASTTL1186,T3841SVOA/H19055,,PUNCH,Asset,TOOL SPARE,STORE,82074090,NOS,0,0,0
ASTTL1187,T3841SVOA/H19055,,ID PUNCH,Asset,TOOL SPARE,STORE,82074090,NOS,0,0,0
ASTTL1188,T3841SVOA/H19055,,PHP,Asset,TOOL SPARE,STORE,82074090,NOS,0,0,0
ASTTL1189,T3841SVOA/H19055,,STRIPPER PLATE,Asset,TOOL SPARE,STORE,82074090,NOS,0,0,0
ASTTL119,T2257BL0A/B14019,,DIE PLATE,Asset,TOOL SPARE,STORE,82074090,NOS,0,0,0
ASTTL1190,T3841SVOA/H19055,,BUFFER,Asset,TOOL SPARE,STORE,82074090,NOS,0,0,0
ASTTL1191,T3841SVOA/H19055,,DIE PLATE,Asset,TOOL SPARE,STORE,82074090,NOS,0,0,0
ASTTL1192,T3844BL0A/H19069/80,,PUNCH,Asset,TOOL SPARE,STORE,82074090,NOS,0,0,0
ASTTL1193,T3850BL0A/H19107,,PUNCH,Asset,TOOL SPARE,STORE,82074090,NOS,0,0,0
ASTTL1194,T3851HLOA/H19107,,DIE PLATE,Asset,TOOL SPARE,STORE,82074090,NOS,0,0,0
ASTTL1195,T3857BLOA/H19110,,ID PUNCH,Asset,TOOL SPARE,STORE,82074090,NOS,0,0,0
ASTTL1196,T3859CHOA/H19110,,PUNCH,Asset,TOOL SPARE,STORE,82074090,NOS,0,0,0
ASTTL1197,T3859CHOA/H19110,,ID LOCATER,Asset,TOOL SPARE,STORE,82074090,NOS,0,0,0
ASTTL1198,T3859CHOA/H19110,,ID PHP,Asset,TOOL SPARE,STORE,82074090,NOS,0,0,0
ASTTL1199,T3859CHOA/H19110,,PHP,Asset,TOOL SPARE,STORE,82074090,NOS,0,0,0
ASTTL12,T2215FM1A/B14002,,PUNCH,Asset,TOOL SPARE,STORE,82074090,NOS,0,0,0
ASTTL120,T2271HL0A/B14021,,GAUGE PALTE,Asset,TOOL SPARE,STORE,82074090,NOS,0,0,0
ASTTL1200,T3864BLOA/H19135,,PUNCH,Asset,TOOL SPARE,STORE,82074090,NOS,0,0,0
ASTTL1201,T3864BLOA/H19135,,DIE PLATE,Asset,TOOL SPARE,STORE,82074090,NOS,0,0,0
ASTTL1202,T3864BLOA/H19135,,BUFFER,Asset,TOOL SPARE,STORE,82074090,NOS,0,0,0
ASTTL1203,T3869BLOA/H19138/140,,PUNCH,Asset,TOOL SPARE,STORE,82074090,NOS,0,0,0
ASTTL1204,T3869BLOA/H19138/140,,ID PUNCH,Asset,TOOL SPARE,STORE,82074090,NOS,0,0,0
ASTTL1205,T3869BLOA/H19138/140,,BUFFER,Asset,TOOL SPARE,STORE,82074090,NOS,0,0,0
ASTTL1206,T3869BLOA/H19138/140,,DIE PLATE,Asset,TOOL SPARE,STORE,82074090,NOS,0,0,0
ASTTL1207,T3839BLOA/H19145/148,,ID PUNCH,Asset,TOOL SPARE,STORE,82074090,NOS,0,0,0
ASTTL1208,T3839BLOA/H19145/148,,STRIPPER PLATE,Asset,TOOL SPARE,STORE,82074090,NOS,0,0,0
ASTTL1209,T3839BLOA/H19145/148,,BUFFER,Asset,TOOL SPARE,STORE,82074090,NOS,0,0,0
ASTTL121,T2271HL0A/B14021,,DIE PLATE,Asset,TOOL SPARE,STORE,82074090,NOS,0,0,0
ASTTL1210,T3839BLOA/H19145/148,,DIE PLATE,Asset,TOOL SPARE,STORE,82074090,NOS,0,0,0
ASTTL1211,T3839BLOA/H19145/148,,PUNCH,Asset,TOOL SPARE,STORE,82074090,NOS,0,0,0
ASTTL1212,T4023SVOA/H19145/148,,DIE PLATE,Asset,TOOL SPARE,STORE,82074090,NOS,0,0,0
ASTTL1213,T3899BL0A/H19150,,PUNCH,Asset,TOOL SPARE,STORE,82074090,NOS,0,0,0
ASTTL1214,T3899BL0A/H19150,,ID PUNCH,Asset,TOOL SPARE,STORE,82074090,NOS,0,0,0
ASTTL1215,BLANKING/H19153,,ID PUNCH,Asset,TOOL SPARE,STORE,82074090,NOS,0,0,0
ASTTL1216,BLANKING/H19153,,PLATE INSERT,Asset,TOOL SPARE,STORE,82074090,NOS,0,0,0
ASTTL1217,BLANKING/H19153,,DIE PLATE INSERT-2,Asset,TOOL SPARE,STORE,82074090,NOS,0,0,0
ASTTL1218,BLANKING/H19153,,DIE PLATE INSERT-3,Asset,TOOL SPARE,STORE,82074090,NOS,0,0,0
ASTTL1219,BLANKING/H19153,,DIE PLATE,Asset,TOOL SPARE,STORE,82074090,NOS,0,0,0
ASTTL122,T2272BL0A/B14022,,PUNCH,Asset,TOOL SPARE,STORE,82074090,NOS,0,0,0
ASTTL1220,BLANKING/H19153,,STRIPPER PLATE,Asset,TOOL SPARE,STORE,82074090,NOS,0,0,0
ASTTL1221,BLANKING/H19153,,CROPPING PUNCH,Asset,TOOL SPARE,STORE,82074090,NOS,0,0,0
ASTTL1222,BLANKING/H19153,,LINER PLATE,Asset,TOOL SPARE,STORE,82074090,NOS,0,0,0
ASTTL1223,T4024SV0A/H19153,,PUNCH,Asset,TOOL SPARE,STORE,82074090,NOS,0,0,0
ASTTL1224,T3901BL0A/H19154,,OD PUNCH,Asset,TOOL SPARE,STORE,82074090,NOS,0,0,0
ASTTL1225,T3901BL0A/H19154,,INSERT-3,Asset,TOOL SPARE,STORE,82074090,NOS,0,0,0
ASTTL1226,T3901BL0A/H19154,,PUNCH,Asset,TOOL SPARE,STORE,82074090,NOS,0,0,0
ASTTL1227,T3895BL0A/H19156,,PUNCH,Asset,TOOL SPARE,STORE,82074090,NOS,0,0,0
ASTTL1228,T3895BL0A/H19156,,DIE PLATE,Asset,TOOL SPARE,STORE,82074090,NOS,0,0,0
ASTTL1229,BL0A/H19157,,BUFFER,Asset,TOOL SPARE,STORE,82074090,NOS,0,0,0
ASTTL123,T2272BL0A/B14022,,DIE PALTE,Asset,TOOL SPARE,STORE,82074090,NOS,0,0,0
ASTTL1230,BL0A/H19157,,DP,Asset,TOOL SPARE,STORE,82074090,NOS,0,0,0
ASTTL1231,T4254BL0A/H19168,,DIE PLATE,Asset,TOOL SPARE,STORE,82074090,NOS,0,0,0
ASTTL1232,T4254BL0A/H19168,,PUNCH,Asset,TOOL SPARE,STORE,82074090,NOS,0,0,0
ASTTL1233,T4254BL0A/H19168,,PHP,Asset,TOOL SPARE,STORE,82074090,NOS,0,0,0
ASTTL1234,T1235BL0A/I04004,,DP,Asset,TOOL SPARE,STORE,82074090,NOS,0,0,0
ASTTL1235,T1235BL0A/I04004,,BUFFER,Asset,TOOL SPARE,STORE,82074090,NOS,0,0,0
ASTTL1236,T1235BL0A/I04004,,PUNCH,Asset,TOOL SPARE,STORE,82074090,NOS,0,0,0
ASTTL1237,T1189FM0A/I04004,,PUNCH,Asset,TOOL SPARE,STORE,82074090,NOS,0,0,0
ASTTL1238,T1189FM0A/I04004,,PUNCH,Asset,TOOL SPARE,STORE,82074090,NOS,0,0,0
ASTTL1239,T1189FM0A/I04004,,BUFFER,Asset,TOOL SPARE,STORE,82074090,NOS,0,0,0
ASTTL124,T2308HL0A/B14022,,GAUGE PLATE,Asset,TOOL SPARE,STORE,82074090,NOS,0,0,0
ASTTL1240,T1189FM0A/I04004,,BUFFER,Asset,TOOL SPARE,STORE,82074090,NOS,0,0,0
ASTTL1241,T1189FM0A/I04004,,INSERT,Asset,TOOL SPARE,STORE,82074090,NOS,0,0,0
ASTTL1242,T1474BLOA/I04005,,DP,Asset,TOOL SPARE,STORE,82074090,NOS,0,0,0
ASTTL1243,T1474BLOA/I04005,,ID PUNCH,Asset,TOOL SPARE,STORE,82074090,NOS,0,0,0
ASTTL1244,T1474BLOA/I04005,,PUNCH,Asset,TOOL SPARE,STORE,82074090,NOS,0,0,0
ASTTL1245,T1474BLOA/I04005,,BUFFER,Asset,TOOL SPARE,STORE,82074090,NOS,0,0,0
ASTTL1246,T0043BL0A/I04005,,DP,Asset,TOOL SPARE,STORE,82074090,NOS,0,0,0
ASTTL1247,T1079FM0A/I04005,,DP,Asset,TOOL SPARE,STORE,82074090,NOS,0,0,0
ASTTL1248,T1079FM0A/I04005,,GAUGE PLATE,Asset,TOOL SPARE,STORE,82074090,NOS,0,0,0
ASTTL1249,T1079FM0A/I04005,,PUNCH,Asset,TOOL SPARE,STORE,82074090,NOS,0,0,0
ASTTL125,T2308HL0A/B14022,,DIE PALTE,Asset,TOOL SPARE,STORE,82074090,NOS,0,0,0
ASTTL1250,T1079FM0A/I04005,,BUFFER,Asset,TOOL SPARE,STORE,82074090,NOS,0,0,0
ASTTL1251,T1079FM0A/I04005,,DIE INSERT,Asset,TOOL SPARE,STORE,82074090,NOS,0,0,0
ASTTL1252,T1079FM0A/I04005,,INSERT,Asset,TOOL SPARE,STORE,82074090,NOS,0,0,0
ASTTL1253,T2417BL0A/I04006,,DP,Asset,TOOL SPARE,STORE,82074090,NOS,0,0,0
ASTTL1254,T2417BL0A/I04006,,ID PHP,Asset,TOOL SPARE,STORE,82074090,NOS,0,0,0
ASTTL1255,T2417BL0A/I04006,,PHP,Asset,TOOL SPARE,STORE,82074090,NOS,0,0,0
ASTTL1256,T2417BL0A/I04006,,PUNCH,Asset,TOOL SPARE,STORE,82074090,NOS,0,0,0
ASTTL1257,T2417BL0A/I04006,,BUFFER,Asset,TOOL SPARE,STORE,82074090,NOS,0,0,0
ASTTL1258,T2417BL0A/I04006,,ID PUNCH,Asset,TOOL SPARE,STORE,82074090,NOS,0,0,0
ASTTL1259,T2660BL0A/I04009,,ID PHP,Asset,TOOL SPARE,STORE,82074090,NOS,0,0,0
ASTTL126,T2274BL0A/B14023,,LEFT SIDE INSERT,Asset,TOOL SPARE,STORE,82074090,NOS,0,0,0
ASTTL1260,T2660BL0A/I04009,,DP,Asset,TOOL SPARE,STORE,82074090,NOS,0,0,0
ASTTL1261,T2660BL0A/I04009,,ID PHBP,Asset,TOOL SPARE,STORE,82074090,NOS,0,0,0
ASTTL1262,T1311BL0A/I04011,,DP,Asset,TOOL SPARE,STORE,82074090,NOS,0,0,0
ASTTL1263,T1311BL0A/I04011,,PUNCH,Asset,TOOL SPARE,STORE,82074090,NOS,0,0,0
ASTTL1264,T1311BL0A/I04011,,BUFFER,Asset,TOOL SPARE,STORE,82074090,NOS,0,0,0
ASTTL1265,T1311BL0A/I04011,,ID PUNCH,Asset,TOOL SPARE,STORE,82074090,NOS,0,0,0
ASTTL1266,T1331BLOB/I04011,,PUNCH,Asset,TOOL SPARE,STORE,82074090,NOS,0,0,0
ASTTL1267,T1331BLOB/I04011,,BUFFER,Asset,TOOL SPARE,STORE,82074090,NOS,0,0,0
ASTTL1268,T1385FMOB/I04011,,PUNCH,Asset,TOOL SPARE,STORE,82074090,NOS,0,0,0
ASTTL1269,T1202FM0A/I04011,,GAUGE PLATE,Asset,TOOL SPARE,STORE,82074090,NOS,0,0,0
ASTTL127,T2274BL0A/B14023,,RIGHT SIDE INSERT,Asset,TOOL SPARE,STORE,82074090,NOS,0,0,0
ASTTL1270,T1202FM0A/I04011,,PUNCH,Asset,TOOL SPARE,STORE,82074090,NOS,0,0,0
ASTTL1271,T1202FM0A/I04011,,BUFFER,Asset,TOOL SPARE,STORE,82074090,NOS,0,0,0
ASTTL1272,T1202FM0A/I04011,,INSERT,Asset,TOOL SPARE,STORE,82074090,NOS,0,0,0
ASTTL1273,T1202FM0A/I04011,,INSERT (A),Asset,TOOL SPARE,STORE,82074090,NOS,0,0,0
ASTTL1274,T1431FM0A/I04011,,PUNCH,Asset,TOOL SPARE,STORE,82074090,NOS,0,0,0
ASTTL1275,T1137CU0A/I04012,,IDPHP,Asset,TOOL SPARE,STORE,82074090,NOS,0,0,0
ASTTL1276,T1137CU0A/I04012,,ID DP,Asset,TOOL SPARE,STORE,82074090,NOS,0,0,0
ASTTL1277,T1137CU0A/I04012,,GAUGE PLATE,Asset,TOOL SPARE,STORE,82074090,NOS,0,0,0
ASTTL1278,T1137CU0A/I04012,,ID PUNCH,Asset,TOOL SPARE,STORE,82074090,NOS,0,0,0
ASTTL1279,T1438FM0A/I04012,,DIE BUSH,Asset,TOOL SPARE,STORE,82074090,NOS,0,0,0
ASTTL128,T2274BL0A/B14023,,PUNCH,Asset,TOOL SPARE,STORE,82074090,NOS,0,0,0
ASTTL1280,T1438FM0A/I04012,,PUNCH,Asset,TOOL SPARE,STORE,82074090,NOS,0,0,0
ASTTL1281,T1438FM0A/I04012,,DIE BLOCK,Asset,TOOL SPARE,STORE,82074090,NOS,0,0,0
ASTTL1282,T2051BL0A/I04012,,CROPPING PUNCH,Asset,TOOL SPARE,STORE,82074090,NOS,0,0,0
ASTTL1283,T2051BL0A/I04012,,OD PUNCH,Asset,TOOL SPARE,STORE,82074090,NOS,0,0,0
ASTTL1284,T1626BLOA/I04012,,PUNCH,Asset,TOOL SPARE,STORE,82074090,NOS,0,0,0
ASTTL1285,T2992BL0A/I04013,,DP,Asset,TOOL SPARE,STORE,82074090,NOS,0,0,0
ASTTL1286,T2992BL0A/I04013,,ID PHP,Asset,TOOL SPARE,STORE,82074090,NOS,0,0,0
ASTTL1287,T2992BL0A/I04013,,PUNCH,Asset,TOOL SPARE,STORE,82074090,NOS,0,0,0
ASTTL1288,T2992BL0A/I04013,,ID PUNCH,Asset,TOOL SPARE,STORE,82074090,NOS,0,0,0
ASTTL1289,T2992BL0A/I04013,,BUFFER,Asset,TOOL SPARE,STORE,82074090,NOS,0,0,0
ASTTL129,T2274BL0A/B14023,,BUFFER,Asset,TOOL SPARE,STORE,82074090,NOS,0,0,0
ASTTL1290,T1796BL0A/I04015,,PUNCH,Asset,TOOL SPARE,STORE,82074090,NOS,0,0,0
ASTTL1291,T1796BL0A/I04015,,BUFFER,Asset,TOOL SPARE,STORE,82074090,NOS,0,0,0
ASTTL1292,T1796BL0A/I04015,,ID PUNCH,Asset,TOOL SPARE,STORE,82074090,NOS,0,0,0
ASTTL1293,T1573BL0A/I04018,,DP,Asset,TOOL SPARE,STORE,82074090,NOS,0,0,0
ASTTL1294,T1573BL0A/I04018,,PUNCH,Asset,TOOL SPARE,STORE,82074090,NOS,0,0,0
ASTTL1295,T1573BL0A/I04018,,ID PHP,Asset,TOOL SPARE,STORE,82074090,NOS,0,0,0
ASTTL1296,T1573BL0A/I04018,,ID PUNCH,Asset,TOOL SPARE,STORE,82074090,NOS,0,0,0
ASTTL1297,T1573BL0A/I04018,,BUFFER,Asset,TOOL SPARE,STORE,82074090,NOS,0,0,0
ASTTL1298,T1573BL0A/I04018,,PUNCH,Asset,TOOL SPARE,STORE,82074090,NOS,0,0,0
ASTTL1299,T1250FM0A/I04018,,PUNCH,Asset,TOOL SPARE,STORE,82074090,NOS,0,0,0
ASTTL13,T2215FM1A/B14002,,PHP,Asset,TOOL SPARE,STORE,82074090,NOS,0,0,0
ASTTL130,T2274BL0A/B14023,,ID PHP,Asset,TOOL SPARE,STORE,82074090,NOS,0,0,0
ASTTL1300,T1250FM0A/I04018,,BUFFER,Asset,TOOL SPARE,STORE,82074090,NOS,0,0,0
ASTTL1301,T0035 BLOA/I04018,,PUNCH,Asset,TOOL SPARE,STORE,82074090,NOS,0,0,0
ASTTL1302,T0035 BLOA/I04018,,ID PUNCH,Asset,TOOL SPARE,STORE,82074090,NOS,0,0,0
ASTTL1303,T2847BL0A/I04019,,BUFFER,Asset,TOOL SPARE,STORE,82074090,NOS,0,0,0
ASTTL1304,T2847BL0A/I04019,,PUNCH,Asset,TOOL SPARE,STORE,82074090,NOS,0,0,0
ASTTL1305,T2847BL0A/I04019,,ID PUNCH,Asset,TOOL SPARE,STORE,82074090,NOS,0,0,0
ASTTL1306,T2432BL0A/I04020,,DP,Asset,TOOL SPARE,STORE,82074090,NOS,0,0,0
ASTTL1307,T2432BL0A/I04020,,SP,Asset,TOOL SPARE,STORE,82074090,NOS,0,0,0
ASTTL1308,T2432BL0A/I04020,,ID PHP,Asset,TOOL SPARE,STORE,82074090,NOS,0,0,0
ASTTL1309,T2432BL0A/I04020,,PHP,Asset,TOOL SPARE,STORE,82074090,NOS,0,0,0
ASTTL131,T2274BL0A/B14023,,PHP,Asset,TOOL SPARE,STORE,82074090,NOS,0,0,0
ASTTL1310,T2432BL0A/I04020,,PUNCH,Asset,TOOL SPARE,STORE,82074090,NOS,0,0,0
ASTTL1311,T2432BL0A/I04020,,ID PUNCH,Asset,TOOL SPARE,STORE,82074090,NOS,0,0,0
ASTTL1312,T2432BL0A/I04020,,BUFFER,Asset,TOOL SPARE,STORE,82074090,NOS,0,0,0
ASTTL1313,T2432BL0A/I04020,,DIE INSERT,Asset,TOOL SPARE,STORE,82074090,NOS,0,0,0
ASTTL1314,T1882HL0A/I04020,,DP,Asset,TOOL SPARE,STORE,82074090,NOS,0,0,0
ASTTL1315,T1882HL0A/I04020,,GAUGE PLATE,Asset,TOOL SPARE,STORE,82074090,NOS,0,0,0
ASTTL1316,BLOA/I04021,,PUNCH,Asset,TOOL SPARE,STORE,82074090,NOS,0,0,0
ASTTL1317,BLOA/I04021,,ID PUNCH,Asset,TOOL SPARE,STORE,82074090,NOS,0,0,0
ASTTL1318,BLOA/I04021,,BUFFER,Asset,TOOL SPARE,STORE,82074090,NOS,0,0,0
ASTTL1319,T1947BL0A/I04022/25,,DP,Asset,TOOL SPARE,STORE,82074090,NOS,0,0,0
ASTTL132,T2274BL0A/B14023,,SP,Asset,TOOL SPARE,STORE,82074090,NOS,0,0,0
ASTTL1320,T1947BL0A/I04022/25,,ID PUNCH,Asset,TOOL SPARE,STORE,82074090,NOS,0,0,0
ASTTL1321,T1947BL0A/I04022/25,,PUNCH - E CLIP,Asset,TOOL SPARE,STORE,82074090,NOS,0,0,0
ASTTL1322,T1475BL0A/I04024,,PHP,Asset,TOOL SPARE,STORE,82074090,NOS,0,0,0
ASTTL1323,T0019BL0A/I04026,,DP,Asset,TOOL SPARE,STORE,82074090,NOS,0,0,0
ASTTL1324,T0019BL0A/I04026,,PUNCH,Asset,TOOL SPARE,STORE,82074090,NOS,0,0,0
ASTTL1325,T0019BL0A/I04026,,ID PUNCH,Asset,TOOL SPARE,STORE,82074090,NOS,0,0,0
ASTTL1326,T0019BL0A/I04026,,BUFFER,Asset,TOOL SPARE,STORE,82074090,NOS,0,0,0
ASTTL1327,T0033BL0B/I04028,,ID PUNCH,Asset,TOOL SPARE,STORE,82074090,NOS,0,0,0
ASTTL1328,T2287BL0A/I04028,,ID PUNCH,Asset,TOOL SPARE,STORE,82074090,NOS,0,0,0
ASTTL1329,T1655BL0A/I04029,,DP,Asset,TOOL SPARE,STORE,82074090,NOS,0,0,0
ASTTL133,T2274BL0A/B14023,,DP,Asset,TOOL SPARE,STORE,82074090,NOS,0,0,0
ASTTL1330,T1655BL0A/I04029,,PUNCH,Asset,TOOL SPARE,STORE,82074090,NOS,0,0,0
ASTTL1331,T1655BL0A/I04029,,BUFFER,Asset,TOOL SPARE,STORE,82074090,NOS,0,0,0
ASTTL1332,T1679FM0A/I04029,,INSERT,Asset,TOOL SPARE,STORE,82074090,NOS,0,0,0
ASTTL1333,T1679FM0A/I04029,,PUNCH INSERT,Asset,TOOL SPARE,STORE,82074090,NOS,0,0,0
ASTTL1334,T1679FM0A/I04029,,BUFFER,Asset,TOOL SPARE,STORE,82074090,NOS,0,0,0
ASTTL1335,T1679FM0A/I04029,,PUNCH,Asset,TOOL SPARE,STORE,82074090,NOS,0,0,0
ASTTL1336,T1679FM0A/I04029,,NUT SPRING,Asset,TOOL SPARE,STORE,82074090,NOS,0,0,0
ASTTL1337,T2569BL0A/I04031,,DP,Asset,TOOL SPARE,STORE,82074090,NOS,0,0,0
ASTTL1338,T2569BL0A/I04031,,SP,Asset,TOOL SPARE,STORE,82074090,NOS,0,0,0
ASTTL1339,T2569BL0A/I04031,,PUNCH,Asset,TOOL SPARE,STORE,82074090,NOS,0,0,0
ASTTL134,T2274BL0A/B14023,,ID PIN,Asset,TOOL SPARE,STORE,82074090,NOS,0,0,0
ASTTL1340,T1558BL0A/I04032,,PUNCH,Asset,TOOL SPARE,STORE,82074090,NOS,0,0,0
ASTTL1341,T3940BLOA/I04033,,PHP,Asset,TOOL SPARE,STORE,82074090,NOS,0,0,0
ASTTL1342,T3940BLOA/I04033,,ID PHP,Asset,TOOL SPARE,STORE,82074090,NOS,0,0,0
ASTTL1343,T1684BL0A/I04035,,PUNCH,Asset,TOOL SPARE,STORE,82074090,NOS,0,0,0
ASTTL1344,T1684BL0A/I04035,,BUFFER,Asset,TOOL SPARE,STORE,82074090,NOS,0,0,0
ASTTL1345,T1684BL0A/I04035,,ID PUNCH,Asset,TOOL SPARE,STORE,82074090,NOS,0,0,0
ASTTL1346,T1684BL0C/I04035,,PUNCH,Asset,TOOL SPARE,STORE,82074090,NOS,0,0,0
ASTTL1347,T1684BL0C/I04035,,BUFFER,Asset,TOOL SPARE,STORE,82074090,NOS,0,0,0
ASTTL1348,T1684BL0C/I04035,,ID PUNCH,Asset,TOOL SPARE,STORE,82074090,NOS,0,0,0
ASTTL1349,T2777FM0A/I04035,,LOWER PUNCH,Asset,TOOL SPARE,STORE,82074090,NOS,0,0,0
ASTTL135,T2319BL0A/B14029,,PUNCH,Asset,TOOL SPARE,STORE,82074090,NOS,0,0,0
ASTTL1350,T2777FM0A/I04035,,UPPER PUNCH,Asset,TOOL SPARE,STORE,82074090,NOS,0,0,0
ASTTL1351,T1201BLOA/I04035,,SP,Asset,TOOL SPARE,STORE,82074090,NOS,0,0,0
ASTTL1352,T3940BLOA/I04035,,PUNCH,Asset,TOOL SPARE,STORE,82074090,NOS,0,0,0
ASTTL1353,T4056BL0A(3C)/I04037,,SP,Asset,TOOL SPARE,STORE,82074090,NOS,0,0,0
ASTTL1354,T4056BL0A(3C)/I04037,,DP,Asset,TOOL SPARE,STORE,82074090,NOS,0,0,0
ASTTL1355,T4056BL0A(3C)/I04037,,BUFFER,Asset,TOOL SPARE,STORE,82074090,NOS,0,0,0
ASTTL1356,T4052BL0A/I04037,,SP,Asset,TOOL SPARE,STORE,82074090,NOS,0,0,0
ASTTL1357,T4052BL0A/I04037,,PUNCH,Asset,TOOL SPARE,STORE,82074090,NOS,0,0,0
ASTTL1358,T4052BL0A/I04037,,ID PUNCH,Asset,TOOL SPARE,STORE,82074090,NOS,0,0,0
ASTTL1359,T3486BL0A/I04037,,SP,Asset,TOOL SPARE,STORE,82074090,NOS,0,0,0
ASTTL136,T2319BL0A/B14029,,BUFFER,Asset,TOOL SPARE,STORE,82074090,NOS,0,0,0
ASTTL1360,T3486BL0A/I04037,,PHP,Asset,TOOL SPARE,STORE,82074090,NOS,0,0,0
ASTTL1361,T3486BL0A/I04037,,ID PHP,Asset,TOOL SPARE,STORE,82074090,NOS,0,0,0
ASTTL1362,T3486BL0A/I04037,,DP,Asset,TOOL SPARE,STORE,82074090,NOS,0,0,0
ASTTL1363,T3486BL0A/I04037,,PUNCH,Asset,TOOL SPARE,STORE,82074090,NOS,0,0,0
ASTTL1364,T1184BL0A/I04038,,PUNCH,Asset,TOOL SPARE,STORE,82074090,NOS,0,0,0
ASTTL1365,T1184BL0A/I04038,,ID PUNCH,Asset,TOOL SPARE,STORE,82074090,NOS,0,0,0
ASTTL1366,T1184BL0A/I04038,,BUFFER,Asset,TOOL SPARE,STORE,82074090,NOS,0,0,0
ASTTL1367,T3112BLOA/I04040,,DP,Asset,TOOL SPARE,STORE,82074090,NOS,0,0,0
ASTTL1368,T1597BL0A/I04042,,PHP,Asset,TOOL SPARE,STORE,82074090,NOS,0,0,0
ASTTL1369,T1597BL0A/I04042,,DP,Asset,TOOL SPARE,STORE,82074090,NOS,0,0,0
ASTTL137,T2319BL0A/B14029,,PHP,Asset,TOOL SPARE,STORE,82074090,NOS,0,0,0
ASTTL1370,T1597BL0A/I04042,,DIE BUSH,Asset,TOOL SPARE,STORE,82074090,NOS,0,0,0
ASTTL1371,T1597BL0A/I04042,,PUNCH,Asset,TOOL SPARE,STORE,82074090,NOS,0,0,0
ASTTL1372,T1597BL0A/I04042,,ID PUNCH,Asset,TOOL SPARE,STORE,82074090,NOS,0,0,0
ASTTL1373,T1556BLOA/I04042,,PHP,Asset,TOOL SPARE,STORE,82074090,NOS,0,0,0
ASTTL1374,T1856BL0A/I04042,,PUNCH,Asset,TOOL SPARE,STORE,82074090,NOS,0,0,0
ASTTL1375,T1856BL0A/I04042,,ID PUNCH,Asset,TOOL SPARE,STORE,82074090,NOS,0,0,0
ASTTL1376,T1856BL0A/I04042,,DP,Asset,TOOL SPARE,STORE,82074090,NOS,0,0,0
ASTTL1377,T3158BL0A/I04042,,DP,Asset,TOOL SPARE,STORE,82074090,NOS,0,0,0
ASTTL1378,T3158BL0A/I04042,,PUNCH,Asset,TOOL SPARE,STORE,82074090,NOS,0,0,0
ASTTL1379,T3158BL0A/I04042,,ID PUNCH,Asset,TOOL SPARE,STORE,82074090,NOS,0,0,0
ASTTL138,T2319BL0A/B14029,,DP,Asset,TOOL SPARE,STORE,82074090,NOS,0,0,0
ASTTL1380,T3158BL0A/I04042,,BUFFER,Asset,TOOL SPARE,STORE,82074090,NOS,0,0,0
ASTTL1381,T1599BL0A/I04043,,DIE PLATE,Asset,TOOL SPARE,STORE,82074090,NOS,0,0,0
ASTTL1382,T1599BL0A/I04043,,PUNCH,Asset,TOOL SPARE,STORE,82074090,NOS,0,0,0
ASTTL1383,T4531BLOA/I04043,,PUNCH,Asset,TOOL SPARE,STORE,82074090,NOS,0,0,0
ASTTL1384,T4531BLOA/I04043,,BUFFER,Asset,TOOL SPARE,STORE,82074090,NOS,0,0,0
ASTTL1385,T4302BLOA/I04043,,ID PUNCH,Asset,TOOL SPARE,STORE,82074090,NOS,0,0,0
ASTTL1386,T2553BL0A/I04044,,BWP,Asset,TOOL SPARE,STORE,82074090,NOS,0,0,0
ASTTL1387,T2553BL0A/I04044,,PHBP,Asset,TOOL SPARE,STORE,82074090,NOS,0,0,0
ASTTL1388,T2553BL0A/I04044,,DP,Asset,TOOL SPARE,STORE,82074090,NOS,0,0,0
ASTTL1389,T2553BL0A/I04044,,SP,Asset,TOOL SPARE,STORE,82074090,NOS,0,0,0
ASTTL139,T2319BL0A/B14029,,BHP,Asset,TOOL SPARE,STORE,82074090,NOS,0,0,0
ASTTL1390,T2553BL0A/I04044,,PHP,Asset,TOOL SPARE,STORE,82074090,NOS,0,0,0
ASTTL1391,T2553BL0A/I04044,,IDPHP,Asset,TOOL SPARE,STORE,82074090,NOS,0,0,0
ASTTL1392,T2553BL0A/I04044,,BUSH,Asset,TOOL SPARE,STORE,82074090,NOS,0,0,0
ASTTL1393,T2553BL0A/I04044,,BUFFER,Asset,TOOL SPARE,STORE,82074090,NOS,0,0,0
ASTTL1394,T2553BL0A/I04044,,PUNCH,Asset,TOOL SPARE,STORE,82074090,NOS,0,0,0
ASTTL1395,T2553BL0A/I04044,,ID PUNCH,Asset,TOOL SPARE,STORE,82074090,NOS,0,0,0
ASTTL1396,T2553BL0A/I04044,,OD PUNCH,Asset,TOOL SPARE,STORE,82074090,NOS,0,0,0
ASTTL1397,T2514BL0A/I04044,,DP,Asset,TOOL SPARE,STORE,82074090,NOS,0,0,0
ASTTL1398,T2514BL0A/I04044,,SP,Asset,TOOL SPARE,STORE,82074090,NOS,0,0,0
ASTTL1399,T2514BL0A/I04044,,PHP,Asset,TOOL SPARE,STORE,82074090,NOS,0,0,0
ASTTL14,T2215FM1A/B14002,,DP,Asset,TOOL SPARE,STORE,82074090,NOS,0,0,0
ASTTL140,T2319FM1A/B14029,,BUFFER,Asset,TOOL SPARE,STORE,82074090,NOS,0,0,0
ASTTL1400,T2514BL0A/I04044,,PUNCH,Asset,TOOL SPARE,STORE,82074090,NOS,0,0,0
ASTTL1401,T2514BL0A/I04044,,ID PUNCH,Asset,TOOL SPARE,STORE,82074090,NOS,0,0,0
ASTTL1402,T1909SV0A/I04044,,BUFFER,Asset,TOOL SPARE,STORE,82074090,NOS,0,0,0
ASTTL1403,T1909SV0A/I04044,,PUNCH,Asset,TOOL SPARE,STORE,82074090,NOS,0,0,0
ASTTL1404,T1909SV0A/I04044,,GUIDE PIN,Asset,TOOL SPARE,STORE,82074090,NOS,0,0,0
ASTTL1405,T1909SV0A/I04044,,SP,Asset,TOOL SPARE,STORE,82074090,NOS,0,0,0
ASTTL1406,T1909SV0A/I04044,,PHP,Asset,TOOL SPARE,STORE,82074090,NOS,0,0,0
ASTTL1407,T1909SV0A/I04044,,PHBP,Asset,TOOL SPARE,STORE,82074090,NOS,0,0,0
ASTTL1408,T1909SV0A/I04044,,BWP,Asset,TOOL SPARE,STORE,82074090,NOS,0,0,0
ASTTL1409,T4526 BLOA/I04044,,DP,Asset,TOOL SPARE,STORE,82074090,NOS,0,0,0
ASTTL141,T2319FM1A/B14029,,BUFFER INSERT,Asset,TOOL SPARE,STORE,82074090,NOS,0,0,0
ASTTL1410,T4526 BLOA/I04044,,BUFFER,Asset,TOOL SPARE,STORE,82074090,NOS,0,0,0
ASTTL1411,T4526 BLOA/I04044,,PIERCING PUNCH,Asset,TOOL SPARE,STORE,82074090,NOS,0,0,0
ASTTL1412,T2493/I04044,,BUFFER,Asset,TOOL SPARE,STORE,82074090,NOS,0,0,0
ASTTL1413,T1387BL0A/I04045,,DIE BLOCK,Asset,TOOL SPARE,STORE,82074090,NOS,0,0,0
ASTTL1414,T1387BL0A/I04045,,DIE BUSH,Asset,TOOL SPARE,STORE,82074090,NOS,0,0,0
ASTTL1415,T1387BL0A/I04045,,BUFFER,Asset,TOOL SPARE,STORE,82074090,NOS,0,0,0
ASTTL1416,T1387BL0A/I04045,,ID PUNCH,Asset,TOOL SPARE,STORE,82074090,NOS,0,0,0
ASTTL1417,T1387BL0A/I04045,,PUNCH,Asset,TOOL SPARE,STORE,82074090,NOS,0,0,0
ASTTL1418,T1605FM0A/I04045,,DP,Asset,TOOL SPARE,STORE,82074090,NOS,0,0,0
ASTTL1419,T1597BL0A/I04047,,PUNCH,Asset,TOOL SPARE,STORE,82074090,NOS,0,0,0
ASTTL142,T2319FM1A/B14029,,INSERT RIGHT,Asset,TOOL SPARE,STORE,82074090,NOS,0,0,0
ASTTL1420,T1597BL0A/I04047,,ID PUNCH,Asset,TOOL SPARE,STORE,82074090,NOS,0,0,0
ASTTL1421,T3112BL0A/I04048,,DIE PLATE,Asset,TOOL SPARE,STORE,82074090,NOS,0,0,0
ASTTL1422,T3112BL0A/I04048,,PUNCH,Asset,TOOL SPARE,STORE,82074090,NOS,0,0,0
ASTTL1423,T3112BL0A/I04048,,BUFFER,Asset,TOOL SPARE,STORE,82074090,NOS,0,0,0
ASTTL1424,T3112BL0A/I04048,,PIRESING PUNCH,Asset,TOOL SPARE,STORE,82074090,NOS,0,0,0
ASTTL1425,T3112BL0A/I04048,,DP,Asset,TOOL SPARE,STORE,82074090,NOS,0,0,0
ASTTL1426,T3112BL0A/I04048,,PHP,Asset,TOOL SPARE,STORE,82074090,NOS,0,0,0
ASTTL1427,T3112BL0A/I04048,,ID PHP,Asset,TOOL SPARE,STORE,82074090,NOS,0,0,0
ASTTL1428,T1565BL0A/I04049,,PUNCH,Asset,TOOL SPARE,STORE,82074090,NOS,0,0,0
ASTTL1429,T1565BL0A/I04049,,ID PUNCH,Asset,TOOL SPARE,STORE,82074090,NOS,0,0,0
ASTTL143,T2319FM1A/B14029,,PUNCH,Asset,TOOL SPARE,STORE,82074090,NOS,0,0,0
ASTTL1430,T1565BL0A/I04049,,BUFFER,Asset,TOOL SPARE,STORE,82074090,NOS,0,0,0
ASTTL1431,T1565BL0A/I04049,,BUSH,Asset,TOOL SPARE,STORE,82074090,NOS,0,0,0
ASTTL1432,T1600BL0A/I04050,,DP,Asset,TOOL SPARE,STORE,82074090,NOS,0,0,0
ASTTL1433,T1600BL0A/I04050,,ID PUNCH,Asset,TOOL SPARE,STORE,82074090,NOS,0,0,0
ASTTL1434,T1600BL0A/I04050,,PUNCH,Asset,TOOL SPARE,STORE,82074090,NOS,0,0,0
ASTTL1435,T1600BL0A/I04050,,BUFFER,Asset,TOOL SPARE,STORE,82074090,NOS,0,0,0
ASTTL1436,T4478BLOA/I04050,,ID PUNCH,Asset,TOOL SPARE,STORE,82074090,NOS,0,0,0
ASTTL1437,T4478BLOA/I04050,,BUFFER,Asset,TOOL SPARE,STORE,82074090,NOS,0,0,0
ASTTL1438,T1595HL0A/I04051,,GAUGE PLATE,Asset,TOOL SPARE,STORE,82074090,NOS,0,0,0
ASTTL1439,T1595HL0A/I04051,,DP,Asset,TOOL SPARE,STORE,82074090,NOS,0,0,0
ASTTL144,T2319FM1A/B14029,,PUNCH INSERT,Asset,TOOL SPARE,STORE,82074090,NOS,0,0,0
ASTTL1440,T2287BL0A/I04051,,DP,Asset,TOOL SPARE,STORE,82074090,NOS,0,0,0
ASTTL1441,T2287BL0A/I04051,,PHP,Asset,TOOL SPARE,STORE,82074090,NOS,0,0,0
ASTTL1442,T2287BL0A/I04051,,SP,Asset,TOOL SPARE,STORE,82074090,NOS,0,0,0
ASTTL1443,T2287BL0A/I04051,,PUNCH,Asset,TOOL SPARE,STORE,82074090,NOS,0,0,0
ASTTL1444,T2287BL0A/I04051,,ID PUNCH,Asset,TOOL SPARE,STORE,82074090,NOS,0,0,0
ASTTL1445,T2287BL0A/I04051,,BUFFER,Asset,TOOL SPARE,STORE,82074090,NOS,0,0,0
ASTTL1446,T4109MF0A/I04052,,BOTTOM PUNCH,Asset,TOOL SPARE,STORE,82074090,NOS,0,0,0
ASTTL1447,T4109MF0A/I04052,,PUNCH,Asset,TOOL SPARE,STORE,82074090,NOS,0,0,0
ASTTL1448,T4109MF0A/I04052,,PUNCH - 2,Asset,TOOL SPARE,STORE,82074090,NOS,0,0,0
ASTTL1449,T4109MF0A/I04052,,CUTTING BLOCK,Asset,TOOL SPARE,STORE,82074090,NOS,0,0,0
ASTTL145,T2319FM1A/B14029,,UPPER PUNCH,Asset,TOOL SPARE,STORE,82074090,NOS,0,0,0
ASTTL1450,T4109MF0A/I04052,,BUSH,Asset,TOOL SPARE,STORE,82074090,NOS,0,0,0
ASTTL1451,T4109MF0A/I04052,,INSERT,Asset,TOOL SPARE,STORE,82074090,NOS,0,0,0
ASTTL1452,T4109MF0A/I04052,,SP (B),Asset,TOOL SPARE,STORE,82074090,NOS,0,0,0
ASTTL1453,T4109MF0A/I04052,,SP (A),Asset,TOOL SPARE,STORE,82074090,NOS,0,0,0
ASTTL1454,T4109MF0A/I04052,,GAUGE PLATE,Asset,TOOL SPARE,STORE,82074090,NOS,0,0,0
ASTTL1455,T1607BL0A/I04054,,DP,Asset,TOOL SPARE,STORE,82074090,NOS,0,0,0
ASTTL1456,T1607BL0A/I04054,,SP,Asset,TOOL SPARE,STORE,82074090,NOS,0,0,0
ASTTL1457,T1607BL0A/I04054,,PUNCH,Asset,TOOL SPARE,STORE,82074090,NOS,0,0,0
ASTTL1458,T1607BL0A/I04054,,BUFFER,Asset,TOOL SPARE,STORE,82074090,NOS,0,0,0
ASTTL1459,T1605FM0A/I04054,,PUNCH,Asset,TOOL SPARE,STORE,82074090,NOS,0,0,0
ASTTL146,T2335FM2A/B14029,,LOCATER INSERT,Asset,TOOL SPARE,STORE,82074090,NOS,0,0,0
ASTTL1460,T1605FM0A/I04054,,BUFFER,Asset,TOOL SPARE,STORE,82074090,NOS,0,0,0
ASTTL1461,T1605FM0A/I04054,,DIE TOP,Asset,TOOL SPARE,STORE,82074090,NOS,0,0,0
ASTTL1462,T1605FM0A/I04054,,GUIDE PLATE,Asset,TOOL SPARE,STORE,82074090,NOS,0,0,0
ASTTL1463,T1606BL0A/I04055,,PUNCH,Asset,TOOL SPARE,STORE,82074090,NOS,0,0,0
ASTTL1464,T1610BL0A/I04056,,DP,Asset,TOOL SPARE,STORE,82074090,NOS,0,0,0
ASTTL1465,T1610BL0A/I04056,,DIE BLOCK,Asset,TOOL SPARE,STORE,82074090,NOS,0,0,0
ASTTL1466,T1610BL0A/I04056,,PUNCH,Asset,TOOL SPARE,STORE,82074090,NOS,0,0,0
ASTTL1467,T1912BL0A/I04057,,PUNCH,Asset,TOOL SPARE,STORE,82074090,NOS,0,0,0
ASTTL1468,T1912BL0A/I04057,,DP,Asset,TOOL SPARE,STORE,82074090,NOS,0,0,0
ASTTL1469,T1611FROA/I04057,,STRIPPER PLATE,Asset,TOOL SPARE,STORE,82074090,NOS,0,0,0
ASTTL147,T2335FM2A/B14029,,RIGHT SIDE BLOCK,Asset,TOOL SPARE,STORE,82074090,NOS,0,0,0
ASTTL1470,T1611FROA/I04057,,FLEARING PIN,Asset,TOOL SPARE,STORE,82074090,NOS,0,0,0
ASTTL1471,T1613FM1A/I04057,,PUNCH,Asset,TOOL SPARE,STORE,82074090,NOS,0,0,0
ASTTL1472,T1615FM2A/I04057,,PUNCH,Asset,TOOL SPARE,STORE,82074090,NOS,0,0,0
ASTTL1473,T1615FM2A/I04057,,BUFFER,Asset,TOOL SPARE,STORE,82074090,NOS,0,0,0
ASTTL1474,T1615FM2A/I04057,,BUFFER INSERT (LEFT),Asset,TOOL SPARE,STORE,82074090,NOS,0,0,0
ASTTL1475,T1615FM2A/I04057,,BUFFER INSERT,Asset,TOOL SPARE,STORE,82074090,NOS,0,0,0
ASTTL1476,T1620TR0A/I04057,,PUNCH,Asset,TOOL SPARE,STORE,82074090,NOS,0,0,0
ASTTL1477,T1620TR0A/I04057,,BUFFER,Asset,TOOL SPARE,STORE,82074090,NOS,0,0,0
ASTTL1478,T1620TR0A/I04057,,CUTTING PUNCH,Asset,TOOL SPARE,STORE,82074090,NOS,0,0,0
ASTTL1479,T1675DR0A/I04057,,PUNCH,Asset,TOOL SPARE,STORE,82074090,NOS,0,0,0
ASTTL148,T2335FM2A/B14029,,SLIDING BLOCK,Asset,TOOL SPARE,STORE,82074090,NOS,0,0,0
ASTTL1480,T1629HL0A/I04057,,HOLING GAUGE PLATE,Asset,TOOL SPARE,STORE,82074090,NOS,0,0,0
ASTTL1481,T1629HL0A/I04057,,PIERCING BUSH,Asset,TOOL SPARE,STORE,82074090,NOS,0,0,0
ASTTL1482,T1764FMOA/I04057,,PUNCH,Asset,TOOL SPARE,STORE,82074090,NOS,0,0,0
ASTTL1483,T3112BL0A/I04058,,IDPHP,Asset,TOOL SPARE,STORE,82074090,NOS,0,0,0
ASTTL1484,T3112BL0A/I04058,,PHP,Asset,TOOL SPARE,STORE,82074090,NOS,0,0,0
ASTTL1485,T3112BL0A/I04058,,PUNCH,Asset,TOOL SPARE,STORE,82074090,NOS,0,0,0
ASTTL1486,T3112BL0A/I04058,,PIERCING PUNCH,Asset,TOOL SPARE,STORE,82074090,NOS,0,0,0
ASTTL1487,T3112BL0A/I04058,,BUFFER,Asset,TOOL SPARE,STORE,82074090,NOS,0,0,0
ASTTL1488,T1937BL0A/I04060,,PUNCH,Asset,TOOL SPARE,STORE,82074090,NOS,0,0,0
ASTTL1489,T1819BL0A/I04061,,DP,Asset,TOOL SPARE,STORE,82074090,NOS,0,0,0
ASTTL149,T2335FM2A/B14029,,PUNCH,Asset,TOOL SPARE,STORE,82074090,NOS,0,0,0
ASTTL1490,T1819BL0A/I04061,,SP,Asset,TOOL SPARE,STORE,82074090,NOS,0,0,0
ASTTL1491,T1819BL0A/I04061,,ID PHP,Asset,TOOL SPARE,STORE,82074090,NOS,0,0,0
ASTTL1492,T1819BL0A/I04061,,BWP,Asset,TOOL SPARE,STORE,82074090,NOS,0,0,0
ASTTL1493,T1819BL0A/I04061,,BUFFER,Asset,TOOL SPARE,STORE,82074090,NOS,0,0,0
ASTTL1494,T1819BL0A/I04061,,BUFFER INSERT BIG,Asset,TOOL SPARE,STORE,82074090,NOS,0,0,0
ASTTL1495,T1819BL0A/I04061,,BUFFER INSERT SMALL,Asset,TOOL SPARE,STORE,82074090,NOS,0,0,0
ASTTL1496,T1819BL0A/I04061,,ID PUNCH,Asset,TOOL SPARE,STORE,82074090,NOS,0,0,0
ASTTL1497,T1819BL0A/I04061,,PUNCH,Asset,TOOL SPARE,STORE,82074090,NOS,0,0,0
ASTTL1498,T1804FM0A/I04061,,ID PHP,Asset,TOOL SPARE,STORE,82074090,NOS,0,0,0
ASTTL1499,T1804FM0A/I04061,,PUNCH,Asset,TOOL SPARE,STORE,82074090,NOS,0,0,0
ASTTL15,T2235FM2A/B14002,,SLIDING BLOCK,Asset,TOOL SPARE,STORE,82074090,NOS,0,0,0
ASTTL150,T2335FM2A/B14029,,SLIDING BLOCK LIFT SIDE,Asset,TOOL SPARE,STORE,82074090,NOS,0,0,0
ASTTL1500,T1804FM0A/I04061,,PLATE PUNCH,Asset,TOOL SPARE,STORE,82074090,NOS,0,0,0
ASTTL1501,T1804FM0A/I04061,,BUFFER,Asset,TOOL SPARE,STORE,82074090,NOS,0,0,0
ASTTL1502,T1829BL0A/I04062,,PUNCH,Asset,TOOL SPARE,STORE,82074090,NOS,0,0,0
ASTTL1503,T1829BL0A/I04062,,DP,Asset,TOOL SPARE,STORE,82074090,NOS,0,0,0
ASTTL1504,T1811FM1A/I04062,,BUFFER,Asset,TOOL SPARE,STORE,82074090,NOS,0,0,0
ASTTL1505,T1811FM1A/I04062,,LONCING PUNCH,Asset,TOOL SPARE,STORE,82074090,NOS,0,0,0
ASTTL1506,T1811FM1A/I04062,,DIE INSERT,Asset,TOOL SPARE,STORE,82074090,NOS,0,0,0
ASTTL1507,T1814FM2A/I04062,,SIDE BLOCK LEFT & RIGHT,Asset,TOOL SPARE,STORE,82074090,NOS,0,0,0
ASTTL1508,T2367FM0A/I04062,,STOPPER PUNCH,Asset,TOOL SPARE,STORE,82074090,NOS,0,0,0
ASTTL1509,T2367FM0A/I04062,,SLIDING PUNCH,Asset,TOOL SPARE,STORE,82074090,NOS,0,0,0
ASTTL151,T2335FM2A/B14029,,PUNCH HOLDING,Asset,TOOL SPARE,STORE,82074090,NOS,0,0,0
ASTTL1510,T2367FM0A/I04062,,STOPPER BUFFER,Asset,TOOL SPARE,STORE,82074090,NOS,0,0,0
ASTTL1511,T2367FM0A/I04062,,PUNCH,Asset,TOOL SPARE,STORE,82074090,NOS,0,0,0
ASTTL1512,T1851FM0A/I04063,,SLIDING PUNCH,Asset,TOOL SPARE,STORE,82074090,NOS,0,0,0
ASTTL1513,T1851FM0A/I04063,,ID LOCATER,Asset,TOOL SPARE,STORE,82074090,NOS,0,0,0
ASTTL1514,T1851FM0A/I04063,,BUFFER,Asset,TOOL SPARE,STORE,82074090,NOS,0,0,0
ASTTL1515,T1830BL0A/I04063,,DP,Asset,TOOL SPARE,STORE,82074090,NOS,0,0,0
ASTTL1516,T1830BL0A/I04063,,ID PUNCH,Asset,TOOL SPARE,STORE,82074090,NOS,0,0,0
ASTTL1517,T1830BL0A/I04063,,PUNCH,Asset,TOOL SPARE,STORE,82074090,NOS,0,0,0
ASTTL1518,T1834FMOA/I04063,,PUNCH,Asset,TOOL SPARE,STORE,82074090,NOS,0,0,0
ASTTL1519,T1834FMOA/I04063,,DIE INSERT,Asset,TOOL SPARE,STORE,82074090,NOS,0,0,0
ASTTL152,T2335FM2A/B14029,,ID PHP,Asset,TOOL SPARE,STORE,82074090,NOS,0,0,0
ASTTL1520,T1834FMOA/I04063,,BUFFER,Asset,TOOL SPARE,STORE,82074090,NOS,0,0,0
ASTTL1521,T2474BLOA/I04063,,DP,Asset,TOOL SPARE,STORE,82074090,NOS,0,0,0
ASTTL1522,T3291BL0A/I04066,,DP,Asset,TOOL SPARE,STORE,82074090,NOS,0,0,0
ASTTL1523,T2555BL0A/I04069,,DP,Asset,TOOL SPARE,STORE,82074090,NOS,0,0,0
ASTTL1524,T2555BL0A/I04069,,PUNCH,Asset,TOOL SPARE,STORE,82074090,NOS,0,0,0
ASTTL1525,T2555BL0A/I04069,,BUFFER,Asset,TOOL SPARE,STORE,82074090,NOS,0,0,0
ASTTL1526,T2555BL0A/I04069,,ID PUNCH,Asset,TOOL SPARE,STORE,82074090,NOS,0,0,0
ASTTL1527,T2366BL0A/I04069,,SP,Asset,TOOL SPARE,STORE,82074090,NOS,0,0,0
ASTTL1528,T2366BL0A/I04069,,DP,Asset,TOOL SPARE,STORE,82074090,NOS,0,0,0
ASTTL1529,T2366BL0A/I04069,,PHP,Asset,TOOL SPARE,STORE,82074090,NOS,0,0,0
ASTTL153,T2340BL0A/B14032,,PUNCH,Asset,TOOL SPARE,STORE,82074090,NOS,0,0,0
ASTTL1530,T2366BL0A/I04069,,ID PHP,Asset,TOOL SPARE,STORE,82074090,NOS,0,0,0
ASTTL1531,T2366BL0A/I04069,,PUNCH,Asset,TOOL SPARE,STORE,82074090,NOS,0,0,0
ASTTL1532,T2366BL0A/I04069,,BUFFER,Asset,TOOL SPARE,STORE,82074090,NOS,0,0,0
ASTTL1533,T2366BL0A/I04069,,ID PUNCH,Asset,TOOL SPARE,STORE,82074090,NOS,0,0,0
ASTTL1534,T2371FM0A/I04070,,PLATE GUIDE PIN,Asset,TOOL SPARE,STORE,82074090,NOS,0,0,0
ASTTL1535,T2371FM0A/I04070,,GUIDE PIN,Asset,TOOL SPARE,STORE,82074090,NOS,0,0,0
ASTTL1536,T2405BL0A/I04071/80,,BUFFER,Asset,TOOL SPARE,STORE,82074090,NOS,0,0,0
ASTTL1537,T2405BL0A/I04071/80,,PUNCH,Asset,TOOL SPARE,STORE,82074090,NOS,0,0,0
ASTTL1538,T2405BL0A/I04071/80,,ID PUNCH,Asset,TOOL SPARE,STORE,82074090,NOS,0,0,0
ASTTL1539,T2405BL0A/I04071/80,,DP,Asset,TOOL SPARE,STORE,82074090,NOS,0,0,0
ASTTL154,T2340BL0A/B14032,,DIE PLATE,Asset,TOOL SPARE,STORE,82074090,NOS,0,0,0
ASTTL1540,T3354BLOA/I04071/80,,PUNCH,Asset,TOOL SPARE,STORE,82074090,NOS,0,0,0
ASTTL1541,T2400BL0A/I04072,,DP,Asset,TOOL SPARE,STORE,82074090,NOS,0,0,0
ASTTL1542,T2400BL0A/I04072,,SP,Asset,TOOL SPARE,STORE,82074090,NOS,0,0,0
ASTTL1543,T2400BL0A/I04072,,PHP,Asset,TOOL SPARE,STORE,82074090,NOS,0,0,0
ASTTL1544,T2400BL0A/I04072,,ID PHP,Asset,TOOL SPARE,STORE,82074090,NOS,0,0,0
ASTTL1545,T2400BL0A/I04072,,PUNCH,Asset,TOOL SPARE,STORE,82074090,NOS,0,0,0
ASTTL1546,T2400BL0A/I04072,,BUFFER,Asset,TOOL SPARE,STORE,82074090,NOS,0,0,0
ASTTL1547,T2401HL0A/I04072,,DP,Asset,TOOL SPARE,STORE,82074090,NOS,0,0,0
ASTTL1548,T2401HL0A/I04072,,GAUGE PLATE,Asset,TOOL SPARE,STORE,82074090,NOS,0,0,0
ASTTL1549,T2403BL0A/I04073/H01034,,SP,Asset,TOOL SPARE,STORE,82074090,NOS,0,0,0
ASTTL155,T2340BL0A/B14032,,BUFFER,Asset,TOOL SPARE,STORE,82074090,NOS,0,0,0
ASTTL1550,T2403BL0A/I04073/H01034,,DP,Asset,TOOL SPARE,STORE,82074090,NOS,0,0,0
ASTTL1551,T2403BL0A/I04073/H01034,,PUNCH,Asset,TOOL SPARE,STORE,82074090,NOS,0,0,0
ASTTL1552,T2403BL0A/I04073/H01034,,BUFFER,Asset,TOOL SPARE,STORE,82074090,NOS,0,0,0
ASTTL1553,T2402HL0A/I04073,,DP,Asset,TOOL SPARE,STORE,82074090,NOS,0,0,0
ASTTL1554,T2402HL0A/I04073,,GAUGE PALTE,Asset,TOOL SPARE,STORE,82074090,NOS,0,0,0
ASTTL1555,T2447BL0A/I04074,,ID PUNCH,Asset,TOOL SPARE,STORE,82074090,NOS,0,0,0
ASTTL1556,T2447BL0A/I04074,,ID PHP,Asset,TOOL SPARE,STORE,82074090,NOS,0,0,0
ASTTL1557,T2447BL0A/I04074,,DP,Asset,TOOL SPARE,STORE,82074090,NOS,0,0,0
ASTTL1558,T2447BL0A/I04074,,PHP,Asset,TOOL SPARE,STORE,82074090,NOS,0,0,0
ASTTL1559,T2447BL0A/I04074,,PUNCH,Asset,TOOL SPARE,STORE,82074090,NOS,0,0,0
ASTTL156,T4277MF0A/B14032,,DP,Asset,TOOL SPARE,STORE,82074090,NOS,0,0,0
ASTTL1560,T2447BL0A/I04074,,WASHER PLAIN PUNCH,Asset,TOOL SPARE,STORE,82074090,NOS,0,0,0
ASTTL1561,T2447BL0A/I04074,,BUSH,Asset,TOOL SPARE,STORE,82074090,NOS,0,0,0
ASTTL1562,T2447BL0A/I04074,,BUFFER,Asset,TOOL SPARE,STORE,82074090,NOS,0,0,0
ASTTL1563,T3818BL0A/I04074,,PUNCH,Asset,TOOL SPARE,STORE,82074090,NOS,0,0,0
ASTTL1564,T3587SV0A/I04074,,BUFFER,Asset,TOOL SPARE,STORE,82074090,NOS,0,0,0
ASTTL1565,T3587SV0A/I04074,,DP,Asset,TOOL SPARE,STORE,82074090,NOS,0,0,0
ASTTL1566,T3587SV0A/I04074,,ID & OD ID PHP,Asset,TOOL SPARE,STORE,82074090,NOS,0,0,0
ASTTL1567,T3587SV0A/I04074,,ID & OD SP,Asset,TOOL SPARE,STORE,82074090,NOS,0,0,0
ASTTL1568,T3587SV0A/I04074,,ID OD PUNCH,Asset,TOOL SPARE,STORE,82074090,NOS,0,0,0
ASTTL1569,T3587SV0A/I04074,,ID PHP,Asset,TOOL SPARE,STORE,82074090,NOS,0,0,0
ASTTL157,T2394BL0A/B14033,,PUNCH,Asset,TOOL SPARE,STORE,82074090,NOS,0,0,0
ASTTL1570,T3587SV0A/I04074,,ID PUNCH,Asset,TOOL SPARE,STORE,82074090,NOS,0,0,0
ASTTL1571,T3587SV0A/I04074,,PHP,Asset,TOOL SPARE,STORE,82074090,NOS,0,0,0
ASTTL1572,T3587SV0A/I04074,,PUNCH,Asset,TOOL SPARE,STORE,82074090,NOS,0,0,0
ASTTL1573,T3587SV0A/I04074,,SP,Asset,TOOL SPARE,STORE,82074090,NOS,0,0,0
ASTTL1574,T2474SV0A/I04074,,ID DP,Asset,TOOL SPARE,STORE,82074090,NOS,0,0,0
ASTTL1575,T2474SV0A/I04074,,ID SP,Asset,TOOL SPARE,STORE,82074090,NOS,0,0,0
ASTTL1576,T2474SV0A/I04074,,OD SP,Asset,TOOL SPARE,STORE,82074090,NOS,0,0,0
ASTTL1577,T2474SV0A/I04074,,ID PUNCH,Asset,TOOL SPARE,STORE,82074090,NOS,0,0,0
ASTTL1578,T2474SV0A/I04074,,OD PUNCH,Asset,TOOL SPARE,STORE,82074090,NOS,0,0,0
ASTTL1579,T2475SV0A/I04074,,OD SP,Asset,TOOL SPARE,STORE,82074090,NOS,0,0,0
ASTTL158,T2394BL0A/B14033,,INSERT,Asset,TOOL SPARE,STORE,82074090,NOS,0,0,0
ASTTL1580,T2475SV0A/I04074,,OD PHP,Asset,TOOL SPARE,STORE,82074090,NOS,0,0,0
ASTTL1581,T2475SV0A/I04074,,PHP,Asset,TOOL SPARE,STORE,82074090,NOS,0,0,0
ASTTL1582,T2475SV0A/I04074,,DP,Asset,TOOL SPARE,STORE,82074090,NOS,0,0,0
ASTTL1583,T2475SV0A/I04074,,PUNCH,Asset,TOOL SPARE,STORE,82074090,NOS,0,0,0
ASTTL1584,T2475SV0A/I04074,,BUFFER,Asset,TOOL SPARE,STORE,82074090,NOS,0,0,0
ASTTL1585,T2475SV0A/I04074,,GUIDE PIN,Asset,TOOL SPARE,STORE,82074090,NOS,0,0,0
ASTTL1586,T2475SV0A/I04074,,SP,Asset,TOOL SPARE,STORE,82074090,NOS,0,0,0
ASTTL1587,T2475SV0A/I04074,,ID PUNCH,Asset,TOOL SPARE,STORE,82074090,NOS,0,0,0
ASTTL1588,T2475SV0A/I04074,,GAUGE PALTE,Asset,TOOL SPARE,STORE,82074090,NOS,0,0,0
ASTTL1589,T2452BL0A/I04075,,PUNCH,Asset,TOOL SPARE,STORE,82074090,NOS,0,0,0
ASTTL159,T2394BL0A/B14033,,ID PUNCH,Asset,TOOL SPARE,STORE,82074090,NOS,0,0,0
ASTTL1590,T2452BL0A/I04075,,BUFFER,Asset,TOOL SPARE,STORE,82074090,NOS,0,0,0
ASTTL1591,T2452BL0A/I04075,,ID PUNCH,Asset,TOOL SPARE,STORE,82074090,NOS,0,0,0
ASTTL1592,T2467BL0A/I04076,,SP,Asset,TOOL SPARE,STORE,82074090,NOS,0,0,0
ASTTL1593,T2467BL0A/I04076,,PUNCH,Asset,TOOL SPARE,STORE,82074090,NOS,0,0,0
ASTTL1594,T2467BL0A/I04076,,ID PUNCH,Asset,TOOL SPARE,STORE,82074090,NOS,0,0,0
ASTTL1595,T2467BL0A/I04076,,BUFFER,Asset,TOOL SPARE,STORE,82074090,NOS,0,0,0
ASTTL1596,T2467BL0A/I04076,,DP,Asset,TOOL SPARE,STORE,82074090,NOS,0,0,0
ASTTL1597,T2467BL0A/I04076,,PHP,Asset,TOOL SPARE,STORE,82074090,NOS,0,0,0
ASTTL1598,T2451FM0A/I04076,,PHP,Asset,TOOL SPARE,STORE,82074090,NOS,0,0,0
ASTTL1599,T2451FM0A/I04076,,DP,Asset,TOOL SPARE,STORE,82074090,NOS,0,0,0
ASTTL16,T2235FM2A/B14002,,BENDING BUFFER,Asset,TOOL SPARE,STORE,82074090,NOS,0,0,0
ASTTL160,T2394BL0A/B14033,,BUFFER WORKING PLATE,Asset,TOOL SPARE,STORE,82074090,NOS,0,0,0
ASTTL1600,T2468BL0A/I04077,,PUNCH,Asset,TOOL SPARE,STORE,82074090,NOS,0,0,0
ASTTL1601,T2468BL0A/I04077,,BUFFER,Asset,TOOL SPARE,STORE,82074090,NOS,0,0,0
ASTTL1602,T2468BL0A/I04077,,ID PUNCH,Asset,TOOL SPARE,STORE,82074090,NOS,0,0,0
ASTTL1603,T2468BL0A/I04077,,DP,Asset,TOOL SPARE,STORE,82074090,NOS,0,0,0
ASTTL1604,T2484BL0A/I04078,,DP,Asset,TOOL SPARE,STORE,82074090,NOS,0,0,0
ASTTL1605,T2484BL0A/I04078,,PUNCH,Asset,TOOL SPARE,STORE,82074090,NOS,0,0,0
ASTTL1606,T2484BL0A/I04078,,BUFFER,Asset,TOOL SPARE,STORE,82074090,NOS,0,0,0
ASTTL1607,T2484BL0A/I04078,,ID PUNCH,Asset,TOOL SPARE,STORE,82074090,NOS,0,0,0
ASTTL1608,T2405BLOA/I04078,,BUFFER,Asset,TOOL SPARE,STORE,82074090,NOS,0,0,0
ASTTL1609,T2473BL0A/I04079,,DP,Asset,TOOL SPARE,STORE,82074090,NOS,0,0,0
ASTTL161,T2394BL0A/B14033,,DIE PLATE,Asset,TOOL SPARE,STORE,82074090,NOS,0,0,0
ASTTL1610,T2473BL0A/I04079,,ID PHP,Asset,TOOL SPARE,STORE,82074090,NOS,0,0,0
ASTTL1611,T2473BL0A/I04079,,SP,Asset,TOOL SPARE,STORE,82074090,NOS,0,0,0
ASTTL1612,T2473BL0A/I04079,,PUNCH,Asset,TOOL SPARE,STORE,82074090,NOS,0,0,0
ASTTL1613,T2473BL0A/I04079,,ID PUNCH,Asset,TOOL SPARE,STORE,82074090,NOS,0,0,0
ASTTL1614,T2473BL0A/I04079,,BUFFER,Asset,TOOL SPARE,STORE,82074090,NOS,0,0,0
ASTTL1615,T2494SVOA/I04079,,PUNCH,Asset,TOOL SPARE,STORE,82074090,NOS,0,0,0
ASTTL1616,T2494SVOA/I04079,,DP,Asset,TOOL SPARE,STORE,82074090,NOS,0,0,0
ASTTL1617,T2586CH0A/I04079,,PUNCH,Asset,TOOL SPARE,STORE,82074090,NOS,0,0,0
ASTTL1618,T2481FM0A/I04079,,BOTTOM PUNCH,Asset,TOOL SPARE,STORE,82074090,NOS,0,0,0
ASTTL1619,T2758FMOA/I04079,,LOWER PUNCH,Asset,TOOL SPARE,STORE,82074090,NOS,0,0,0
ASTTL162,T2394BL0A/B14033,,PHP,Asset,TOOL SPARE,STORE,82074090,NOS,0,0,0
ASTTL1620,T2758FMOA/I04079,,UPPER PUNCH,Asset,TOOL SPARE,STORE,82074090,NOS,0,0,0
ASTTL1621,T2984/I04079,,UPPER PUNCH,Asset,TOOL SPARE,STORE,82074090,NOS,0,0,0
ASTTL1622,T3586FMOA/I04079,,LOWER PUNCH,Asset,TOOL SPARE,STORE,82074090,NOS,0,0,0
ASTTL1623,T4050BL0A/I04080,,PHP,Asset,TOOL SPARE,STORE,82074090,NOS,0,0,0
ASTTL1624,T4050BL0A/I04080,,ID PHP,Asset,TOOL SPARE,STORE,82074090,NOS,0,0,0
ASTTL1625,T4050BL0A/I04080,,BUFFER,Asset,TOOL SPARE,STORE,82074090,NOS,0,0,0
ASTTL1626,T4050BL0A/I04080,,PUNCH,Asset,TOOL SPARE,STORE,82074090,NOS,0,0,0
ASTTL1627,T2487BL0A/I04082,,DP,Asset,TOOL SPARE,STORE,82074090,NOS,0,0,0
ASTTL1628,T2487BL0A/I04082,,SP,Asset,TOOL SPARE,STORE,82074090,NOS,0,0,0
ASTTL1629,T2487BL0A/I04082,,PUNCH,Asset,TOOL SPARE,STORE,82074090,NOS,0,0,0
ASTTL163,T2394BL0A/B14033,,ID PHP,Asset,TOOL SPARE,STORE,82074090,NOS,0,0,0
ASTTL1630,T2487BL0A/I04082,,BUFFER,Asset,TOOL SPARE,STORE,82074090,NOS,0,0,0
ASTTL1631,T2487BL0A/I04082,,GAUGE PLATE,Asset,TOOL SPARE,STORE,82074090,NOS,0,0,0
ASTTL1632,T2489HL0A/I04082,,SP,Asset,TOOL SPARE,STORE,82074090,NOS,0,0,0
ASTTL1633,T2489HL0A/I04082,,PHP,Asset,TOOL SPARE,STORE,82074090,NOS,0,0,0
ASTTL1634,T2489HL0A/I04082,,DP,Asset,TOOL SPARE,STORE,82074090,NOS,0,0,0
ASTTL1635,T2488BL0A/I04083,,DP,Asset,TOOL SPARE,STORE,82074090,NOS,0,0,0
ASTTL1636,T2488BL0A/I04083,,PUNCH,Asset,TOOL SPARE,STORE,82074090,NOS,0,0,0
ASTTL1637,T2488BL0A/I04083,,BUFFER,Asset,TOOL SPARE,STORE,82074090,NOS,0,0,0
ASTTL1638,T2488BL0A/I04083,,ID PUNCH,Asset,TOOL SPARE,STORE,82074090,NOS,0,0,0
ASTTL1639,T2488BL0A/I04083,,INSERT,Asset,TOOL SPARE,STORE,82074090,NOS,0,0,0
ASTTL164,T2394BL0A/B14033,,BUFFER,Asset,TOOL SPARE,STORE,82074090,NOS,0,0,0
ASTTL1640,T2491HL0A/I04083,,DP,Asset,TOOL SPARE,STORE,82074090,NOS,0,0,0
ASTTL1641,T2491HL0A/I04083,,GAUGE PLATE,Asset,TOOL SPARE,STORE,82074090,NOS,0,0,0
ASTTL1642,T2493BL0A/I04084,,DP,Asset,TOOL SPARE,STORE,82074090,NOS,0,0,0
ASTTL1643,T2493BL0A/I04084,,ID PHP,Asset,TOOL SPARE,STORE,82074090,NOS,0,0,0
ASTTL1644,T2493BL0A/I04084,,SP,Asset,TOOL SPARE,STORE,82074090,NOS,0,0,0
ASTTL1645,T2493BL0A/I04084,,ID PUNCH,Asset,TOOL SPARE,STORE,82074090,NOS,0,0,0
ASTTL1646,T2493BL0A/I04084,,BUFFER,Asset,TOOL SPARE,STORE,82074090,NOS,0,0,0
ASTTL1647,T2493BL0A/I04084,,PUNCH,Asset,TOOL SPARE,STORE,82074090,NOS,0,0,0
ASTTL1648,T2492BL0A/I04085,,ID PHP,Asset,TOOL SPARE,STORE,82074090,NOS,0,0,0
ASTTL1649,T2492BL0A/I04085,,SP,Asset,TOOL SPARE,STORE,82074090,NOS,0,0,0
ASTTL165,T2394BL0A/B14033,,BWP,Asset,TOOL SPARE,STORE,82074090,NOS,0,0,0
ASTTL1650,T2492BL0A/I04085,,PHP,Asset,TOOL SPARE,STORE,82074090,NOS,0,0,0
ASTTL1651,T2492BL0A/I04085,,PUNCH,Asset,TOOL SPARE,STORE,82074090,NOS,0,0,0
ASTTL1652,T2492BL0A/I04085,,BUFFER,Asset,TOOL SPARE,STORE,82074090,NOS,0,0,0
ASTTL1653,T2492BL0A/I04085,,ID PUNCH,Asset,TOOL SPARE,STORE,82074090,NOS,0,0,0
ASTTL1654,BLOA/I04086,,DP,Asset,TOOL SPARE,STORE,82074090,NOS,0,0,0
ASTTL1655,T2584BL0A/I04087,,BUFFER,Asset,TOOL SPARE,STORE,82074090,NOS,0,0,0
ASTTL1656,T2584BL0A/I04087,,PUNCH,Asset,TOOL SPARE,STORE,82074090,NOS,0,0,0
ASTTL1657,T2584BL0A/I04087,,ID PUNCH,Asset,TOOL SPARE,STORE,82074090,NOS,0,0,0
ASTTL1658,T2585BL0A(1C)/I04089,,ID PHP,Asset,TOOL SPARE,STORE,82074090,NOS,0,0,0
ASTTL1659,T2585BL0A(1C)/I04089,,BUFFER,Asset,TOOL SPARE,STORE,82074090,NOS,0,0,0
ASTTL166,T2568FM1A/B14033,,DIE INSERT,Asset,TOOL SPARE,STORE,82074090,NOS,0,0,0
ASTTL1660,T2585BL0A(1C)/I04089,,PUNCH,Asset,TOOL SPARE,STORE,82074090,NOS,0,0,0
ASTTL1661,T2585BL0A(1C)/I04089,,ID PUNCH,Asset,TOOL SPARE,STORE,82074090,NOS,0,0,0
ASTTL1662,T3822BL0A(2C)/I04089,,BUFFER,Asset,TOOL SPARE,STORE,82074090,NOS,0,0,0
ASTTL1663,T3822BL0A(2C)/I04089,,DP,Asset,TOOL SPARE,STORE,82074090,NOS,0,0,0
ASTTL1664,T2771SV0A/I04089,,DPBP,Asset,TOOL SPARE,STORE,82074090,NOS,0,0,0
ASTTL1665,T2771SV0A/I04089,,IDPHP,Asset,TOOL SPARE,STORE,82074090,NOS,0,0,0
ASTTL1666,T2771SV0A/I04089,,PHP,Asset,TOOL SPARE,STORE,82074090,NOS,0,0,0
ASTTL1667,T2771SV0A/I04089,,PHBP,Asset,TOOL SPARE,STORE,82074090,NOS,0,0,0
ASTTL1668,T2771SV0A/I04089,,DP,Asset,TOOL SPARE,STORE,82074090,NOS,0,0,0
ASTTL1669,T2771SV0A/I04089,,SP,Asset,TOOL SPARE,STORE,82074090,NOS,0,0,0
ASTTL167,T2568FM1A/B14033,,INSERT 1,Asset,TOOL SPARE,STORE,82074090,NOS,0,0,0
ASTTL1670,T2771SV0A/I04089,,BWP,Asset,TOOL SPARE,STORE,82074090,NOS,0,0,0
ASTTL1671,T2771SV0A/I04089,,PUNCH,Asset,TOOL SPARE,STORE,82074090,NOS,0,0,0
ASTTL1672,T2771SV0A/I04089,,ID PUNCH,Asset,TOOL SPARE,STORE,82074090,NOS,0,0,0
ASTTL1673,T2771SV0A/I04089,,BUFFER,Asset,TOOL SPARE,STORE,82074090,NOS,0,0,0
ASTTL1674,T4776BLOA/I04089,,DP,Asset,TOOL SPARE,STORE,82074090,NOS,0,0,0
ASTTL1675,T4776BLOA/I04089,,BUFFER,Asset,TOOL SPARE,STORE,82074090,NOS,0,0,0
ASTTL1676,T2603FM0A/I04090/92,,LANCING PHP,Asset,TOOL SPARE,STORE,82074090,NOS,0,0,0
ASTTL1677,T2603FM0A/I04090/92,,UPPER PHP,Asset,TOOL SPARE,STORE,82074090,NOS,0,0,0
ASTTL1678,T2603FM0A/I04090/92,,GAUGE PLATE,Asset,TOOL SPARE,STORE,82074090,NOS,0,0,0
ASTTL1679,T2603FM0A/I04090/92,,INSERT 2,Asset,TOOL SPARE,STORE,82074090,NOS,0,0,0
ASTTL168,T2568FM1A/B14033,,DIE INSERT 1,Asset,TOOL SPARE,STORE,82074090,NOS,0,0,0
ASTTL1680,T2603FM0A/I04090/92,,UP INSERT,Asset,TOOL SPARE,STORE,82074090,NOS,0,0,0
ASTTL1681,T2603FM0A/I04090/92,,LANCING PUNCH,Asset,TOOL SPARE,STORE,82074090,NOS,0,0,0
ASTTL1682,T2603FM0A/I04090/92,,WASHER LACK INSERT,Asset,TOOL SPARE,STORE,82074090,NOS,0,0,0
ASTTL1683,T2603FM0A/I04090/92,,UPPER PUNCH INSERT,Asset,TOOL SPARE,STORE,82074090,NOS,0,0,0
ASTTL1684,T2704BL0A/I04090/92,,ID PUNCH,Asset,TOOL SPARE,STORE,82074090,NOS,0,0,0
ASTTL1685,T3042BLOA/I04093,,DP,Asset,TOOL SPARE,STORE,82074090,NOS,0,0,0
ASTTL1686,T3042BLOA/I04093,,SP,Asset,TOOL SPARE,STORE,82074090,NOS,0,0,0
ASTTL1687,MFOA/I04093,,CENTRE UPPER PUNCH,Asset,TOOL SPARE,STORE,82074090,NOS,0,0,0
ASTTL1688,T2652FM1A/I04094,,DP,Asset,TOOL SPARE,STORE,82074090,NOS,0,0,0
ASTTL1689,T2652FM1A/I04094,,PUNCH,Asset,TOOL SPARE,STORE,82074090,NOS,0,0,0
ASTTL169,T2568FM1A/B14033,,INSERT 2,Asset,TOOL SPARE,STORE,82074090,NOS,0,0,0
ASTTL1690,T2652FM1A/I04094,,BUFFER,Asset,TOOL SPARE,STORE,82074090,NOS,0,0,0
ASTTL1691,T2664DROA/I04094,,PUNCH,Asset,TOOL SPARE,STORE,82074090,NOS,0,0,0
ASTTL1692,T2667TROA/I04094,,PHP,Asset,TOOL SPARE,STORE,82074090,NOS,0,0,0
ASTTL1693,T2667TROA/I04094,,SP,Asset,TOOL SPARE,STORE,82074090,NOS,0,0,0
ASTTL1694,T2667TROA/I04094,,PUNCH,Asset,TOOL SPARE,STORE,82074090,NOS,0,0,0
ASTTL1695,T2644FMOA/I04094,,SP,Asset,TOOL SPARE,STORE,82074090,NOS,0,0,0
ASTTL1696,T2644FMOA/I04094,,PUNCH,Asset,TOOL SPARE,STORE,82074090,NOS,0,0,0
ASTTL1697,T2841BL0A/I04095,,PUNCH,Asset,TOOL SPARE,STORE,82074090,NOS,0,0,0
ASTTL1698,T2841BL0A/I04095,,DP INSERT,Asset,TOOL SPARE,STORE,82074090,NOS,0,0,0
ASTTL1699,T2841BL0A/I04095,,U RIGHT INSERT,Asset,TOOL SPARE,STORE,82074090,NOS,0,0,0
ASTTL17,T2235FM2A/B14002,,BUFFER,Asset,TOOL SPARE,STORE,82074090,NOS,0,0,0
ASTTL170,T2568FM1A/B14033,,INSERT 3,Asset,TOOL SPARE,STORE,82074090,NOS,0,0,0
ASTTL1700,T2841BL0A/I04095,,U RIGHT PUNCH INSERT,Asset,TOOL SPARE,STORE,82074090,NOS,0,0,0
ASTTL1701,T2841BL0A/I04095,,DP BP,Asset,TOOL SPARE,STORE,82074090,NOS,0,0,0
ASTTL1702,T2841BL0A/I04095,,PHP,Asset,TOOL SPARE,STORE,82074090,NOS,0,0,0
ASTTL1703,T2841BL0A/I04095,,PHBP,Asset,TOOL SPARE,STORE,82074090,NOS,0,0,0
ASTTL1704,T2841BL0A/I04095,,N N S,Asset,TOOL SPARE,STORE,82074090,NOS,0,0,0
ASTTL1705,MFOA/I04095,,DPBP,Asset,TOOL SPARE,STORE,82074090,NOS,0,0,0
ASTTL1706,MFOA/I04095,,PHBP,Asset,TOOL SPARE,STORE,82074090,NOS,0,0,0
ASTTL1707,T2804FM0A/I04095,,MENDRILL,Asset,TOOL SPARE,STORE,82074090,NOS,0,0,0
ASTTL1708,T2804FM0A/I04095,,U RIGHT PUNCH INSERT,Asset,TOOL SPARE,STORE,82074090,NOS,0,0,0
ASTTL1709,T2804FM0A/I04095,,PUNCH,Asset,TOOL SPARE,STORE,82074090,NOS,0,0,0
ASTTL171,T2568FM1A/B14033,,BUFFER,Asset,TOOL SPARE,STORE,82074090,NOS,0,0,0
ASTTL1710,T2676BL0A/I04096,,DIE PLATE,Asset,TOOL SPARE,STORE,82074090,NOS,0,0,0
ASTTL1711,T2676BL0A/I04096,,PUNCH,Asset,TOOL SPARE,STORE,82074090,NOS,0,0,0
ASTTL1712,T2676BL0A/I04096,,ID PUNCH,Asset,TOOL SPARE,STORE,82074090,NOS,0,0,0
ASTTL1713,T2676BL0A/I04096,,PUNCH & ID PUNCH,Asset,TOOL SPARE,STORE,82074090,NOS,0,0,0
ASTTL1714,T2657FM0A/I04096,,PHP,Asset,TOOL SPARE,STORE,82074090,NOS,0,0,0
ASTTL1715,T2657FM0A/I04096,,PUNCH,Asset,TOOL SPARE,STORE,82074090,NOS,0,0,0
ASTTL1716,T2657FM0A/I04096,,PUNCH INSERT,Asset,TOOL SPARE,STORE,82074090,NOS,0,0,0
ASTTL1717,T2657FM0A/I04096,,BUFFER,Asset,TOOL SPARE,STORE,82074090,NOS,0,0,0
ASTTL1718,T2652FM1A/I04097,,DIE PLATE,Asset,TOOL SPARE,STORE,82074090,NOS,0,0,0
ASTTL1719,T2652FM1A/I04097,,PUNCH,Asset,TOOL SPARE,STORE,82074090,NOS,0,0,0
ASTTL172,T2568FM1A/B14033,,BUFFER INSERT,Asset,TOOL SPARE,STORE,82074090,NOS,0,0,0
ASTTL1720,T2652FM1A/I04097,,BUFFER,Asset,TOOL SPARE,STORE,82074090,NOS,0,0,0
ASTTL1721,T2664DR0A/I04097,,PUNCH,Asset,TOOL SPARE,STORE,82074090,NOS,0,0,0
ASTTL1722,T2667TR0A/I04097,,PHP,Asset,TOOL SPARE,STORE,82074090,NOS,0,0,0
ASTTL1723,T2667TR0A/I04097,,SP,Asset,TOOL SPARE,STORE,82074090,NOS,0,0,0
ASTTL1724,T2667TR0A/I04097,,PUNCH,Asset,TOOL SPARE,STORE,82074090,NOS,0,0,0
ASTTL1725,T2644FM0A/I04097,,SP,Asset,TOOL SPARE,STORE,82074090,NOS,0,0,0
ASTTL1726,T2644FM0A/I04097,,PUNCH,Asset,TOOL SPARE,STORE,82074090,NOS,0,0,0
ASTTL1727,T2658BL0A/I04097,,DP,Asset,TOOL SPARE,STORE,82074090,NOS,0,0,0
ASTTL1728,T2658BL0A/I04097,,PUNCH,Asset,TOOL SPARE,STORE,82074090,NOS,0,0,0
ASTTL1729,T2658BL0A/I04097,,ID PUNCH,Asset,TOOL SPARE,STORE,82074090,NOS,0,0,0
ASTTL173,T2568FM1A/B14033,,PUNCH,Asset,TOOL SPARE,STORE,82074090,NOS,0,0,0
ASTTL1730,T2658BL0A/I04097,,BUFFER,Asset,TOOL SPARE,STORE,82074090,NOS,0,0,0
ASTTL1731,T2158BLOA/I04097,,PUNCH,Asset,TOOL SPARE,STORE,82074090,NOS,0,0,0
ASTTL1732,T2656FM0A/I04097,,TOP PUNCH,Asset,TOOL SPARE,STORE,82074090,NOS,0,0,0
ASTTL1733,T1514BL0A/I04098,,PUNCH,Asset,TOOL SPARE,STORE,82074090,NOS,0,0,0
ASTTL1734,T1514BL0A/I04098,,BUFFER,Asset,TOOL SPARE,STORE,82074090,NOS,0,0,0
ASTTL1735,T1514BL0A/I04098,,ID PUNCH,Asset,TOOL SPARE,STORE,82074090,NOS,0,0,0
ASTTL1736,T1514BL0A/I04098,,DIE BUSH,Asset,TOOL SPARE,STORE,82074090,NOS,0,0,0
ASTTL1737,T2660BL0A/I04099,,DP,Asset,TOOL SPARE,STORE,82074090,NOS,0,0,0
ASTTL1738,T2660BL0A/I04099,,ID PHBP,Asset,TOOL SPARE,STORE,82074090,NOS,0,0,0
ASTTL1739,T2660BL0A/I04099,,DP INSERT,Asset,TOOL SPARE,STORE,82074090,NOS,0,0,0
ASTTL174,T2568FM1A/B14033,,DIE INSERT,Asset,TOOL SPARE,STORE,82074090,NOS,0,0,0
ASTTL1740,T2660BL0A/I04099,,ID PUNCH,Asset,TOOL SPARE,STORE,82074090,NOS,0,0,0
ASTTL1741,T2660BL0A/I04099,,BUFFER,Asset,TOOL SPARE,STORE,82074090,NOS,0,0,0
ASTTL1742,T2660BL0A/I04099,,ID PIN,Asset,TOOL SPARE,STORE,82074090,NOS,0,0,0
ASTTL1743,T2660BL0A/I04099,,BUFFER INSERT - 2,Asset,TOOL SPARE,STORE,82074090,NOS,0,0,0
ASTTL1744,T2660BL0A/I04099,,2GS INSERT,Asset,TOOL SPARE,STORE,82074090,NOS,0,0,0
ASTTL1745,T2660BL0A/I04099,,INSERT,Asset,TOOL SPARE,STORE,82074090,NOS,0,0,0
ASTTL1746,T2660BL0A/I04099,,INSERT = 11,Asset,TOOL SPARE,STORE,82074090,NOS,0,0,0
ASTTL1747,T2660BL0A/I04099,,INSERT 18-20,Asset,TOOL SPARE,STORE,82074090,NOS,0,0,0
ASTTL1748,T2660BL0A/I04099,,INSERT 1,Asset,TOOL SPARE,STORE,82074090,NOS,0,0,0
ASTTL1749,T2660BL0A/I04099,,INSERT 2,Asset,TOOL SPARE,STORE,82074090,NOS,0,0,0
ASTTL175,T2568FM1A/B14033,,UPPER PUNCH,Asset,TOOL SPARE,STORE,82074090,NOS,0,0,0
ASTTL1750,T2660BL0A/I04099,,INSERT 3,Asset,TOOL SPARE,STORE,82074090,NOS,0,0,0
ASTTL1751,T2677FM0A/I04099,,DP,Asset,TOOL SPARE,STORE,82074090,NOS,0,0,0
ASTTL1752,T2677FM0A/I04099,,BUFFER,Asset,TOOL SPARE,STORE,82074090,NOS,0,0,0
ASTTL1753,T3091CH0A/I04099,,GAUGE PLATE,Asset,TOOL SPARE,STORE,82074090,NOS,0,0,0
ASTTL1754,T3091CH0A/I04099,,DP,Asset,TOOL SPARE,STORE,82074090,NOS,0,0,0
ASTTL1755,T3091CH0A/I04099,,SP,Asset,TOOL SPARE,STORE,82074090,NOS,0,0,0
ASTTL1756,T3091CH0A/I04099,,PHP,Asset,TOOL SPARE,STORE,82074090,NOS,0,0,0
ASTTL1757,T3091CH0A/I04099,,PIERCING PIN,Asset,TOOL SPARE,STORE,82074090,NOS,0,0,0
ASTTL1758,T2659BL0A/I04100,,ID PUNCH,Asset,TOOL SPARE,STORE,82074090,NOS,0,0,0
ASTTL1759,T2659BL0A/I04100,,PUNCH,Asset,TOOL SPARE,STORE,82074090,NOS,0,0,0
ASTTL176,T2568FM1A/B14033,,DIE BLOCK,Asset,TOOL SPARE,STORE,82074090,NOS,0,0,0
ASTTL1760,T2659BL0A/I04100,,BUFFER,Asset,TOOL SPARE,STORE,82074090,NOS,0,0,0
ASTTL1761,T3039BL0A/I04101,,DIE BUSH,Asset,TOOL SPARE,STORE,82074090,NOS,0,0,0
ASTTL1762,T3039BL0A/I04101,,PIERCING BUSH,Asset,TOOL SPARE,STORE,82074090,NOS,0,0,0
ASTTL1763,T3039BL0A/I04101,,DIE INSERT,Asset,TOOL SPARE,STORE,82074090,NOS,0,0,0
ASTTL1764,T2726TROA/I04101,,SP,Asset,TOOL SPARE,STORE,82074090,NOS,0,0,0
ASTTL1765,T2723BLOA/I04101,,SP,Asset,TOOL SPARE,STORE,82074090,NOS,0,0,0
ASTTL1766,FMOA/I04101,,LOWER RIGHT PUNCH,Asset,TOOL SPARE,STORE,82074090,NOS,0,0,0
ASTTL1767,T3239BL0A/I04102,,DP,Asset,TOOL SPARE,STORE,82074090,NOS,0,0,0
ASTTL1768,T3239BL0A/I04102,,SP,Asset,TOOL SPARE,STORE,82074090,NOS,0,0,0
ASTTL1769,T3239BL0A/I04102,,BWP,Asset,TOOL SPARE,STORE,82074090,NOS,0,0,0
ASTTL177,T2572FM2A/B14033,,ID PUNCH,Asset,TOOL SPARE,STORE,82074090,NOS,0,0,0
ASTTL1770,T3239BL0A/I04102,,BUFFER SUPPORT PLATE,Asset,TOOL SPARE,STORE,82074090,NOS,0,0,0
ASTTL1771,T3239BL0A/I04102,,PUNCH,Asset,TOOL SPARE,STORE,82074090,NOS,0,0,0
ASTTL1772,T3239BL0A/I04102,,ID PUNCH,Asset,TOOL SPARE,STORE,82074090,NOS,0,0,0
ASTTL1773,T3239BL0A/I04102,,DIE INSERT,Asset,TOOL SPARE,STORE,82074090,NOS,0,0,0
ASTTL1774,T3195BL0A/I04107,,DIE BUSH,Asset,TOOL SPARE,STORE,82074090,NOS,0,0,0
ASTTL1775,T3195BL0A/I04107,,ID PUNCH,Asset,TOOL SPARE,STORE,82074090,NOS,0,0,0
ASTTL1776,T3195BL0A/I04107,,BUFFER,Asset,TOOL SPARE,STORE,82074090,NOS,0,0,0
ASTTL1777,T1134/I04107,,DP,Asset,TOOL SPARE,STORE,82074090,NOS,0,0,0
ASTTL1778,T4303MF0A/I04107,,DIE PLATE INSERT,Asset,TOOL SPARE,STORE,82074090,NOS,0,0,0
ASTTL1779,T4303MF0A/I04107,,INSERT,Asset,TOOL SPARE,STORE,82074090,NOS,0,0,0
ASTTL178,T2572FM2A/B14033,,BUFFER INSERT,Asset,TOOL SPARE,STORE,82074090,NOS,0,0,0
ASTTL1780,T4303MF0A/I04107,,LHS FORMING PUNCH,Asset,TOOL SPARE,STORE,82074090,NOS,0,0,0
ASTTL1781,T4303MF0A/I04107,,LOWER RIGHT PUNCH INSERT,Asset,TOOL SPARE,STORE,82074090,NOS,0,0,0
ASTTL1782,T4303MF0A/I04107,,LOWER PUNCH INSERT,Asset,TOOL SPARE,STORE,82074090,NOS,0,0,0
ASTTL1783,T4303MF0A/I04107,,PUNCH,Asset,TOOL SPARE,STORE,82074090,NOS,0,0,0
ASTTL1784,T4303MF0A/I04107,,PUNCH INSERT,Asset,TOOL SPARE,STORE,82074090,NOS,0,0,0
ASTTL1785,T4303MF0A/I04107,,TOP FORMING INSERT,Asset,TOOL SPARE,STORE,82074090,NOS,0,0,0
ASTTL1786,T4303MF0A/I04107,,UPPER RIGHT PUNCH INSERT,Asset,TOOL SPARE,STORE,82074090,NOS,0,0,0
ASTTL1787,T4303MF0A/I04107,,UR ID PUNCH,Asset,TOOL SPARE,STORE,82074090,NOS,0,0,0
ASTTL1788,T4848MFOA/I04107,,CUTTING DIE INSERT,Asset,TOOL SPARE,STORE,82074090,NOS,0,0,0
ASTTL1789,T4848MFOA/I04107,,CUTTING INSERT,Asset,TOOL SPARE,STORE,82074090,NOS,0,0,0
ASTTL179,T2572FM2A/B14033,,BUFFER HOLDER PLATE,Asset,TOOL SPARE,STORE,82074090,NOS,0,0,0
ASTTL1790,T4304BLOA/I04107,,SP,Asset,TOOL SPARE,STORE,82074090,NOS,0,0,0
ASTTL1791,T4304BLOA/I04107,,DP,Asset,TOOL SPARE,STORE,82074090,NOS,0,0,0
ASTTL1792,T3195BL0A/I04109,,DP,Asset,TOOL SPARE,STORE,82074090,NOS,0,0,0
ASTTL1793,T3195BL0A/I04109,,SP,Asset,TOOL SPARE,STORE,82074090,NOS,0,0,0
ASTTL1794,T3195BL0A/I04109,,ID PUNCH,Asset,TOOL SPARE,STORE,82074090,NOS,0,0,0
ASTTL1795,T3195BL0A/I04109,,BUFFER,Asset,TOOL SPARE,STORE,82074090,NOS,0,0,0
ASTTL1796,T3195BL0A/I04109,,PUNCH,Asset,TOOL SPARE,STORE,82074090,NOS,0,0,0
ASTTL1797,T1567BL0A/I04119,,SP,Asset,TOOL SPARE,STORE,82074090,NOS,0,0,0
ASTTL1798,T1567BL0A/I04119,,PUNCH,Asset,TOOL SPARE,STORE,82074090,NOS,0,0,0
ASTTL1799,T1567BL0A/I04119,,BUFFER,Asset,TOOL SPARE,STORE,82074090,NOS,0,0,0
ASTTL18,T2235FM2A/B14002,,SLIDING PUNCH,Asset,TOOL SPARE,STORE,82074090,NOS,0,0,0
ASTTL180,T2572FM2A/B14033,,PUNCH INSERT,Asset,TOOL SPARE,STORE,82074090,NOS,0,0,0
ASTTL1800,T2911BL0A/I04120,,SP,Asset,TOOL SPARE,STORE,82074090,NOS,0,0,0
ASTTL1801,T2911BL0A/I04120,,DP,Asset,TOOL SPARE,STORE,82074090,NOS,0,0,0
ASTTL1802,T2911BL0A/I04120,,PUNCH,Asset,TOOL SPARE,STORE,82074090,NOS,0,0,0
ASTTL1803,T2311BL0A/I04120,,SP,Asset,TOOL SPARE,STORE,82074090,NOS,0,0,0
ASTTL1804,T2894FM0A/I04120,,DIE INSERT,Asset,TOOL SPARE,STORE,82074090,NOS,0,0,0
ASTTL1805,T2894FM0A/I04120,,PUNCH INSERT,Asset,TOOL SPARE,STORE,82074090,NOS,0,0,0
ASTTL1806,T2894FM0A/I04120,,BUFFER,Asset,TOOL SPARE,STORE,82074090,NOS,0,0,0
ASTTL1807,T2894FM0A/I04120,,LOCATOR PIN,Asset,TOOL SPARE,STORE,82074090,NOS,0,0,0
ASTTL1808,T2894FM0A/I04120,,PUNCH,Asset,TOOL SPARE,STORE,82074090,NOS,0,0,0
ASTTL1809,T1833BL0A/I04121,,ID PUNCH,Asset,TOOL SPARE,STORE,82074090,NOS,0,0,0
ASTTL181,T2572FM2A/B14033,,PUNCH,Asset,TOOL SPARE,STORE,82074090,NOS,0,0,0
ASTTL1810,T1833BL0A/I04121,,PUNCH,Asset,TOOL SPARE,STORE,82074090,NOS,0,0,0
ASTTL1811,T3287BL0A/I04123,,DP,Asset,TOOL SPARE,STORE,82074090,NOS,0,0,0
ASTTL1812,T3287BL0A/I04123,,ID PUNCH,Asset,TOOL SPARE,STORE,82074090,NOS,0,0,0
ASTTL1813,T3287BL0A/I04123,,DIE BUSH,Asset,TOOL SPARE,STORE,82074090,NOS,0,0,0
ASTTL1814,T3287BL0A/I04123,,FRONT + BACK PUNCH,Asset,TOOL SPARE,STORE,82074090,NOS,0,0,0
ASTTL1815,T3035BL0A/I04124,,DP,Asset,TOOL SPARE,STORE,82074090,NOS,0,0,0
ASTTL1816,T3035BL0A/I04124,,ID PUNCH,Asset,TOOL SPARE,STORE,82074090,NOS,0,0,0
ASTTL1817,T3053BLOA/I04124,,PUNCH,Asset,TOOL SPARE,STORE,82074090,NOS,0,0,0
ASTTL1818,T3053BLOA/I04124,,PUNCH INSERT,Asset,TOOL SPARE,STORE,82074090,NOS,0,0,0
ASTTL1819,T3081/I04124,,DIE INSERT,Asset,TOOL SPARE,STORE,82074090,NOS,0,0,0
ASTTL182,T2572FM2A/B14033,,PUNCH SP,Asset,TOOL SPARE,STORE,82074090,NOS,0,0,0
ASTTL1820,T3067BL0A/I04125,,DP,Asset,TOOL SPARE,STORE,82074090,NOS,0,0,0
ASTTL1821,T3067BL0A/I04125,,BUFFER,Asset,TOOL SPARE,STORE,82074090,NOS,0,0,0
ASTTL1822,T3064FM0A/I04125,,BUFFER,Asset,TOOL SPARE,STORE,82074090,NOS,0,0,0
ASTTL1823,T3064FM0A/I04125,,DIE INSERT,Asset,TOOL SPARE,STORE,82074090,NOS,0,0,0
ASTTL1824,T3070BL0A/I04126,,PUNCH,Asset,TOOL SPARE,STORE,82074090,NOS,0,0,0
ASTTL1825,T3070BL0A/I04126,,BUFFER,Asset,TOOL SPARE,STORE,82074090,NOS,0,0,0
ASTTL1826,T3070BL0A/I04126,,UPPER PUNCH,Asset,TOOL SPARE,STORE,82074090,NOS,0,0,0
ASTTL1827,T3081BL0A/I04127,,BUFFER,Asset,TOOL SPARE,STORE,82074090,NOS,0,0,0
ASTTL1828,T3081BL0A/I04127,,PUNCH,Asset,TOOL SPARE,STORE,82074090,NOS,0,0,0
ASTTL1829,T3081BL0A/I04127,,DP,Asset,TOOL SPARE,STORE,82074090,NOS,0,0,0
ASTTL183,T2572FM2A/B14033,,BUFFER,Asset,TOOL SPARE,STORE,82074090,NOS,0,0,0
ASTTL1830,T3081BL0A/I04127,,SP,Asset,TOOL SPARE,STORE,82074090,NOS,0,0,0
ASTTL1831,T3062FM0A/I04127,,DP,Asset,TOOL SPARE,STORE,82074090,NOS,0,0,0
ASTTL1832,T3062FM0A/I04127,,DIE INSERT,Asset,TOOL SPARE,STORE,82074090,NOS,0,0,0
ASTTL1833,T3062FM0A/I04127,,BUFFER,Asset,TOOL SPARE,STORE,82074090,NOS,0,0,0
ASTTL1834,T3062FM0A/I04127,,PUNCH,Asset,TOOL SPARE,STORE,82074090,NOS,0,0,0
ASTTL1835,BLOA/I04128,,DP,Asset,TOOL SPARE,STORE,82074090,NOS,0,0,0
ASTTL1836,PROTO BEND/I04128,,DIE INSERT,Asset,TOOL SPARE,STORE,82074090,NOS,0,0,0
ASTTL1837,T3492BL0A/I04129,,DP,Asset,TOOL SPARE,STORE,82074090,NOS,0,0,0
ASTTL1838,T3492BL0A/I04129,,PUNCH,Asset,TOOL SPARE,STORE,82074090,NOS,0,0,0
ASTTL1839,T3492BL0A/I04129,,ID PUNCH,Asset,TOOL SPARE,STORE,82074090,NOS,0,0,0
ASTTL184,T2572FM2A/B14033,,BOTTAM PLATE,Asset,TOOL SPARE,STORE,82074090,NOS,0,0,0
ASTTL1840,T3492BL0A/I04129,,IDPUNCH 1,Asset,TOOL SPARE,STORE,82074090,NOS,0,0,0
ASTTL1841,T3492BL0A/I04129,,IDPUNCH 2,Asset,TOOL SPARE,STORE,82074090,NOS,0,0,0
ASTTL1842,T3094FM0A/I04129,,DP,Asset,TOOL SPARE,STORE,82074090,NOS,0,0,0
ASTTL1843,T3094FM0A/I04129,,BWP,Asset,TOOL SPARE,STORE,82074090,NOS,0,0,0
ASTTL1844,T3094FM0A/I04129,,INSERT,Asset,TOOL SPARE,STORE,82074090,NOS,0,0,0
ASTTL1845,T3094FM0A/I04129,,BUFFER,Asset,TOOL SPARE,STORE,82074090,NOS,0,0,0
ASTTL1846,T3094FM0A/I04129,,PUNCH,Asset,TOOL SPARE,STORE,82074090,NOS,0,0,0
ASTTL1847,T3094FM0A/I04129,,PLATE BUFFER,Asset,TOOL SPARE,STORE,82074090,NOS,0,0,0
ASTTL1848,T3498HL0A/I04129,,PUNCH INSERT,Asset,TOOL SPARE,STORE,82074090,NOS,0,0,0
ASTTL1849,T3498HL0A/I04129,,LOCATOR,Asset,TOOL SPARE,STORE,82074090,NOS,0,0,0
ASTTL185,T2572FM2A/B14033,,PHBP,Asset,TOOL SPARE,STORE,82074090,NOS,0,0,0
ASTTL1850,T2569BL0A/I04131,,PUNCH,Asset,TOOL SPARE,STORE,82074090,NOS,0,0,0
ASTTL1851,T3095BLOA/I04131,,PUNCH,Asset,TOOL SPARE,STORE,82074090,NOS,0,0,0
ASTTL1852,T3104BL0A/I04132,,ID PUNCH,Asset,TOOL SPARE,STORE,82074090,NOS,0,0,0
ASTTL1853,T3104BL0A/I04132,,PUNCH,Asset,TOOL SPARE,STORE,82074090,NOS,0,0,0
ASTTL1854,T3136BL0A/I04138,,DP,Asset,TOOL SPARE,STORE,82074090,NOS,0,0,0
ASTTL1855,T3136BL0A/I04138,,PUNCH,Asset,TOOL SPARE,STORE,82074090,NOS,0,0,0
ASTTL1856,T3136BL0A/I04138,,BUFFER,Asset,TOOL SPARE,STORE,82074090,NOS,0,0,0
ASTTL1857,T3136BL0A/I04138,,ID PUNCH,Asset,TOOL SPARE,STORE,82074090,NOS,0,0,0
ASTTL1858,T3137BL0A/I04140,,INSERT,Asset,TOOL SPARE,STORE,82074090,NOS,0,0,0
ASTTL1859,T3137BL0A/I04140,,CIRCLIP INSERT,Asset,TOOL SPARE,STORE,82074090,NOS,0,0,0
ASTTL186,T2572FM2A/B14033,,IDPHP,Asset,TOOL SPARE,STORE,82074090,NOS,0,0,0
ASTTL1860,T3137BL0A/I04140,,DP,Asset,TOOL SPARE,STORE,82074090,NOS,0,0,0
ASTTL1861,T3137BL0A/I04140,,PUNCH,Asset,TOOL SPARE,STORE,82074090,NOS,0,0,0
ASTTL1862,T3215BL0A/I04142,,PHP,Asset,TOOL SPARE,STORE,82074090,NOS,0,0,0
ASTTL1863,T3215BL0A/I04142,,DP,Asset,TOOL SPARE,STORE,82074090,NOS,0,0,0
ASTTL1864,T3215BL0A/I04142,,SP,Asset,TOOL SPARE,STORE,82074090,NOS,0,0,0
ASTTL1865,T3215BL0A/I04142,,ID PHP,Asset,TOOL SPARE,STORE,82074090,NOS,0,0,0
ASTTL1866,T3215BL0A/I04142,,PUNCH,Asset,TOOL SPARE,STORE,82074090,NOS,0,0,0
ASTTL1867,T3215BL0A/I04142,,BUFFER,Asset,TOOL SPARE,STORE,82074090,NOS,0,0,0
ASTTL1868,T3215BL0A/I04142,,PUNCH,Asset,TOOL SPARE,STORE,82074090,NOS,0,0,0
ASTTL1869,T3215BL0A/I04142,,ID PUNCH,Asset,TOOL SPARE,STORE,82074090,NOS,0,0,0
ASTTL187,T2572FM2A/B14033,,PHP,Asset,TOOL SPARE,STORE,82074090,NOS,0,0,0
ASTTL1870,T3215BL0A/I04142,,HSS PIN,Asset,TOOL SPARE,STORE,82074090,NOS,0,0,0
ASTTL1871,T3156FM0A/I04142,,SP,Asset,TOOL SPARE,STORE,82074090,NOS,0,0,0
ASTTL1872,T3156FM0A/I04142,,BUFFER,Asset,TOOL SPARE,STORE,82074090,NOS,0,0,0
ASTTL1873,T3156FM0A/I04142,,DIE INSERT,Asset,TOOL SPARE,STORE,82074090,NOS,0,0,0
ASTTL1874,T3243BL0A/I04143-A,,PUNCH,Asset,TOOL SPARE,STORE,82074090,NOS,0,0,0
ASTTL1875,T3243BL0A/I04143-A,,DP,Asset,TOOL SPARE,STORE,82074090,NOS,0,0,0
ASTTL1876,T3243BL0A/I04143-A,,ID PUNCH,Asset,TOOL SPARE,STORE,82074090,NOS,0,0,0
ASTTL1877,T3243BL0A/I04143-A,,ID PHBP,Asset,TOOL SPARE,STORE,82074090,NOS,0,0,0
ASTTL1878,T3366TR0A/I04143-A,,ID PUNCH,Asset,TOOL SPARE,STORE,82074090,NOS,0,0,0
ASTTL1879,T3366TR0A/I04143-A,,BUFFER,Asset,TOOL SPARE,STORE,82074090,NOS,0,0,0
ASTTL188,T2572FM2A/B14033,,SP,Asset,TOOL SPARE,STORE,82074090,NOS,0,0,0
ASTTL1880,T3366TR0A/I04143-A,,DP,Asset,TOOL SPARE,STORE,82074090,NOS,0,0,0
ASTTL1881,T3509SP0A/I04143-A,,PUNCH,Asset,TOOL SPARE,STORE,82074090,NOS,0,0,0
ASTTL1882,FLARING/I04143-A,,BUFFER,Asset,TOOL SPARE,STORE,82074090,NOS,0,0,0
ASTTL1883,T3148FM0A/I04143-A,,DP,Asset,TOOL SPARE,STORE,82074090,NOS,0,0,0
ASTTL1884,T3148FM0A/I04143-A,,LOCATOR,Asset,TOOL SPARE,STORE,82074090,NOS,0,0,0
ASTTL1885,T3148FM0A/I04143-A,,ID PHP,Asset,TOOL SPARE,STORE,82074090,NOS,0,0,0
ASTTL1886,T3148FM0A/I04143-A,,BUFFER,Asset,TOOL SPARE,STORE,82074090,NOS,0,0,0
ASTTL1887,T3295BL0A/I04144,,CURIOS PUNCH,Asset,TOOL SPARE,STORE,82074090,NOS,0,0,0
ASTTL1888,T3295BL0A/I04144,,ID PUNCH,Asset,TOOL SPARE,STORE,82074090,NOS,0,0,0
ASTTL1889,T3295BL0A/I04144,,DIE PLATE,Asset,TOOL SPARE,STORE,82074090,NOS,0,0,0
ASTTL189,T2572FM2A/B14033,,DP,Asset,TOOL SPARE,STORE,82074090,NOS,0,0,0
ASTTL1890,T3295BL0A/I04144,,PHP,Asset,TOOL SPARE,STORE,82074090,NOS,0,0,0
ASTTL1891,T3295BL0A/I04144,,ID PHP,Asset,TOOL SPARE,STORE,82074090,NOS,0,0,0
ASTTL1892,T3295BL0A/I04144,,SP,Asset,TOOL SPARE,STORE,82074090,NOS,0,0,0
ASTTL1893,T3295BL0A/I04144,,PUNCH,Asset,TOOL SPARE,STORE,82074090,NOS,0,0,0
ASTTL1894,T3295BL0A/I04144,,BUFFER,Asset,TOOL SPARE,STORE,82074090,NOS,0,0,0
ASTTL1895,T3160CH0A/I04144,,DP,Asset,TOOL SPARE,STORE,82074090,NOS,0,0,0
ASTTL1896,T3160CH0A/I04144,,SP,Asset,TOOL SPARE,STORE,82074090,NOS,0,0,0
ASTTL1897,T3160CH0A/I04144,,DPBP,Asset,TOOL SPARE,STORE,82074090,NOS,0,0,0
ASTTL1898,T3160CH0A/I04144,,CHAMFERINS PUNCH,Asset,TOOL SPARE,STORE,82074090,NOS,0,0,0
ASTTL1899,T3160CH0A/I04144,,PUNCH,Asset,TOOL SPARE,STORE,82074090,NOS,0,0,0
ASTTL19,T2235FM2A/B14002,,PUNCH INSERT,Asset,TOOL SPARE,STORE,82074090,NOS,0,0,0
ASTTL190,T2449FM3A/B14033,,UPPER PUNCH,Asset,TOOL SPARE,STORE,82074090,NOS,0,0,0
ASTTL1900,T3288TR0A/I04144,,PUNCH,Asset,TOOL SPARE,STORE,82074090,NOS,0,0,0
ASTTL1901,T3288TR0A/I04144,,ID PUNCH,Asset,TOOL SPARE,STORE,82074090,NOS,0,0,0
ASTTL1902,T3288TR0A/I04144,,BUFFER,Asset,TOOL SPARE,STORE,82074090,NOS,0,0,0
ASTTL1903,T3288TR0A/I04144,,DP,Asset,TOOL SPARE,STORE,82074090,NOS,0,0,0
ASTTL1904,T3288TR0A/I04144,,ID PHP,Asset,TOOL SPARE,STORE,82074090,NOS,0,0,0
ASTTL1905,T3288TR0A/I04144,,TRMMING LOCATOR,Asset,TOOL SPARE,STORE,82074090,NOS,0,0,0
ASTTL1906,T3288TR0A/I04144,,TRMMING LOCATOR KNOCK OUT,Asset,TOOL SPARE,STORE,82074090,NOS,0,0,0
ASTTL1907,T3288TR0A/I04144,,LOCATOR,Asset,TOOL SPARE,STORE,82074090,NOS,0,0,0
ASTTL1908,T3290SV0A/I04144,,WORKING PLATE,Asset,TOOL SPARE,STORE,82074090,NOS,0,0,0
ASTTL1909,T3290SV0A/I04144,,BUFFER,Asset,TOOL SPARE,STORE,82074090,NOS,0,0,0
ASTTL191,T2453FM4A/B14033,,HOLING PLATE,Asset,TOOL SPARE,STORE,82074090,NOS,0,0,0
ASTTL1910,T3290SV0A/I04144,,ID PUNCH,Asset,TOOL SPARE,STORE,82074090,NOS,0,0,0
ASTTL1911,T3290SV0A/I04144,,IDPHP,Asset,TOOL SPARE,STORE,82074090,NOS,0,0,0
ASTTL1912,T3290SV0A/I04144,,IDPHBP,Asset,TOOL SPARE,STORE,82074090,NOS,0,0,0
ASTTL1913,T3290SV0A/I04144,,PHBP,Asset,TOOL SPARE,STORE,82074090,NOS,0,0,0
ASTTL1914,T3290SV0A/I04144,,KNOCKOUT HOLDER PLATE,Asset,TOOL SPARE,STORE,82074090,NOS,0,0,0
ASTTL1915,T3290SV0A/I04144,,DP,Asset,TOOL SPARE,STORE,82074090,NOS,0,0,0
ASTTL1916,T3268BL0A/I04145,,PUNCH,Asset,TOOL SPARE,STORE,82074090,NOS,0,0,0
ASTTL1917,T3268BL0A/I04145,,ID PUNCH,Asset,TOOL SPARE,STORE,82074090,NOS,0,0,0
ASTTL1918,T3268BL0A/I04145,,BUFFER,Asset,TOOL SPARE,STORE,82074090,NOS,0,0,0
ASTTL1919,T3438HL0A/I04145,,PUNCH,Asset,TOOL SPARE,STORE,82074090,NOS,0,0,0
ASTTL192,T2453FM4A/B14033,,DIE INSERT,Asset,TOOL SPARE,STORE,82074090,NOS,0,0,0
ASTTL1920,T3512FL0A/I04145,,STOPER PIN,Asset,TOOL SPARE,STORE,82074090,NOS,0,0,0
ASTTL1921,T3143BL0A/I04146,,OD PUNCH,Asset,TOOL SPARE,STORE,82074090,NOS,0,0,0
ASTTL1922,T3143BL0A/I04146,,CROPPIN PUNCH,Asset,TOOL SPARE,STORE,82074090,NOS,0,0,0
ASTTL1923,T3143BL0A/I04146,,ID PUNCH,Asset,TOOL SPARE,STORE,82074090,NOS,0,0,0
ASTTL1924,T3143BL0A/I04146,,STOPPER PIN,Asset,TOOL SPARE,STORE,82074090,NOS,0,0,0
ASTTL1925,HLOA/I04146,,GAUGE PLATE,Asset,TOOL SPARE,STORE,82074090,NOS,0,0,0
ASTTL1926,HLOA/I04146,,ID PUNCH,Asset,TOOL SPARE,STORE,82074090,NOS,0,0,0
ASTTL1927,T3140BL0A/I04147,,PUNCH,Asset,TOOL SPARE,STORE,82074090,NOS,0,0,0
ASTTL1928,T3140BL0A/I04147,,BUFFER,Asset,TOOL SPARE,STORE,82074090,NOS,0,0,0
ASTTL1929,BL0A/I04150,,PUNCH,Asset,TOOL SPARE,STORE,82074090,NOS,0,0,0
ASTTL193,T2453FM4A/B14033,,LOWER PUNCH,Asset,TOOL SPARE,STORE,82074090,NOS,0,0,0
ASTTL1930,BLOA/I04152,,DP,Asset,TOOL SPARE,STORE,82074090,NOS,0,0,0
ASTTL1931,T1063BL0A/I04161,,PUNCH,Asset,TOOL SPARE,STORE,82074090,NOS,0,0,0
ASTTL1932,T1063BL0A/I04161,,BUFFER,Asset,TOOL SPARE,STORE,82074090,NOS,0,0,0
ASTTL1933,T4156BL0A/I04161,,DP,Asset,TOOL SPARE,STORE,82074090,NOS,0,0,0
ASTTL1934,T4156BL0A/I04161,,PUNCH,Asset,TOOL SPARE,STORE,82074090,NOS,0,0,0
ASTTL1935,T4156BL0A/I04161,,CROPPIN PUNCH,Asset,TOOL SPARE,STORE,82074090,NOS,0,0,0
ASTTL1936,T3205BL0A/I04162,,BUFFER,Asset,TOOL SPARE,STORE,82074090,NOS,0,0,0
ASTTL1937,T3205BL0A/I04162,,ID PUNCH,Asset,TOOL SPARE,STORE,82074090,NOS,0,0,0
ASTTL1938,T3205BL0A/I04162,,PUNCH,Asset,TOOL SPARE,STORE,82074090,NOS,0,0,0
ASTTL1939,T-PROTO TYPE/I04162,,BEND BUFFER,Asset,TOOL SPARE,STORE,82074090,NOS,0,0,0
ASTTL194,T2453FM4A/B14033,,BOTTOM PLATE,Asset,TOOL SPARE,STORE,82074090,NOS,0,0,0
ASTTL1940,T-PROTO TYPE/I04162,,1ST FORMING PUNCH,Asset,TOOL SPARE,STORE,82074090,NOS,0,0,0
ASTTL1941,T-PROTO TYPE/I04162,,2ND BEND BUFFER,Asset,TOOL SPARE,STORE,82074090,NOS,0,0,0
ASTTL1942,T-PROTO TYPE/I04162,,2ND BEND PUCH,Asset,TOOL SPARE,STORE,82074090,NOS,0,0,0
ASTTL1943,T3194BL0A/I04163,,BUFFER,Asset,TOOL SPARE,STORE,82074090,NOS,0,0,0
ASTTL1944,T3194BL0A/I04163,,OD PUNCH,Asset,TOOL SPARE,STORE,82074090,NOS,0,0,0
ASTTL1945,T3194BL0A/I04163,,CROPPING PUNCH,Asset,TOOL SPARE,STORE,82074090,NOS,0,0,0
ASTTL1946,T3194BL0A/I04163,,CHAMFER PUNCH,Asset,TOOL SPARE,STORE,82074090,NOS,0,0,0
ASTTL1947,T3194BL0A/I04163,,SAVING PUNCH,Asset,TOOL SPARE,STORE,82074090,NOS,0,0,0
ASTTL1948,T3194BL0A/I04163,,LINEAR PLATE,Asset,TOOL SPARE,STORE,82074090,NOS,0,0,0
ASTTL1949,T3291BL0A/I04166,,ID PUNCH,Asset,TOOL SPARE,STORE,82074090,NOS,0,0,0
ASTTL195,T2453FM4A/B14033,,DP,Asset,TOOL SPARE,STORE,82074090,NOS,0,0,0
ASTTL1950,T3291BL0A/I04166,,PUNCH,Asset,TOOL SPARE,STORE,82074090,NOS,0,0,0
ASTTL1951,T3291BL0A/I04166,,BUFFER,Asset,TOOL SPARE,STORE,82074090,NOS,0,0,0
ASTTL1952,T3291BL0A/I04166,,DP,Asset,TOOL SPARE,STORE,82074090,NOS,0,0,0
ASTTL1953,T3296BL0A/I04167,,PUNCH,Asset,TOOL SPARE,STORE,82074090,NOS,0,0,0
ASTTL1954,T3321BL0A/I04169,,PUNCH,Asset,TOOL SPARE,STORE,82074090,NOS,0,0,0
ASTTL1955,T3331BL0S/I04170,,PUNCH,Asset,TOOL SPARE,STORE,82074090,NOS,0,0,0
ASTTL1956,T3354BL0A/I04171,,PUNCH,Asset,TOOL SPARE,STORE,82074090,NOS,0,0,0
ASTTL1957,T3338BL0A/I04172,,PUNCH,Asset,TOOL SPARE,STORE,82074090,NOS,0,0,0
ASTTL1958,T3338BL0A/I04172,,BUFFER,Asset,TOOL SPARE,STORE,82074090,NOS,0,0,0
ASTTL1959,T3349FM0A/I04173,,ID PUNCH,Asset,TOOL SPARE,STORE,82074090,NOS,0,0,0
ASTTL196,T2385BL0A/B14034,,BUFFER,Asset,TOOL SPARE,STORE,82074090,NOS,0,0,0
ASTTL1960,T3349FM0A/I04173,,INSERT,Asset,TOOL SPARE,STORE,82074090,NOS,0,0,0
ASTTL1961,T3349FM0A/I04173,,BUFFER,Asset,TOOL SPARE,STORE,82074090,NOS,0,0,0
ASTTL1962,T3349FM0A/I04173,,PUNCH INSERT,Asset,TOOL SPARE,STORE,82074090,NOS,0,0,0
ASTTL1963,T3349FM0A/I04173,,DP,Asset,TOOL SPARE,STORE,82074090,NOS,0,0,0
ASTTL1964,T3355BL0A/I04173,,DP,Asset,TOOL SPARE,STORE,82074090,NOS,0,0,0
ASTTL1965,T3355BL0A/I04173,,PUNCH,Asset,TOOL SPARE,STORE,82074090,NOS,0,0,0
ASTTL1966,T3355BL0A/I04173,,BUFFER,Asset,TOOL SPARE,STORE,82074090,NOS,0,0,0
ASTTL1967,T3342BL0A/I04174,,PUNCH,Asset,TOOL SPARE,STORE,82074090,NOS,0,0,0
ASTTL1968,BLOA/I04175,,DP,Asset,TOOL SPARE,STORE,82074090,NOS,0,0,0
ASTTL1969,BLOA/I04175,,PHP,Asset,TOOL SPARE,STORE,82074090,NOS,0,0,0
ASTTL197,T2385BL0A/B14034,,SP,Asset,TOOL SPARE,STORE,82074090,NOS,0,0,0
ASTTL1970,T3347FMOA/I04175,,DP,Asset,TOOL SPARE,STORE,82074090,NOS,0,0,0
ASTTL1971,T3347FMOA/I04175,,PHP,Asset,TOOL SPARE,STORE,82074090,NOS,0,0,0
ASTTL1972,T3347FMOA/I04175,,IDPHP,Asset,TOOL SPARE,STORE,82074090,NOS,0,0,0
ASTTL1973,T3347FMOA/I04175,,PUNCH,Asset,TOOL SPARE,STORE,82074090,NOS,0,0,0
ASTTL1974,T3347FMOA/I04175,,BUFFER,Asset,TOOL SPARE,STORE,82074090,NOS,0,0,0
ASTTL1975,T3347FMOA/I04175,,ID LOCATOR,Asset,TOOL SPARE,STORE,82074090,NOS,0,0,0
ASTTL1976,T3347FMOA/I04175,,ID PUNCH,Asset,TOOL SPARE,STORE,82074090,NOS,0,0,0
ASTTL1977,T3347FMOA/I04175,,PUNCH + BUFFER,Asset,TOOL SPARE,STORE,82074090,NOS,0,0,0
ASTTL1978,T3340BL0A/I04176,,DP,Asset,TOOL SPARE,STORE,82074090,NOS,0,0,0
ASTTL1979,T3340BL0A/I04176,,PUNCH,Asset,TOOL SPARE,STORE,82074090,NOS,0,0,0
ASTTL198,T2385BL0A/B14034,,PHP,Asset,TOOL SPARE,STORE,82074090,NOS,0,0,0
ASTTL1980,T3340BL0A/I04176,,BUFFER,Asset,TOOL SPARE,STORE,82074090,NOS,0,0,0
ASTTL1981,T3340BL0A/I04176,,ID PUNCH,Asset,TOOL SPARE,STORE,82074090,NOS,0,0,0
ASTTL1982,T3340BL0A/I04176,,WASHER BUFFER,Asset,TOOL SPARE,STORE,82074090,NOS,0,0,0
ASTTL1983,T3345HL0A/I04178,,GAUGE PLATE,Asset,TOOL SPARE,STORE,82074090,NOS,0,0,0
ASTTL1984,T3345HL0A/I04178,,PUNCH,Asset,TOOL SPARE,STORE,82074090,NOS,0,0,0
ASTTL1985,T3345HL0A/I04178,,BUFFER,Asset,TOOL SPARE,STORE,82074090,NOS,0,0,0
ASTTL1986,T3344BLOA/I04178,,BUFFER,Asset,TOOL SPARE,STORE,82074090,NOS,0,0,0
ASTTL1987,T3344BLOA/I04178,,PUNCH,Asset,TOOL SPARE,STORE,82074090,NOS,0,0,0
ASTTL1988,T3350BL0A/I04179,,DPBP,Asset,TOOL SPARE,STORE,82074090,NOS,0,0,0
ASTTL1989,T3350BL0A/I04179,,DP,Asset,TOOL SPARE,STORE,82074090,NOS,0,0,0
ASTTL199,T2385BL0A/B14034,,DP,Asset,TOOL SPARE,STORE,82074090,NOS,0,0,0
ASTTL1990,T3350BL0A/I04179,,ID PUNCH,Asset,TOOL SPARE,STORE,82074090,NOS,0,0,0
ASTTL1991,T3350BL0A/I04179,,CROPPING PUNCH,Asset,TOOL SPARE,STORE,82074090,NOS,0,0,0
ASTTL1992,T3350BL0A/I04179,,OD PUNCH,Asset,TOOL SPARE,STORE,82074090,NOS,0,0,0
ASTTL1993,T4420PR0A/I04179,,DP,Asset,TOOL SPARE,STORE,82074090,NOS,0,0,0
ASTTL1994,T4420PR0A/I04179,,SLOT SAVING PUNCH,Asset,TOOL SPARE,STORE,82074090,NOS,0,0,0
ASTTL1995,T4420PR0A/I04179,,ID PUNCH,Asset,TOOL SPARE,STORE,82074090,NOS,0,0,0
ASTTL1996,T3360BL0A/I04180,,DP,Asset,TOOL SPARE,STORE,82074090,NOS,0,0,0
ASTTL1997,T3360BL0A/I04180,,ID PUNCH,Asset,TOOL SPARE,STORE,82074090,NOS,0,0,0
ASTTL1998,T3360BL0A/I04180,,BUFFER,Asset,TOOL SPARE,STORE,82074090,NOS,0,0,0
ASTTL1999,T3360BL0A/I04180,,PUNCH INSERT,Asset,TOOL SPARE,STORE,82074090,NOS,0,0,0
ASTTL2,BLANKING/A05002,,BUFFER,Asset,TOOL SPARE,STORE,82074090,NOS,0,0,0
ASTTL20,T2235FM2A/B14002,,PHP,Asset,TOOL SPARE,STORE,82074090,NOS,0,0,0
ASTTL200,T2381FM1A/B14034,,PUNCH INSERT,Asset,TOOL SPARE,STORE,82074090,NOS,0,0,0
ASTTL2000,T3360BL0A/I04180,,PUNCH,Asset,TOOL SPARE,STORE,82074090,NOS,0,0,0
ASTTL2001,T3356FM0A/I04180,,DP,Asset,TOOL SPARE,STORE,82074090,NOS,0,0,0
ASTTL2002,T3356FM0A/I04180,,LOCATOR,Asset,TOOL SPARE,STORE,82074090,NOS,0,0,0
ASTTL2003,T3356FM0A/I04180,,PUNCH,Asset,TOOL SPARE,STORE,82074090,NOS,0,0,0
ASTTL2004,T3356FM0A/I04180,,WASHER LOCATOR,Asset,TOOL SPARE,STORE,82074090,NOS,0,0,0
ASTTL2005,T3356FM0A/I04180,,BUFFER INSERT,Asset,TOOL SPARE,STORE,82074090,NOS,0,0,0
ASTTL2006,T3339BL0A/I04181,,PUNCH,Asset,TOOL SPARE,STORE,82074090,NOS,0,0,0
ASTTL2007,T3339BL0A/I04181,,ID PUNCH,Asset,TOOL SPARE,STORE,82074090,NOS,0,0,0
ASTTL2008,T3480FM0A/I04182,,PUNCH,Asset,TOOL SPARE,STORE,82074090,NOS,0,0,0
ASTTL2009,T3480FM0A/I04182,,BUFFER,Asset,TOOL SPARE,STORE,82074090,NOS,0,0,0
ASTTL201,T2381FM1A/B14034,,PUNCH,Asset,TOOL SPARE,STORE,82074090,NOS,0,0,0
ASTTL2010,T4157PR0A/I04182,,DP INSERT,Asset,TOOL SPARE,STORE,82074090,NOS,0,0,0
ASTTL2011,T4157PR0A/I04182,,BACK CROPPING PUNCH,Asset,TOOL SPARE,STORE,82074090,NOS,0,0,0
ASTTL2012,T4157PR0A/I04182,,INSERT,Asset,TOOL SPARE,STORE,82074090,NOS,0,0,0
ASTTL2013,T3479BL0A/I04182,,PUNCH,Asset,TOOL SPARE,STORE,82074090,NOS,0,0,0
ASTTL2014,T3479BL0A/I04182,,ID PUNCH,Asset,TOOL SPARE,STORE,82074090,NOS,0,0,0
ASTTL2015,T3479BL0A/I04182,,DP,Asset,TOOL SPARE,STORE,82074090,NOS,0,0,0
ASTTL2016,T3490BL0A/I04183,,DP,Asset,TOOL SPARE,STORE,82074090,NOS,0,0,0
ASTTL2017,T3485FM0A/I04183,,ID PHP,Asset,TOOL SPARE,STORE,82074090,NOS,0,0,0
ASTTL2018,T3485FM0A/I04183,,PUNCH,Asset,TOOL SPARE,STORE,82074090,NOS,0,0,0
ASTTL2019,T3485FM0A/I04183,,BUFFER,Asset,TOOL SPARE,STORE,82074090,NOS,0,0,0
ASTTL202,T2381FM1A/B14034,,BUFFER,Asset,TOOL SPARE,STORE,82074090,NOS,0,0,0
ASTTL2020,T3485FM0A/I04183,,BUFFER INSERT,Asset,TOOL SPARE,STORE,82074090,NOS,0,0,0
ASTTL2021,T3485FM0A/I04183,,ID PIN,Asset,TOOL SPARE,STORE,82074090,NOS,0,0,0
ASTTL2022,T3485FM0A/I04183,,DP,Asset,TOOL SPARE,STORE,82074090,NOS,0,0,0
ASTTL2023,T3576HL0A/I04183,,PIERCINS PUNCH,Asset,TOOL SPARE,STORE,82074090,NOS,0,0,0
ASTTL2024,T3481BL0A/I04184,,DP,Asset,TOOL SPARE,STORE,82074090,NOS,0,0,0
ASTTL2025,T3481BL0A/I04184,,ID PIN,Asset,TOOL SPARE,STORE,82074090,NOS,0,0,0
ASTTL2026,T3481BL0A/I04184,,PUNCH,Asset,TOOL SPARE,STORE,82074090,NOS,0,0,0
ASTTL2027,T3481BL0A/I04184,,BUFFER,Asset,TOOL SPARE,STORE,82074090,NOS,0,0,0
ASTTL2028,T3481BL0A/I04184,,ID PUNCH,Asset,TOOL SPARE,STORE,82074090,NOS,0,0,0
ASTTL2029,T3481BL0A/I04184,,ID PUNCH 1,Asset,TOOL SPARE,STORE,82074090,NOS,0,0,0
ASTTL203,T2381FM1A/B14034,,INSERT,Asset,TOOL SPARE,STORE,82074090,NOS,0,0,0
ASTTL2030,T3481BL0A/I04184,,ID PUNCH 2,Asset,TOOL SPARE,STORE,82074090,NOS,0,0,0
ASTTL2031,T3431BL0A/I04184,,PUNCH,Asset,TOOL SPARE,STORE,82074090,NOS,0,0,0
ASTTL2032,T3478FM0A/I04184,,GAUGE PLATE,Asset,TOOL SPARE,STORE,82074090,NOS,0,0,0
ASTTL2033,T3478FM0A/I04184,,DP,Asset,TOOL SPARE,STORE,82074090,NOS,0,0,0
ASTTL2034,T3478FM0A/I04184,,PUNCH,Asset,TOOL SPARE,STORE,82074090,NOS,0,0,0
ASTTL2035,T3478FM0A/I04184,,BUFFER,Asset,TOOL SPARE,STORE,82074090,NOS,0,0,0
ASTTL2036,T3478FM0A/I04184,,ID PIN,Asset,TOOL SPARE,STORE,82074090,NOS,0,0,0
ASTTL2037,T3499SZ0A/I04184,,BUFFER,Asset,TOOL SPARE,STORE,82074090,NOS,0,0,0
ASTTL2038,T3510BL0A/I04185,,PUNCH,Asset,TOOL SPARE,STORE,82074090,NOS,0,0,0
ASTTL2039,T3511BL0A/I04186,,BUFFER,Asset,TOOL SPARE,STORE,82074090,NOS,0,0,0
ASTTL204,T2381FM1A/B14034,,INSERT HOLDER PLATE,Asset,TOOL SPARE,STORE,82074090,NOS,0,0,0
ASTTL2040,T3511BL0A/I04186,,PUNCH,Asset,TOOL SPARE,STORE,82074090,NOS,0,0,0
ASTTL2041,T3522BL0A/I04187,,PHP,Asset,TOOL SPARE,STORE,82074090,NOS,0,0,0
ASTTL2042,T3522BL0A/I04187,,SP,Asset,TOOL SPARE,STORE,82074090,NOS,0,0,0
ASTTL2043,T3522BL0A/I04187,,DP,Asset,TOOL SPARE,STORE,82074090,NOS,0,0,0
ASTTL2044,T3522BL0A/I04187,,ID PUNCH,Asset,TOOL SPARE,STORE,82074090,NOS,0,0,0
ASTTL2045,T3522BL0A/I04187,,PUNCH,Asset,TOOL SPARE,STORE,82074090,NOS,0,0,0
ASTTL2046,T3522BL0A/I04187,,BUFFER,Asset,TOOL SPARE,STORE,82074090,NOS,0,0,0
ASTTL2047,T3527EM0A/I04188,,UPPER PUNCH,Asset,TOOL SPARE,STORE,82074090,NOS,0,0,0
ASTTL2048,T3527EM0A/I04188,,LOWAR PUNCH,Asset,TOOL SPARE,STORE,82074090,NOS,0,0,0
ASTTL2049,T3527EM0A/I04188,,LOWER PUNCH INSERT,Asset,TOOL SPARE,STORE,82074090,NOS,0,0,0
ASTTL205,T2381FM1A/B14034,,PUNCH HOLDAR PLATE,Asset,TOOL SPARE,STORE,82074090,NOS,0,0,0
ASTTL2050,T3527EM0A/I04188,,UPPPER PUNCH INSERT,Asset,TOOL SPARE,STORE,82074090,NOS,0,0,0
ASTTL2051,T3534FM0A/I04188,,BWP,Asset,TOOL SPARE,STORE,82074090,NOS,0,0,0
ASTTL2052,T3534FM0A/I04188,,DPBP,Asset,TOOL SPARE,STORE,82074090,NOS,0,0,0
ASTTL2053,T3534FM0A/I04188,,DIE INSERT,Asset,TOOL SPARE,STORE,82074090,NOS,0,0,0
ASTTL2054,T3534FM0A/I04188,,DIE INSERT-2,Asset,TOOL SPARE,STORE,82074090,NOS,0,0,0
ASTTL2055,T3543FM0A/I04188,,DP,Asset,TOOL SPARE,STORE,82074090,NOS,0,0,0
ASTTL2056,T3537BL0A/I04188,,BUFFER,Asset,TOOL SPARE,STORE,82074090,NOS,0,0,0
ASTTL2057,T3535FM2A/I04189,,GUIDE-2,Asset,TOOL SPARE,STORE,82074090,NOS,0,0,0
ASTTL2058,T3535FM2A/I04189,,LOWAR BEND PUNCH,Asset,TOOL SPARE,STORE,82074090,NOS,0,0,0
ASTTL2059,T3535FM2A/I04189,,UPPER PUNCH,Asset,TOOL SPARE,STORE,82074090,NOS,0,0,0
ASTTL206,T2381FM1A/B14034,,PHPBP,Asset,TOOL SPARE,STORE,82074090,NOS,0,0,0
ASTTL2060,T3535FM2A/I04189,,GUIDE-2 3X3,Asset,TOOL SPARE,STORE,82074090,NOS,0,0,0
ASTTL2061,T3535FM2A/I04189,,CLAMP BOTTEM SIDE PUNCH,Asset,TOOL SPARE,STORE,82074090,NOS,0,0,0
ASTTL2062,T3535FM2A/I04189,,PUNCH,Asset,TOOL SPARE,STORE,82074090,NOS,0,0,0
ASTTL2063,T3533FM1A/I04189,,GAUGE PLATE,Asset,TOOL SPARE,STORE,82074090,NOS,0,0,0
ASTTL2064,SZ0A/I04189,,GUIDE-2,Asset,TOOL SPARE,STORE,82074090,NOS,0,0,0
ASTTL2065,PROTO/I04189,,GUIDE -1,Asset,TOOL SPARE,STORE,82074090,NOS,0,0,0
ASTTL2066,PROTO/I04189,,GUIDE-2,Asset,TOOL SPARE,STORE,82074090,NOS,0,0,0
ASTTL2067,T3530BL0A/I04189,,BUFFER,Asset,TOOL SPARE,STORE,82074090,NOS,0,0,0
ASTTL2068,T3530BL0A/I04189,,PUNCH,Asset,TOOL SPARE,STORE,82074090,NOS,0,0,0
ASTTL2069,SIZING/I04189,,INSERT,Asset,TOOL SPARE,STORE,82074090,NOS,0,0,0
ASTTL207,T2381FM1A/B14034,,SP,Asset,TOOL SPARE,STORE,82074090,NOS,0,0,0
ASTTL2070,SIZING/I04189,,LOWER PUNCH,Asset,TOOL SPARE,STORE,82074090,NOS,0,0,0
ASTTL2071,T3551BLOA/I04190,,DP,Asset,TOOL SPARE,STORE,82074090,NOS,0,0,0
ASTTL2072,T3551BLOA/I04190,,PUNCH,Asset,TOOL SPARE,STORE,82074090,NOS,0,0,0
ASTTL2073,T3551BLOA/I04190,,BUFFER,Asset,TOOL SPARE,STORE,82074090,NOS,0,0,0
ASTTL2074,T3547BL0A/I04191,,PUNCH,Asset,TOOL SPARE,STORE,82074090,NOS,0,0,0
ASTTL2075,T3547BL0A/I04191,,ID PUNCH,Asset,TOOL SPARE,STORE,82074090,NOS,0,0,0
ASTTL2076,T3547BL0A/I04191,,BUFFER,Asset,TOOL SPARE,STORE,82074090,NOS,0,0,0
ASTTL2077,T3547BL0A/I04191,,DP,Asset,TOOL SPARE,STORE,82074090,NOS,0,0,0
ASTTL2078,T4187PR0A/I04192,,CROPPING PUNCH 1,Asset,TOOL SPARE,STORE,82074090,NOS,0,0,0
ASTTL2079,T4187PR0A/I04192,,LANCING PUNCH,Asset,TOOL SPARE,STORE,82074090,NOS,0,0,0
ASTTL208,T2384FM2A/B14034,,SLIDING PUNCH,Asset,TOOL SPARE,STORE,82074090,NOS,0,0,0
ASTTL2080,T4187PR0A/I04192,,INSERT,Asset,TOOL SPARE,STORE,82074090,NOS,0,0,0
ASTTL2081,T4187PR0A/I04192,,CROPPING PUNCH,Asset,TOOL SPARE,STORE,82074090,NOS,0,0,0
ASTTL2082,T4187PR0A/I04192,,DIE INSERT,Asset,TOOL SPARE,STORE,82074090,NOS,0,0,0
ASTTL2083,T3542FM0A/I04193,,BUFFER,Asset,TOOL SPARE,STORE,82074090,NOS,0,0,0
ASTTL2084,T3564SV0A/I04202,,DP,Asset,TOOL SPARE,STORE,82074090,NOS,0,0,0
ASTTL2085,T3564SV0A/I04202,,PUNCH,Asset,TOOL SPARE,STORE,82074090,NOS,0,0,0
ASTTL2086,T3564SV0A/I04202,,BUFFER,Asset,TOOL SPARE,STORE,82074090,NOS,0,0,0
ASTTL2087,T3564SV0A/I04202,,ID PUNCH,Asset,TOOL SPARE,STORE,82074090,NOS,0,0,0
ASTTL2088,T3564SV0A/I04202,,NCCKOUT PIN,Asset,TOOL SPARE,STORE,82074090,NOS,0,0,0
ASTTL2089,T3566BLOA/I04202,,DP,Asset,TOOL SPARE,STORE,82074090,NOS,0,0,0
ASTTL209,T2384FM2A/B14034,,DIE INSERT,Asset,TOOL SPARE,STORE,82074090,NOS,0,0,0
ASTTL2090,T3566BLOA/I04202,,ID PUNCH,Asset,TOOL SPARE,STORE,82074090,NOS,0,0,0
ASTTL2091,T3566BLOA/I04202,,BUFFER,Asset,TOOL SPARE,STORE,82074090,NOS,0,0,0
ASTTL2092,T3560EMBOSIS/I04202,,PHP,Asset,TOOL SPARE,STORE,82074090,NOS,0,0,0
ASTTL2093,T3560EMBOSIS/I04202,,DPBP,Asset,TOOL SPARE,STORE,82074090,NOS,0,0,0
ASTTL2094,T3560EMBOSIS/I04202,,ID LOCATOR,Asset,TOOL SPARE,STORE,82074090,NOS,0,0,0
ASTTL2095,T3560EMBOSIS/I04202,,ID PUNCH,Asset,TOOL SPARE,STORE,82074090,NOS,0,0,0
ASTTL2096,T3580BL0A/I04208,,DP,Asset,TOOL SPARE,STORE,82074090,NOS,0,0,0
ASTTL2097,T3580BL0A/I04208,,ID PUNCH,Asset,TOOL SPARE,STORE,82074090,NOS,0,0,0
ASTTL2098,T3580BL0A/I04208,,PUNCH,Asset,TOOL SPARE,STORE,82074090,NOS,0,0,0
ASTTL2099,T3580BL0A/I04208,,BUFFER,Asset,TOOL SPARE,STORE,82074090,NOS,0,0,0
ASTTL21,T2235FM2A/B14002,,SMALLA SPTING FORMING DP,Asset,TOOL SPARE,STORE,82074090,NOS,0,0,0
ASTTL210,T2384FM2A/B14034,,INSERT,Asset,TOOL SPARE,STORE,82074090,NOS,0,0,0
ASTTL2100,T3578BL0A/I04209,,ID PUNCH,Asset,TOOL SPARE,STORE,82074090,NOS,0,0,0
ASTTL2101,T3578BL0A/I04209,,PUNCH,Asset,TOOL SPARE,STORE,82074090,NOS,0,0,0
ASTTL2102,T3578FM0A/I04209,,ID PUNCH,Asset,TOOL SPARE,STORE,82074090,NOS,0,0,0
ASTTL2103,T3578FM0A/I04209,,BUFFER,Asset,TOOL SPARE,STORE,82074090,NOS,0,0,0
ASTTL2104,T3585SZ0A/I04210,,DP,Asset,TOOL SPARE,STORE,82074090,NOS,0,0,0
ASTTL2105,T3585SZ0A/I04210,,BUFFER,Asset,TOOL SPARE,STORE,82074090,NOS,0,0,0
ASTTL2106,T3585SZ0A/I04210,,DIE INSERT,Asset,TOOL SPARE,STORE,82074090,NOS,0,0,0
ASTTL2107,T3585SZ0A/I04210,,DIE BLOCK,Asset,TOOL SPARE,STORE,82074090,NOS,0,0,0
ASTTL2108,T3584FM0A/I04210,,DP,Asset,TOOL SPARE,STORE,82074090,NOS,0,0,0
ASTTL2109,T3728BL0A/I04227,,PHP,Asset,TOOL SPARE,STORE,82074090,NOS,0,0,0
ASTTL211,T2384FM2A/B14034,,SLIDING BLOCK,Asset,TOOL SPARE,STORE,82074090,NOS,0,0,0
ASTTL2110,T3728BL0A/I04227,,SP,Asset,TOOL SPARE,STORE,82074090,NOS,0,0,0
ASTTL2111,T3728BL0A/I04227,,DP,Asset,TOOL SPARE,STORE,82074090,NOS,0,0,0
ASTTL2112,T3728BL0A/I04227,,PUNCH,Asset,TOOL SPARE,STORE,82074090,NOS,0,0,0
ASTTL2113,T3728BL0A/I04227,,BUFFER,Asset,TOOL SPARE,STORE,82074090,NOS,0,0,0
ASTTL2114,T3761BL0A/I04231,,PIERCING PUNCH -1,Asset,TOOL SPARE,STORE,82074090,NOS,0,0,0
ASTTL2115,T3761BL0A/I04231,,PIERCING PUNCH-2,Asset,TOOL SPARE,STORE,82074090,NOS,0,0,0
ASTTL2116,T3748BL0A/I04232,,PUNCH,Asset,TOOL SPARE,STORE,82074090,NOS,0,0,0
ASTTL2117,T3748BL0A/I04232,,BUFFER,Asset,TOOL SPARE,STORE,82074090,NOS,0,0,0
ASTTL2118,T3747FM0A/I04232,,DIE INSERT,Asset,TOOL SPARE,STORE,82074090,NOS,0,0,0
ASTTL2119,T3747FM0A/I04232,,PUNCH,Asset,TOOL SPARE,STORE,82074090,NOS,0,0,0
ASTTL212,T2384FM2A/B14034,,PHP,Asset,TOOL SPARE,STORE,82074090,NOS,0,0,0
ASTTL2120,T3763BL0A/I04233,,DP,Asset,TOOL SPARE,STORE,82074090,NOS,0,0,0
ASTTL2121,T3763BL0A/I04233,,FORMING PUNCH,Asset,TOOL SPARE,STORE,82074090,NOS,0,0,0
ASTTL2122,T3763BL0A/I04233,,ID PUNCH,Asset,TOOL SPARE,STORE,82074090,NOS,0,0,0
ASTTL2123,T3937BL0A/I04241,,DIE PLATE,Asset,TOOL SPARE,STORE,82074090,NOS,0,0,0
ASTTL2124,T3937BL0A/I04241,,PUNCH,Asset,TOOL SPARE,STORE,82074090,NOS,0,0,0
ASTTL2125,T3937BL0A/I04241,,ID PUNCH,Asset,TOOL SPARE,STORE,82074090,NOS,0,0,0
ASTTL2126,T3937BL0A/I04241,,BUFFER,Asset,TOOL SPARE,STORE,82074090,NOS,0,0,0
ASTTL2127,T3940BL0A/I04248/I04033,,PUNCH,Asset,TOOL SPARE,STORE,82074090,NOS,0,0,0
ASTTL2128,T3940BL0A/I04248/I04033,,ID PUNCH,Asset,TOOL SPARE,STORE,82074090,NOS,0,0,0
ASTTL2129,T3940BL0A/I04248/I04033,,BUFFER,Asset,TOOL SPARE,STORE,82074090,NOS,0,0,0
ASTTL213,T2384FM2A/B14034,,TOP PLATE,Asset,TOOL SPARE,STORE,82074090,NOS,0,0,0
ASTTL2130,T4117BL0A/I04249,,BUFFER,Asset,TOOL SPARE,STORE,82074090,NOS,0,0,0
ASTTL2131,T4117BL0A/I04249,,PUNCH,Asset,TOOL SPARE,STORE,82074090,NOS,0,0,0
ASTTL2132,T4119/I04250,,DP,Asset,TOOL SPARE,STORE,82074090,NOS,0,0,0
ASTTL2133,T4188MF0A/I04253,,L.H.CENTRE PUNCH,Asset,TOOL SPARE,STORE,82074090,NOS,0,0,0
ASTTL2134,T4188MF0A/I04253,,L.H.LOWER PUNCH HOLDER,Asset,TOOL SPARE,STORE,82074090,NOS,0,0,0
ASTTL2135,T4188MF0A/I04253,,CUTTING BLOCK,Asset,TOOL SPARE,STORE,82074090,NOS,0,0,0
ASTTL2136,T4188MF0A/I04253,,ID PUNCH,Asset,TOOL SPARE,STORE,82074090,NOS,0,0,0
ASTTL2137,T4177PR0A/I04254,,ID PUNCH,Asset,TOOL SPARE,STORE,82074090,NOS,0,0,0
ASTTL2138,T4177PR0A/I04254,,DIE INSERT,Asset,TOOL SPARE,STORE,82074090,NOS,0,0,0
ASTTL2139,BLOA/I04254,,PILETE PIN,Asset,TOOL SPARE,STORE,82074090,NOS,0,0,0
ASTTL214,T2384FM2A/B14034,,ID PHP,Asset,TOOL SPARE,STORE,82074090,NOS,0,0,0
ASTTL2140,T4178PR0A/I04255,,ID PUNCH,Asset,TOOL SPARE,STORE,82074090,NOS,0,0,0
ASTTL2141,T4178PR0A/I04255,,CROPPING PUNCH,Asset,TOOL SPARE,STORE,82074090,NOS,0,0,0
ASTTL2142,T4178PR0A/I04255,,DP,Asset,TOOL SPARE,STORE,82074090,NOS,0,0,0
ASTTL2143,T4191BL0A/I04256,,ID PUNCH,Asset,TOOL SPARE,STORE,82074090,NOS,0,0,0
ASTTL2144,T4191BL0A/I04256,,PUNCH,Asset,TOOL SPARE,STORE,82074090,NOS,0,0,0
ASTTL2145,T4191BL0A/I04256,,BUFFER,Asset,TOOL SPARE,STORE,82074090,NOS,0,0,0
ASTTL2146,T4191BL0A/I04256,,DP,Asset,TOOL SPARE,STORE,82074090,NOS,0,0,0
ASTTL2147,T4199SL0A/I04257,,PILLAR BUSH,Asset,TOOL SPARE,STORE,82074090,NOS,0,0,0
ASTTL2148,T4199SL0A/I04257,,PUNCH,Asset,TOOL SPARE,STORE,82074090,NOS,0,0,0
ASTTL2149,T4199SL0A/I04257,,CUTTING PUNCH,Asset,TOOL SPARE,STORE,82074090,NOS,0,0,0
ASTTL215,T2425BL0A/B14035/37,,ID PUNCH,Asset,TOOL SPARE,STORE,82074090,NOS,0,0,0
ASTTL2150,T4196TR0A/I04257,,ID PUNCH,Asset,TOOL SPARE,STORE,82074090,NOS,0,0,0
ASTTL2151,T4196TR0A/I04257,,PUNCH INSERT / DIE INSERT,Asset,TOOL SPARE,STORE,82074090,NOS,0,0,0
ASTTL2152,BLOA/I04257,,LOCATOR,Asset,TOOL SPARE,STORE,82074090,NOS,0,0,0
ASTTL2153,T2553BLOA/I04257,,PUNCH,Asset,TOOL SPARE,STORE,82074090,NOS,0,0,0
ASTTL2154,T4241BL0A/I04260,,ID PUNCH,Asset,TOOL SPARE,STORE,82074090,NOS,0,0,0
ASTTL2155,T4241BL0A/I04260,,ID PIN,Asset,TOOL SPARE,STORE,82074090,NOS,0,0,0
ASTTL2156,T4335HL0A/I04263,,GUAGE PLATE,Asset,TOOL SPARE,STORE,82074090,NOS,0,0,0
ASTTL2157,T4335HL0A/I04263,,PIN,Asset,TOOL SPARE,STORE,82074090,NOS,0,0,0
ASTTL2158,T4335HL0A/I04263,,PUNCH,Asset,TOOL SPARE,STORE,82074090,NOS,0,0,0
ASTTL2159,T4321FM0A/I04263,,INSERT,Asset,TOOL SPARE,STORE,82074090,NOS,0,0,0
ASTTL216,T2425BL0A/B14035/37,,BUFFER,Asset,TOOL SPARE,STORE,82074090,NOS,0,0,0
ASTTL2160,T4321FM0A/I04263,,PUNCH,Asset,TOOL SPARE,STORE,82074090,NOS,0,0,0
ASTTL2161,T4324BLOA/I04263,,ID PUNCH,Asset,TOOL SPARE,STORE,82074090,NOS,0,0,0
ASTTL2162,T4263BLOA/I04263,,ID PUNCH,Asset,TOOL SPARE,STORE,82074090,NOS,0,0,0
ASTTL2163,I15009,,BUFFER,Asset,TOOL SPARE,STORE,82074090,NOS,0,0,0
ASTTL2164,I15009,,ID PUNCH,Asset,TOOL SPARE,STORE,82074090,NOS,0,0,0
ASTTL2165,I15009,,PUNCH,Asset,TOOL SPARE,STORE,82074090,NOS,0,0,0
ASTTL2166,I15009,,DIE PLATE,Asset,TOOL SPARE,STORE,82074090,NOS,0,0,0
ASTTL2167,T3554BL0A/K19001,,BUFFER,Asset,TOOL SPARE,STORE,82074090,NOS,0,0,0
ASTTL2168,T3554BL0A/K19001,,ID PUNCH,Asset,TOOL SPARE,STORE,82074090,NOS,0,0,0
ASTTL2169,T3554BL0A/K19001,,PUNCH,Asset,TOOL SPARE,STORE,82074090,NOS,0,0,0
ASTTL217,T2425BL0A/B14035/37,,ID UPPER PUNCH,Asset,TOOL SPARE,STORE,82074090,NOS,0,0,0
ASTTL2170,T3554BL0A/K19001,,DIE PLATE,Asset,TOOL SPARE,STORE,82074090,NOS,0,0,0
ASTTL2171,T3694BL0A/K19008,,PUNCH,Asset,TOOL SPARE,STORE,82074090,NOS,0,0,0
ASTTL2172,T3694BL0A/K19008,,DIE PLATE,Asset,TOOL SPARE,STORE,82074090,NOS,0,0,0
ASTTL2173,T3694BL0A/K19008,,STRIPPER PLATE,Asset,TOOL SPARE,STORE,82074090,NOS,0,0,0
ASTTL2174,T1433BL0A/L13001/5,,DP,Asset,TOOL SPARE,STORE,82074090,NOS,0,0,0
ASTTL2175,T1433BL0A/L13001/5,,BUFFER,Asset,TOOL SPARE,STORE,82074090,NOS,0,0,0
ASTTL2176,T1433BL0A/L13001/5,,PUNCH,Asset,TOOL SPARE,STORE,82074090,NOS,0,0,0
ASTTL2177,T1429HL0A/L13001/5,,PUNCH,Asset,TOOL SPARE,STORE,82074090,NOS,0,0,0
ASTTL2178,T1429HL0A/L13001/5,,DP,Asset,TOOL SPARE,STORE,82074090,NOS,0,0,0
ASTTL2179,T2128BLOA/L13001/5,,BUFFER,Asset,TOOL SPARE,STORE,82074090,NOS,0,0,0
ASTTL218,T2425BL0A/B14035/37,,PUNCH,Asset,TOOL SPARE,STORE,82074090,NOS,0,0,0
ASTTL2180,T2320BL0A/L13002,,DP,Asset,TOOL SPARE,STORE,82074090,NOS,0,0,0
ASTTL2181,T2320BL0A/L13002,,PHP,Asset,TOOL SPARE,STORE,82074090,NOS,0,0,0
ASTTL2182,T2320BL0A/L13002,,INSERT,Asset,TOOL SPARE,STORE,82074090,NOS,0,0,0
ASTTL2183,T2320BL0A/L13002,,INSERT-1,Asset,TOOL SPARE,STORE,82074090,NOS,0,0,0
ASTTL2184,T1477HL0A/L13002,,DP,Asset,TOOL SPARE,STORE,82074090,NOS,0,0,0
ASTTL2185,T1477HL0A/L13002,,GAUGE PLATE,Asset,TOOL SPARE,STORE,82074090,NOS,0,0,0
ASTTL2186,T1478BL0A/L13002,,DP,Asset,TOOL SPARE,STORE,82074090,NOS,0,0,0
ASTTL2187,T1478BL0A/L13002,,SP,Asset,TOOL SPARE,STORE,82074090,NOS,0,0,0
ASTTL2188,T1478BL0A/L13002,,PUNCH,Asset,TOOL SPARE,STORE,82074090,NOS,0,0,0
ASTTL2189,T1478BL0A/L13002,,ID PUNCH,Asset,TOOL SPARE,STORE,82074090,NOS,0,0,0
ASTTL219,T2425BL0A/B14035/37,,ID PHP,Asset,TOOL SPARE,STORE,82074090,NOS,0,0,0
ASTTL2190,T2548BL0A/L13002,,INSERT,Asset,TOOL SPARE,STORE,82074090,NOS,0,0,0
ASTTL2191,T2364BL0A/L13006,,PUNCH,Asset,TOOL SPARE,STORE,82074090,NOS,0,0,0
ASTTL2192,T2364BL0A/L13006,,ID PUNCH,Asset,TOOL SPARE,STORE,82074090,NOS,0,0,0
ASTTL2193,T2364BL0A/L13006,,BUFFER,Asset,TOOL SPARE,STORE,82074090,NOS,0,0,0
ASTTL2194,T2364BL0A/L13006,,DP,Asset,TOOL SPARE,STORE,82074090,NOS,0,0,0
ASTTL2195,T2536SVOA/L13006,,DIE PLATE,Asset,TOOL SPARE,STORE,82074090,NOS,0,0,0
ASTTL2196,T2536SVOA/L13006,,PUNCH,Asset,TOOL SPARE,STORE,82074090,NOS,0,0,0
ASTTL2197,T2536SVOA/L13006,,BUFFER,Asset,TOOL SPARE,STORE,82074090,NOS,0,0,0
ASTTL2198,T2536SVOA/L13006,,ID LOCATOR,Asset,TOOL SPARE,STORE,82074090,NOS,0,0,0
ASTTL2199,T1670HL0A/L13006,,DP,Asset,TOOL SPARE,STORE,82074090,NOS,0,0,0
ASTTL22,T2251BL0A/B14003,,BUFFER,Asset,TOOL SPARE,STORE,82074090,NOS,0,0,0
ASTTL220,T2425BL0A/B14035/37,,DP,Asset,TOOL SPARE,STORE,82074090,NOS,0,0,0
ASTTL2200,T1670HL0A/L13006,,STRIPPER PLATE,Asset,TOOL SPARE,STORE,82074090,NOS,0,0,0
ASTTL2201,T1670HL0A/L13006,,IDPUNCH,Asset,TOOL SPARE,STORE,82074090,NOS,0,0,0
ASTTL2202,T1670HL0A/L13006,,LANCING PUNCH,Asset,TOOL SPARE,STORE,82074090,NOS,0,0,0
ASTTL2203,T1670HL0A/L13006,,BUFFER,Asset,TOOL SPARE,STORE,82074090,NOS,0,0,0
ASTTL2204,T1670HL0A/L13006,,ID LOCATOR,Asset,TOOL SPARE,STORE,82074090,NOS,0,0,0
ASTTL2205,T1669FM0A/L13006,,ID PUNCH,Asset,TOOL SPARE,STORE,82074090,NOS,0,0,0
ASTTL2206,T1669FM0A/L13006,,DIE INSERT,Asset,TOOL SPARE,STORE,82074090,NOS,0,0,0
ASTTL2207,T1669FM0A/L13006,,DIE BUSH,Asset,TOOL SPARE,STORE,82074090,NOS,0,0,0
ASTTL2208,T1669FM0A/L13006,,PUNCH,Asset,TOOL SPARE,STORE,82074090,NOS,0,0,0
ASTTL2209,T1669FM0A/L13006,,BUFFER,Asset,TOOL SPARE,STORE,82074090,NOS,0,0,0
ASTTL221,T2425BL0A/B14035/37,,PHP,Asset,TOOL SPARE,STORE,82074090,NOS,0,0,0
ASTTL2210,T1669FM0A/L13006,,PHP,Asset,TOOL SPARE,STORE,82074090,NOS,0,0,0
ASTTL2211,T1669FM0A/L13006,,ID PHP,Asset,TOOL SPARE,STORE,82074090,NOS,0,0,0
ASTTL2212,T1669FM0A/L13006,,ID LOCKETOR,Asset,TOOL SPARE,STORE,82074090,NOS,0,0,0
ASTTL2213,T1729BL0A/L13007,,PHP,Asset,TOOL SPARE,STORE,82074090,NOS,0,0,0
ASTTL2214,T1729BL0A/L13007,,BUFFER,Asset,TOOL SPARE,STORE,82074090,NOS,0,0,0
ASTTL2215,T1729BL0A/L13007,,SP,Asset,TOOL SPARE,STORE,82074090,NOS,0,0,0
ASTTL2216,T1729BL0A/L13007,,PUNCH,Asset,TOOL SPARE,STORE,82074090,NOS,0,0,0
ASTTL2217,T1729BL0A/L13007,,ID PUNCH,Asset,TOOL SPARE,STORE,82074090,NOS,0,0,0
ASTTL2218,T1721FM0A/L13007,,UPPER PUNCH,Asset,TOOL SPARE,STORE,82074090,NOS,0,0,0
ASTTL2219,T1721FM0A/L13007,,LOWER PUNCH,Asset,TOOL SPARE,STORE,82074090,NOS,0,0,0
ASTTL222,T2383FM1A/B14035/37,,PUNCH,Asset,TOOL SPARE,STORE,82074090,NOS,0,0,0
ASTTL2220,T1453BL0A/L13011,,PUNCH,Asset,TOOL SPARE,STORE,82074090,NOS,0,0,0
ASTTL2221,T1453BL0A/L13011,,DP,Asset,TOOL SPARE,STORE,82074090,NOS,0,0,0
ASTTL2222,T1812FM0A/L13012,,BUFFER,Asset,TOOL SPARE,STORE,82074090,NOS,0,0,0
ASTTL2223,T1812FM0A/L13012,,PUNCH,Asset,TOOL SPARE,STORE,82074090,NOS,0,0,0
ASTTL2224,T1812FM0A/L13012,,ID PUNCH,Asset,TOOL SPARE,STORE,82074090,NOS,0,0,0
ASTTL2225,BLOA/L13012,,ID PUNCH,Asset,TOOL SPARE,STORE,82074090,NOS,0,0,0
ASTTL2226,T2058FM0A/L13014,,DP,Asset,TOOL SPARE,STORE,82074090,NOS,0,0,0
ASTTL2227,T2058FM0A/L13014,,PUNCH,Asset,TOOL SPARE,STORE,82074090,NOS,0,0,0
ASTTL2228,T2058FM0A/L13014,,BUFFER,Asset,TOOL SPARE,STORE,82074090,NOS,0,0,0
ASTTL2229,T2066BL0A/L13014,,BUFFER,Asset,TOOL SPARE,STORE,82074090,NOS,0,0,0
ASTTL223,T2383FM1A/B14035/37,,UPPER PUNCH,Asset,TOOL SPARE,STORE,82074090,NOS,0,0,0
ASTTL2230,T2066BL0A/L13014,,DIE INSERT,Asset,TOOL SPARE,STORE,82074090,NOS,0,0,0
ASTTL2231,T2090BL0A/L13015,,PUNCH,Asset,TOOL SPARE,STORE,82074090,NOS,0,0,0
ASTTL2232,T2090BL0A/L13015,,BUFFER,Asset,TOOL SPARE,STORE,82074090,NOS,0,0,0
ASTTL2233,T2083BL0A/L13016,,PHP,Asset,TOOL SPARE,STORE,82074090,NOS,0,0,0
ASTTL2234,T2083BL0A/L13016,,SP,Asset,TOOL SPARE,STORE,82074090,NOS,0,0,0
ASTTL2235,T2083BL0A/L13016,,PUNCH,Asset,TOOL SPARE,STORE,82074090,NOS,0,0,0
ASTTL2236,T2084BL0A/L13017,,PUNCH,Asset,TOOL SPARE,STORE,82074090,NOS,0,0,0
ASTTL2237,T2100BL0A/L13018,,PUNCH,Asset,TOOL SPARE,STORE,82074090,NOS,0,0,0
ASTTL2238,T2100BL0A/L13018,,BUFFER,Asset,TOOL SPARE,STORE,82074090,NOS,0,0,0
ASTTL2239,T2087FM0A/L13019,,PHP,Asset,TOOL SPARE,STORE,82074090,NOS,0,0,0
ASTTL224,T2937FM2A/B14035/37,,BUFFER,Asset,TOOL SPARE,STORE,82074090,NOS,0,0,0
ASTTL2240,T2087FM0A/L13019,,ID PHP,Asset,TOOL SPARE,STORE,82074090,NOS,0,0,0
ASTTL2241,T2087FM0A/L13019,,DP,Asset,TOOL SPARE,STORE,82074090,NOS,0,0,0
ASTTL2242,T2087FM0A/L13019,,PUNCH,Asset,TOOL SPARE,STORE,82074090,NOS,0,0,0
ASTTL2243,T2087FM0A/L13019,,BALL BEARING PUNCH,Asset,TOOL SPARE,STORE,82074090,NOS,0,0,0
ASTTL2244,T2087FM0A/L13019,,BUSH,Asset,TOOL SPARE,STORE,82074090,NOS,0,0,0
ASTTL2245,T2087FM0A/L13019,,DIE BUSH,Asset,TOOL SPARE,STORE,82074090,NOS,0,0,0
ASTTL2246,T2087FM0A/L13019,,ID PUNCH,Asset,TOOL SPARE,STORE,82074090,NOS,0,0,0
ASTTL2247,T2094BL0A/L13019,,PHP,Asset,TOOL SPARE,STORE,82074090,NOS,0,0,0
ASTTL2248,T2094BL0A/L13019,,ID PHP,Asset,TOOL SPARE,STORE,82074090,NOS,0,0,0
ASTTL2249,T2094BL0A/L13019,,BUFFER,Asset,TOOL SPARE,STORE,82074090,NOS,0,0,0
ASTTL225,T2937FM2A/B14035/37,,LOWER PUNCH,Asset,TOOL SPARE,STORE,82074090,NOS,0,0,0
ASTTL2250,T2094BL0A/L13019,,PUNCH,Asset,TOOL SPARE,STORE,82074090,NOS,0,0,0
ASTTL2251,T2094BL0A/L13019,,ID PUNCH,Asset,TOOL SPARE,STORE,82074090,NOS,0,0,0
ASTTL2252,T2459SV0A/L13020,,PHP,Asset,TOOL SPARE,STORE,82074090,NOS,0,0,0
ASTTL2253,T2459SV0A/L13020,,SP,Asset,TOOL SPARE,STORE,82074090,NOS,0,0,0
ASTTL2254,T2459SV0A/L13020,,ID PHP,Asset,TOOL SPARE,STORE,82074090,NOS,0,0,0
ASTTL2255,T2459SV0A/L13020,,DP,Asset,TOOL SPARE,STORE,82074090,NOS,0,0,0
ASTTL2256,T2459SV0A/L13020,,PUNCH,Asset,TOOL SPARE,STORE,82074090,NOS,0,0,0
ASTTL2257,T2091FM0A/L13020,,PHP,Asset,TOOL SPARE,STORE,82074090,NOS,0,0,0
ASTTL2258,T2091FM0A/L13020,,DP,Asset,TOOL SPARE,STORE,82074090,NOS,0,0,0
ASTTL2259,T2091FM0A/L13020,,SP,Asset,TOOL SPARE,STORE,82074090,NOS,0,0,0
ASTTL226,T2539FM4A/B14035/37,,DIE BLOCK,Asset,TOOL SPARE,STORE,82074090,NOS,0,0,0
ASTTL2260,T2091FM0A/L13020,,PUNCH,Asset,TOOL SPARE,STORE,82074090,NOS,0,0,0
ASTTL2261,T2091FM0A/L13020,,BUFFER,Asset,TOOL SPARE,STORE,82074090,NOS,0,0,0
ASTTL2262,T2091FM0A/L13020,,ID PUNCH,Asset,TOOL SPARE,STORE,82074090,NOS,0,0,0
ASTTL2263,T2091FM0A/L13020,,ID PHP,Asset,TOOL SPARE,STORE,82074090,NOS,0,0,0
ASTTL2264,T2102BL0A/L13020,,ID PUNCH,Asset,TOOL SPARE,STORE,82074090,NOS,0,0,0
ASTTL2265,T2102BL0A/L13020,,PUNCH,Asset,TOOL SPARE,STORE,82074090,NOS,0,0,0
ASTTL2266,T2102BL0A/L13020,,BUFFER,Asset,TOOL SPARE,STORE,82074090,NOS,0,0,0
ASTTL2267,T2102BL0A/L13020,,PHP,Asset,TOOL SPARE,STORE,82074090,NOS,0,0,0
ASTTL2268,T2102BL0A/L13020,,SP,Asset,TOOL SPARE,STORE,82074090,NOS,0,0,0
ASTTL2269,T2102BL0A/L13020,,ID PHP,Asset,TOOL SPARE,STORE,82074090,NOS,0,0,0
ASTTL227,T2539FM4A/B14035/37,,LEFT FORMING PUNCH,Asset,TOOL SPARE,STORE,82074090,NOS,0,0,0
ASTTL2270,T2102BL0A/L13020,,DP,Asset,TOOL SPARE,STORE,82074090,NOS,0,0,0
ASTTL2271,T2601FMOB/L13020,,DIE PLATE,Asset,TOOL SPARE,STORE,82074090,NOS,0,0,0
ASTTL2272,T2128BL0A/L13021,,BUFFER,Asset,TOOL SPARE,STORE,82074090,NOS,0,0,0
ASTTL2273,T2128BL0A/L13021,,SP,Asset,TOOL SPARE,STORE,82074090,NOS,0,0,0
ASTTL2274,T2159BL0A/L13023,,ID PUNCH,Asset,TOOL SPARE,STORE,82074090,NOS,0,0,0
ASTTL2275,T2159BL0A/L13023,,BUFFER,Asset,TOOL SPARE,STORE,82074090,NOS,0,0,0
ASTTL2276,T2159BL0A/L13023,,SP,Asset,TOOL SPARE,STORE,82074090,NOS,0,0,0
ASTTL2277,T2159BL0A/L13023,,DP,Asset,TOOL SPARE,STORE,82074090,NOS,0,0,0
ASTTL2278,T2159BL0A/L13023,,PUNCH,Asset,TOOL SPARE,STORE,82074090,NOS,0,0,0
ASTTL2279,T2436BL0A/L13023,,ID PUNCH,Asset,TOOL SPARE,STORE,82074090,NOS,0,0,0
ASTTL228,T2539FM4A/B14035/37,,PUNCH,Asset,TOOL SPARE,STORE,82074090,NOS,0,0,0
ASTTL2280,T2436BL0A/L13023,,ID PHP,Asset,TOOL SPARE,STORE,82074090,NOS,0,0,0
ASTTL2281,T2436BL0A/L13023,,PHP,Asset,TOOL SPARE,STORE,82074090,NOS,0,0,0
ASTTL2282,T2436BL0A/L13023,,DP,Asset,TOOL SPARE,STORE,82074090,NOS,0,0,0
ASTTL2283,T2436BL0A/L13023,,DP (5 CAVITY),Asset,TOOL SPARE,STORE,82074090,NOS,0,0,0
ASTTL2284,T2436BL0A/L13023,,SP,Asset,TOOL SPARE,STORE,82074090,NOS,0,0,0
ASTTL2285,T2436BL0A/L13023,,SP (5 CAVITY),Asset,TOOL SPARE,STORE,82074090,NOS,0,0,0
ASTTL2286,T1256FMOA/L13023,,PUNCH,Asset,TOOL SPARE,STORE,82074090,NOS,0,0,0
ASTTL2287,T1256FMOA/L13023,,BUFFER,Asset,TOOL SPARE,STORE,82074090,NOS,0,0,0
ASTTL2288,T2261BL0A/L13027,,DP,Asset,TOOL SPARE,STORE,82074090,NOS,0,0,0
ASTTL2289,T2261BL0A/L13027,,BUFFER,Asset,TOOL SPARE,STORE,82074090,NOS,0,0,0
ASTTL229,T2424BL0A/B14036,,ID PUNCH,Asset,TOOL SPARE,STORE,82074090,NOS,0,0,0
ASTTL2290,T2261BL0A/L13027,,PUNCH,Asset,TOOL SPARE,STORE,82074090,NOS,0,0,0
ASTTL2291,T2261BL0A/L13027,,DP,Asset,TOOL SPARE,STORE,82074090,NOS,0,0,0
ASTTL2292,T2258FM0A/L13027,,BUFFER,Asset,TOOL SPARE,STORE,82074090,NOS,0,0,0
ASTTL2293,T2263BL0A/L13028,,DP,Asset,TOOL SPARE,STORE,82074090,NOS,0,0,0
ASTTL2294,T2263BL0A/L13028,,ID PHBP,Asset,TOOL SPARE,STORE,82074090,NOS,0,0,0
ASTTL2295,T2263BL0A/L13028,,PUNCH,Asset,TOOL SPARE,STORE,82074090,NOS,0,0,0
ASTTL2296,T2263BL0A/L13028,,BUFFER,Asset,TOOL SPARE,STORE,82074090,NOS,0,0,0
ASTTL2297,T2263BL0A/L13028,,ID PUNCH,Asset,TOOL SPARE,STORE,82074090,NOS,0,0,0
ASTTL2298,T3289BL0A/L13031,,PHP,Asset,TOOL SPARE,STORE,82074090,NOS,0,0,0
ASTTL2299,T3289BL0A/L13031,,SP,Asset,TOOL SPARE,STORE,82074090,NOS,0,0,0
ASTTL23,T2251BL0A/B14003,,ID PUNCH,Asset,TOOL SPARE,STORE,82074090,NOS,0,0,0
ASTTL230,T2424BL0A/B14036,,BUFFER DISC,Asset,TOOL SPARE,STORE,82074090,NOS,0,0,0
ASTTL2300,T3289BL0A/L13031,,DP,Asset,TOOL SPARE,STORE,82074090,NOS,0,0,0
ASTTL2301,T2326BL0A/L13031,,SP,Asset,TOOL SPARE,STORE,82074090,NOS,0,0,0
ASTTL2302,T2326BL0A/L13031,,DP,Asset,TOOL SPARE,STORE,82074090,NOS,0,0,0
ASTTL2303,T2326BL0A/L13031,,PUNCH,Asset,TOOL SPARE,STORE,82074090,NOS,0,0,0
ASTTL2304,T2326BL0A/L13031,,BUFFER,Asset,TOOL SPARE,STORE,82074090,NOS,0,0,0
ASTTL2305,T2326BL0A/L13031,,INSERT,Asset,TOOL SPARE,STORE,82074090,NOS,0,0,0
ASTTL2306,T2916BL0A/L13031,,BUFFER,Asset,TOOL SPARE,STORE,82074090,NOS,0,0,0
ASTTL2307,T2916BL0A/L13031,,INSERT,Asset,TOOL SPARE,STORE,82074090,NOS,0,0,0
ASTTL2308,T2916BLOA/L13031,,PHP,Asset,TOOL SPARE,STORE,82074090,NOS,0,0,0
ASTTL2309,T2916BLOA/L13031,,SP,Asset,TOOL SPARE,STORE,82074090,NOS,0,0,0
ASTTL231,T2424BL0A/B14036,,BUFFER,Asset,TOOL SPARE,STORE,82074090,NOS,0,0,0
ASTTL2310,T2450BL0A/L13036,,DP,Asset,TOOL SPARE,STORE,82074090,NOS,0,0,0
ASTTL2311,T2450BL0A/L13036,,PUNCH,Asset,TOOL SPARE,STORE,82074090,NOS,0,0,0
ASTTL2312,T2486BL0A/L13038/39,,PUNCH,Asset,TOOL SPARE,STORE,82074090,NOS,0,0,0
ASTTL2313,T2506BL0A/L13042,,PUNCH,Asset,TOOL SPARE,STORE,82074090,NOS,0,0,0
ASTTL2314,T2517BL0A/L13043,,PUNCH,Asset,TOOL SPARE,STORE,82074090,NOS,0,0,0
ASTTL2315,T2690BL0A/L13044,,DP,Asset,TOOL SPARE,STORE,82074090,NOS,0,0,0
ASTTL2316,T2690BL0A/L13044,,PUNCH,Asset,TOOL SPARE,STORE,82074090,NOS,0,0,0
ASTTL2317,T2690BL0A/L13044,,ID PUNCH,Asset,TOOL SPARE,STORE,82074090,NOS,0,0,0
ASTTL2318,T2690BL0A/L13044,,BUFFER,Asset,TOOL SPARE,STORE,82074090,NOS,0,0,0
ASTTL2319,T2689FM0A/L13044,,DP,Asset,TOOL SPARE,STORE,82074090,NOS,0,0,0
ASTTL232,T2424BL0A/B14036,,DP INSERT,Asset,TOOL SPARE,STORE,82074090,NOS,0,0,0
ASTTL2320,T2689FM0A/L13044,,DIE BUSH,Asset,TOOL SPARE,STORE,82074090,NOS,0,0,0
ASTTL2321,T2689FM0A/L13044,,BUFFER INSERT,Asset,TOOL SPARE,STORE,82074090,NOS,0,0,0
ASTTL2322,T2709FM0A/L13044,,LOWER PUNCH,Asset,TOOL SPARE,STORE,82074090,NOS,0,0,0
ASTTL2323,T2709FM0A/L13044,,UPPER PUNCH,Asset,TOOL SPARE,STORE,82074090,NOS,0,0,0
ASTTL2324,T2709FM0A/L13044,,LOWER PUNCH INSERT,Asset,TOOL SPARE,STORE,82074090,NOS,0,0,0
ASTTL2325,T2790EMOA/L13044,,LOWER PUNCH INSERT,Asset,TOOL SPARE,STORE,82074090,NOS,0,0,0
ASTTL2326,T2757BL0A/L13045,,DIE PLATE,Asset,TOOL SPARE,STORE,82074090,NOS,0,0,0
ASTTL2327,T2757BL0A/L13045,,PHP,Asset,TOOL SPARE,STORE,82074090,NOS,0,0,0
ASTTL2328,T2757BL0A/L13045,,PUNCH,Asset,TOOL SPARE,STORE,82074090,NOS,0,0,0
ASTTL2329,T2757BL0A/L13045,,BUFFER,Asset,TOOL SPARE,STORE,82074090,NOS,0,0,0
ASTTL233,T2424BL0A/B14036,,DIE PLATE,Asset,TOOL SPARE,STORE,82074090,NOS,0,0,0
ASTTL2330,T2757BL0A/L13045,,INSERT,Asset,TOOL SPARE,STORE,82074090,NOS,0,0,0
ASTTL2331,T2757BL0A/L13045,,SNAP RIGHT INSERT,Asset,TOOL SPARE,STORE,82074090,NOS,0,0,0
ASTTL2332,T3657/L13045,,DIE PLATE,Asset,TOOL SPARE,STORE,82074090,NOS,0,0,0
ASTTL2333,T2832FM0A/L13049,,PHP,Asset,TOOL SPARE,STORE,82074090,NOS,0,0,0
ASTTL2334,T2832FM0A/L13049,,ID PUNCH,Asset,TOOL SPARE,STORE,82074090,NOS,0,0,0
ASTTL2335,T2962FM0A/L13056,,INSERT,Asset,TOOL SPARE,STORE,82074090,NOS,0,0,0
ASTTL2336,T3049BL0A/L13064,,ID PUNCH,Asset,TOOL SPARE,STORE,82074090,NOS,0,0,0
ASTTL2337,T3049BL0A/L13064,,BUFFER,Asset,TOOL SPARE,STORE,82074090,NOS,0,0,0
ASTTL2338,T3049BL0A/L13064,,PUNCH,Asset,TOOL SPARE,STORE,82074090,NOS,0,0,0
ASTTL2339,T1592BLOA/L13066,,BUFFER,Asset,TOOL SPARE,STORE,82074090,NOS,0,0,0
ASTTL234,T2424BL0A/B14036,,PHP,Asset,TOOL SPARE,STORE,82074090,NOS,0,0,0
ASTTL2340,T1592BLOA/L13066,,ID PUNCH,Asset,TOOL SPARE,STORE,82074090,NOS,0,0,0
ASTTL2341,T1592BLOA/L13066,,PUNCH,Asset,TOOL SPARE,STORE,82074090,NOS,0,0,0
ASTTL2342,T1592BLOA/L13066,,SP,Asset,TOOL SPARE,STORE,82074090,NOS,0,0,0
ASTTL2343,T1592BLOA/L13066,,PHP,Asset,TOOL SPARE,STORE,82074090,NOS,0,0,0
ASTTL2344,T3107BL0A/L13067,,DIE PLATE,Asset,TOOL SPARE,STORE,82074090,NOS,0,0,0
ASTTL2345,T4123/L13067,,DP,Asset,TOOL SPARE,STORE,82074090,NOS,0,0,0
ASTTL2346,T3114BL0A/L13067,,ID PUNCH,Asset,TOOL SPARE,STORE,82074090,NOS,0,0,0
ASTTL2347,T3114BL0A/L13067,,PUNCH,Asset,TOOL SPARE,STORE,82074090,NOS,0,0,0
ASTTL2348,T3114BL0A/L13067,,BUFFER,Asset,TOOL SPARE,STORE,82074090,NOS,0,0,0
ASTTL2349,T3114BL0A/L13067,,SP,Asset,TOOL SPARE,STORE,82074090,NOS,0,0,0
ASTTL235,T2424BL0A/B14036,,ID PHP,Asset,TOOL SPARE,STORE,82074090,NOS,0,0,0
ASTTL2350,T3114BL0A/L13067,,ID PHP,Asset,TOOL SPARE,STORE,82074090,NOS,0,0,0
ASTTL2351,T3114BL0A/L13067,,DP,Asset,TOOL SPARE,STORE,82074090,NOS,0,0,0
ASTTL2352,T3703FM0A/L13071,,ID PUNCH,Asset,TOOL SPARE,STORE,82074090,NOS,0,0,0
ASTTL2353,T3289BLOA/L13074,,STRIPPER PLATE,Asset,TOOL SPARE,STORE,82074090,NOS,0,0,0
ASTTL2354,T3284BL0A/L13074,,PUNCH,Asset,TOOL SPARE,STORE,82074090,NOS,0,0,0
ASTTL2355,T3284BL0A/L13074,,ID PUNCH,Asset,TOOL SPARE,STORE,82074090,NOS,0,0,0
ASTTL2356,T3266FM0A/L13074,,PUNCH,Asset,TOOL SPARE,STORE,82074090,NOS,0,0,0
ASTTL2357,T3289BL0A/L13075,,SP,Asset,TOOL SPARE,STORE,82074090,NOS,0,0,0
ASTTL2358,T3363BL0A/L13079,,DP,Asset,TOOL SPARE,STORE,82074090,NOS,0,0,0
ASTTL2359,T3289BL0A/L13079,,DP,Asset,TOOL SPARE,STORE,82074090,NOS,0,0,0
ASTTL236,T2411FM1A/B14036,,PUNCH,Asset,TOOL SPARE,STORE,82074090,NOS,0,0,0
ASTTL2360,T3556BL0A/L13091,,ID PUNCH,Asset,TOOL SPARE,STORE,82074090,NOS,0,0,0
ASTTL2361,T3556BL0A/L13091,,ID PUNCH PIN,Asset,TOOL SPARE,STORE,82074090,NOS,0,0,0
ASTTL2362,T3657BL0A/L13095,,BUFFER,Asset,TOOL SPARE,STORE,82074090,NOS,0,0,0
ASTTL2363,T3657BL0A/L13095,,DP,Asset,TOOL SPARE,STORE,82074090,NOS,0,0,0
ASTTL2364,T3657BL0A/L13095,,PUNCH,Asset,TOOL SPARE,STORE,82074090,NOS,0,0,0
ASTTL2365,T3725BL0A/L13101,,PUNCH,Asset,TOOL SPARE,STORE,82074090,NOS,0,0,0
ASTTL2366,T3725BL0A/L13101,,ID PUNCH,Asset,TOOL SPARE,STORE,82074090,NOS,0,0,0
ASTTL2367,T3487BL0A/M23001,,BUFFER SUPPORT PLATE,Asset,TOOL SPARE,STORE,82074090,NOS,0,0,0
ASTTL2368,T3487BL0A/M23001,,EJECTOR PLATE,Asset,TOOL SPARE,STORE,82074090,NOS,0,0,0
ASTTL2369,T3487BL0A/M23001,,PUNCH HOLDER PLATE,Asset,TOOL SPARE,STORE,82074090,NOS,0,0,0
ASTTL237,T2411FM1A/B14036,,BUFFER,Asset,TOOL SPARE,STORE,82074090,NOS,0,0,0
ASTTL2370,T3487BL0A/M23001,,P.H.B.P,Asset,TOOL SPARE,STORE,82074090,NOS,0,0,0
ASTTL2371,T3487BL0A/M23001,,STRIPPER PLATE,Asset,TOOL SPARE,STORE,82074090,NOS,0,0,0
ASTTL2372,T3487BL0A/M23001,,DIE PLATE,Asset,TOOL SPARE,STORE,82074090,NOS,0,0,0
ASTTL2373,T3487BL0A/M23001,,BUFFER,Asset,TOOL SPARE,STORE,82074090,NOS,0,0,0
ASTTL2374,T3487BL0A/M23001,,BUFFER WORKING PLATE,Asset,TOOL SPARE,STORE,82074090,NOS,0,0,0
ASTTL2375,T3487BL0A/M23001,,PUNCH,Asset,TOOL SPARE,STORE,82074090,NOS,0,0,0
ASTTL2376,T3487BL0A/M23001,,DIE PLATE INSERT,Asset,TOOL SPARE,STORE,82074090,NOS,0,0,0
ASTTL2377,T3487BL0A/M23001,,DIE PLATE BACK PLATE,Asset,TOOL SPARE,STORE,82074090,NOS,0,0,0
ASTTL2378,T3487BL0A/M23001,,WORKING PLATE,Asset,TOOL SPARE,STORE,82074090,NOS,0,0,0
ASTTL2379,T3487BL0A/M23001,,BUFFER DISC,Asset,TOOL SPARE,STORE,82074090,NOS,0,0,0
ASTTL238,T2411FM1A/B14036,,BUFFER INSERT,Asset,TOOL SPARE,STORE,82074090,NOS,0,0,0
ASTTL2380,T3802BL0A/M23001,,BUFFER WORKING PLATE,Asset,TOOL SPARE,STORE,82074090,NOS,0,0,0
ASTTL2381,T3802BL0A/M23001,,STRIPPER PLATE,Asset,TOOL SPARE,STORE,82074090,NOS,0,0,0
ASTTL2382,T3802BL0A/M23001,,DIE PLATE BACK PLATE,Asset,TOOL SPARE,STORE,82074090,NOS,0,0,0
ASTTL2383,T3802BL0A/M23001,,DIE PLATE,Asset,TOOL SPARE,STORE,82074090,NOS,0,0,0
ASTTL2384,T3802BL0A/M23001,,DIE PLATE INSERT,Asset,TOOL SPARE,STORE,82074090,NOS,0,0,0
ASTTL2385,T3802BL0A/M23001,,BUFFER,Asset,TOOL SPARE,STORE,82074090,NOS,0,0,0
ASTTL2386,T3802BL0A/M23001,,PUNCH,Asset,TOOL SPARE,STORE,82074090,NOS,0,0,0
ASTTL2387,T3802BL0A/M23001,,PHP,Asset,TOOL SPARE,STORE,82074090,NOS,0,0,0
ASTTL2388,T3802BL0A/M23001,,ID PHBP,Asset,TOOL SPARE,STORE,82074090,NOS,0,0,0
ASTTL2389,T3558CHOA/M23001,,SP,Asset,TOOL SPARE,STORE,82074090,NOS,0,0,0
ASTTL239,T2411FM1A/B14036,,DIE PLATE,Asset,TOOL SPARE,STORE,82074090,NOS,0,0,0
ASTTL2390,T4158BL0A/M23001,,STRIPPER PLATE,Asset,TOOL SPARE,STORE,82074090,NOS,0,0,0
ASTTL2391,T4158BL0A/M23001,,BUFFER WORKING PLATE,Asset,TOOL SPARE,STORE,82074090,NOS,0,0,0
ASTTL2392,T4158BL0A/M23001,,PHP,Asset,TOOL SPARE,STORE,82074090,NOS,0,0,0
ASTTL2393,T4158BL0A/M23001,,DIE INSERT C-TYPE,Asset,TOOL SPARE,STORE,82074090,NOS,0,0,0
ASTTL2394,T4158BL0A/M23001,,KEY BUFFER,Asset,TOOL SPARE,STORE,82074090,NOS,0,0,0
ASTTL2395,T4158BL0A/M23001,,PHBP,Asset,TOOL SPARE,STORE,82074090,NOS,0,0,0
ASTTL2396,T4158BL0A/M23001,,DIE PLATE BACK PLATE,Asset,TOOL SPARE,STORE,82074090,NOS,0,0,0
ASTTL2397,T4158BL0A/M23001,,DIE PLATE,Asset,TOOL SPARE,STORE,82074090,NOS,0,0,0
ASTTL2398,T3596BL0A/M23004,,PUNCH,Asset,TOOL SPARE,STORE,82074090,NOS,0,0,0
ASTTL2399,T3596BL0A/M23004,,BUFFER,Asset,TOOL SPARE,STORE,82074090,NOS,0,0,0
ASTTL24,T2251BL0A/B14003,,DP,Asset,TOOL SPARE,STORE,82074090,NOS,0,0,0
ASTTL240,T2431FM2A/B14036,,PUNCH,Asset,TOOL SPARE,STORE,82074090,NOS,0,0,0
ASTTL2400,T3596BL0A/M23004,,ID PUNCH,Asset,TOOL SPARE,STORE,82074090,NOS,0,0,0
ASTTL2401,T3596BL0A/M23004,,DIE PLATE INSERT,Asset,TOOL SPARE,STORE,82074090,NOS,0,0,0
ASTTL2402,T3594BLOA/M23004,,BUFFER,Asset,TOOL SPARE,STORE,82074090,NOS,0,0,0
ASTTL2403,T3591BL0A/M23006,,PUNCH,Asset,TOOL SPARE,STORE,82074090,NOS,0,0,0
ASTTL2404,T3591BL0A/M23006,,DIE PLATE,Asset,TOOL SPARE,STORE,82074090,NOS,0,0,0
ASTTL2405,T3591BL0A/M23006,,STRIPPER PLATE,Asset,TOOL SPARE,STORE,82074090,NOS,0,0,0
ASTTL2406,T3592HL0A/M23006,,GUAGE PLATE,Asset,TOOL SPARE,STORE,82074090,NOS,0,0,0
ASTTL2407,T3592HL0A/M23006,,DIE PLATE,Asset,TOOL SPARE,STORE,82074090,NOS,0,0,0
ASTTL2408,T3592HL0A/M23006,,ID PIN,Asset,TOOL SPARE,STORE,82074090,NOS,0,0,0
ASTTL2409,T3680BL0A/M23011,,DIE PLATE,Asset,TOOL SPARE,STORE,82074090,NOS,0,0,0
ASTTL241,T2431FM2A/B14036,,DIE BLOCK,Asset,TOOL SPARE,STORE,82074090,NOS,0,0,0
ASTTL2410,T3680BL0A/M23011,,PUNCH,Asset,TOOL SPARE,STORE,82074090,NOS,0,0,0
ASTTL2411,T3680BL0A/M23011,,BUFFER,Asset,TOOL SPARE,STORE,82074090,NOS,0,0,0
ASTTL2412,T3685TR0A/M23011,,DIE PLATE,Asset,TOOL SPARE,STORE,82074090,NOS,0,0,0
ASTTL2413,T3685TR0A/M23011,,PUNCH,Asset,TOOL SPARE,STORE,82074090,NOS,0,0,0
ASTTL2414,T3685TR0A/M23011,,LOCATOR,Asset,TOOL SPARE,STORE,82074090,NOS,0,0,0
ASTTL2415,T3558CH0A/M23011,,PUNCH,Asset,TOOL SPARE,STORE,82074090,NOS,0,0,0
ASTTL2416,T3558CH0A/M23011,,DIE PLATE,Asset,TOOL SPARE,STORE,82074090,NOS,0,0,0
ASTTL2417,T3558CH0A/M23011,,STRIPPER PLATE,Asset,TOOL SPARE,STORE,82074090,NOS,0,0,0
ASTTL2418,T3678HL0A/M23011,,DIE PLATE,Asset,TOOL SPARE,STORE,82074090,NOS,0,0,0
ASTTL2419,T3678HL0A/M23011,,PHP,Asset,TOOL SPARE,STORE,82074090,NOS,0,0,0
ASTTL242,T2836BL0A/B14041,,ID PUNCH BIG,Asset,TOOL SPARE,STORE,82074090,NOS,0,0,0
ASTTL2420,T3678HL0A/M23011,,GUAGE PLATE,Asset,TOOL SPARE,STORE,82074090,NOS,0,0,0
ASTTL2421,T3679BL0A/M23012,,PUNCH,Asset,TOOL SPARE,STORE,82074090,NOS,0,0,0
ASTTL2422,T3679BL0A/M23012,,ID PUNCH,Asset,TOOL SPARE,STORE,82074090,NOS,0,0,0
ASTTL2423,T3679BL0A/M23012,,DIE PLATE,Asset,TOOL SPARE,STORE,82074090,NOS,0,0,0
ASTTL2424,T3679BL0A/M23012,,STRIPPER PLATE,Asset,TOOL SPARE,STORE,82074090,NOS,0,0,0
ASTTL2425,T3679BL0A/M23012,,BUFFER,Asset,TOOL SPARE,STORE,82074090,NOS,0,0,0
ASTTL2426,T3683TR0A/M23012,,DIE PLATE,Asset,TOOL SPARE,STORE,82074090,NOS,0,0,0
ASTTL2427,T3683TR0A/M23012,,BUFFER,Asset,TOOL SPARE,STORE,82074090,NOS,0,0,0
ASTTL2428,T3683TR0A/M23012,,LOCATOR,Asset,TOOL SPARE,STORE,82074090,NOS,0,0,0
ASTTL2429,T3683TR0A/M23012,,PUNCH,Asset,TOOL SPARE,STORE,82074090,NOS,0,0,0
ASTTL243,T2836BL0A/B14041,,ID PUNCH SMALL,Asset,TOOL SPARE,STORE,82074090,NOS,0,0,0
ASTTL2430,T3683TR0A/M23012,,STRIPPER PLATE,Asset,TOOL SPARE,STORE,82074090,NOS,0,0,0
ASTTL2431,T3683TR0A/M23012,,PHP,Asset,TOOL SPARE,STORE,82074090,NOS,0,0,0
ASTTL2432,T3563CH0A/M23012,,PUNCH,Asset,TOOL SPARE,STORE,82074090,NOS,0,0,0
ASTTL2433,T3563CH0A/M23012,,DIE PLATE,Asset,TOOL SPARE,STORE,82074090,NOS,0,0,0
ASTTL2434,T3563CH0A/M23012,,PHP,Asset,TOOL SPARE,STORE,82074090,NOS,0,0,0
ASTTL2435,T3563CH0A/M23012,,ID LOCATOR,Asset,TOOL SPARE,STORE,82074090,NOS,0,0,0
ASTTL2436,T3563CH0A/M23012,,PUNCH INSERT,Asset,TOOL SPARE,STORE,82074090,NOS,0,0,0
ASTTL2437,T3681HL0A/M23012,,ID PUNCH,Asset,TOOL SPARE,STORE,82074090,NOS,0,0,0
ASTTL2438,T3681HL0A/M23012,,DIE PLATE,Asset,TOOL SPARE,STORE,82074090,NOS,0,0,0
ASTTL2439,T3681HL0A/M23012,,GUAGE PLATE,Asset,TOOL SPARE,STORE,82074090,NOS,0,0,0
ASTTL244,T2836BL0A/B14041,,PUNCH,Asset,TOOL SPARE,STORE,82074090,NOS,0,0,0
ASTTL2440,T3681HL0A/M23012,,PHP,Asset,TOOL SPARE,STORE,82074090,NOS,0,0,0
ASTTL2441,T3574BLOA/M23006,,STIPPER PLATE,Asset,TOOL SPARE,STORE,82074090,NOS,0,0,0
ASTTL2442,T3574BLOA/M23018,,STIPPER PLATE,Asset,TOOL SPARE,STORE,82074090,NOS,0,0,0
ASTTL2443,T3930MFOA/M23026,,PUNCH,Asset,TOOL SPARE,STORE,82074090,NOS,0,0,0
ASTTL2444,BLOA/M23026,,DIE INSERT,Asset,TOOL SPARE,STORE,82074090,NOS,0,0,0
ASTTL2445,T3965MFOA/M23027,,RH PUNCH 4,Asset,TOOL SPARE,STORE,82074090,NOS,0,0,0
ASTTL2446,T3965MFOA/M23027,,PUNCH 1,Asset,TOOL SPARE,STORE,82074090,NOS,0,0,0
ASTTL2447,T3965MFOA/M23027,,PUNCH 3,Asset,TOOL SPARE,STORE,82074090,NOS,0,0,0
ASTTL2448,T3965MFOA/M23027,,LH INSERT,Asset,TOOL SPARE,STORE,82074090,NOS,0,0,0
ASTTL2449,T3965MFOA/M23027,,RH INSERT 1,Asset,TOOL SPARE,STORE,82074090,NOS,0,0,0
ASTTL245,T2836BL0A/B14041,,ID PHP,Asset,TOOL SPARE,STORE,82074090,NOS,0,0,0
ASTTL2450,T3965MFOA/M23027,,RH INSERT 2,Asset,TOOL SPARE,STORE,82074090,NOS,0,0,0
ASTTL2451,T3933BLOA/M23040,,BUFFER,Asset,TOOL SPARE,STORE,82074090,NOS,0,0,0
ASTTL2452,T3933BLOA/M23040,,PUNCH,Asset,TOOL SPARE,STORE,82074090,NOS,0,0,0
ASTTL2453,T3933BLOA/M23040,,BUFFER SUPPORT PLATE,Asset,TOOL SPARE,STORE,82074090,NOS,0,0,0
ASTTL2454,T3933BLOA/M23040,,STRIPPER PLATE,Asset,TOOL SPARE,STORE,82074090,NOS,0,0,0
ASTTL2455,T3933BLOA/M23040,,DIE PLATE,Asset,TOOL SPARE,STORE,82074090,NOS,0,0,0
ASTTL2456,T3933BLOA/M23040,,PHP,Asset,TOOL SPARE,STORE,82074090,NOS,0,0,0
ASTTL2457,T3933BLOA/M23040,,PHBP,Asset,TOOL SPARE,STORE,82074090,NOS,0,0,0
ASTTL2458,T3933BLOA/M23040,,DIE PLATE BACK PLATE,Asset,TOOL SPARE,STORE,82074090,NOS,0,0,0
ASTTL2459,T4101BL0A/M23045,,PUNCH,Asset,TOOL SPARE,STORE,82074090,NOS,0,0,0
ASTTL246,T2836BL0A/B14041,,DP,Asset,TOOL SPARE,STORE,82074090,NOS,0,0,0
ASTTL2460,T4101BL0A/M23045,,BUFFER,Asset,TOOL SPARE,STORE,82074090,NOS,0,0,0
ASTTL2461,T4101BL0A/M23045,,ID PHP,Asset,TOOL SPARE,STORE,82074090,NOS,0,0,0
ASTTL2462,T4101BL0A/M23045,,DIE PLATE,Asset,TOOL SPARE,STORE,82074090,NOS,0,0,0
ASTTL2463,T4831BLOA/M23045,,DIE INSERT,Asset,TOOL SPARE,STORE,82074090,NOS,0,0,0
ASTTL2464,T3903BL0A/M23045,,DIE PLATE,Asset,TOOL SPARE,STORE,82074090,NOS,0,0,0
ASTTL2465,T4092FM1A/M23045,,LOWER PUNCH,Asset,TOOL SPARE,STORE,82074090,NOS,0,0,0
ASTTL2466,T4092FM1A/M23045,,UPPER PUNCH,Asset,TOOL SPARE,STORE,82074090,NOS,0,0,0
ASTTL2467,T4092FM1A/M23045,,TAPER WEDGE,Asset,TOOL SPARE,STORE,82074090,NOS,0,0,0
ASTTL2468,T4092FM1A/M23045,,BUFFER,Asset,TOOL SPARE,STORE,82074090,NOS,0,0,0
ASTTL2469,T4092FM1A/M23045,,SUPPORT PLATE,Asset,TOOL SPARE,STORE,82074090,NOS,0,0,0
ASTTL247,T2811FM1A/B14041,,DIE INSERT,Asset,TOOL SPARE,STORE,82074090,NOS,0,0,0
ASTTL2470,T4093FM2A/M23045,,LOWER PUNCH,Asset,TOOL SPARE,STORE,82074090,NOS,0,0,0
ASTTL2471,T4093FM2A/M23045,,UPPER PUNCH INSERT,Asset,TOOL SPARE,STORE,82074090,NOS,0,0,0
ASTTL2472,T4093FM2A/M23045,,UPPER PUNCH BACK PLATE,Asset,TOOL SPARE,STORE,82074090,NOS,0,0,0
ASTTL2473,T4093FM2A/M23045,,LOWER PUNCH INSERT,Asset,TOOL SPARE,STORE,82074090,NOS,0,0,0
ASTTL2474,T4093FM2A/M23045,,UPPER PUNCH,Asset,TOOL SPARE,STORE,82074090,NOS,0,0,0
ASTTL2475,T4095FM3A/M23045,,LOWER PUNCH INSERT,Asset,TOOL SPARE,STORE,82074090,NOS,0,0,0
ASTTL2476,T4094SZ0A/M23045,,SUPPORT PLATE,Asset,TOOL SPARE,STORE,82074090,NOS,0,0,0
ASTTL2477,T3819FMOA/M24002,,DIE PLATE,Asset,TOOL SPARE,STORE,82074090,NOS,0,0,0
ASTTL2478,T3823BLOA/M24002,,DIE PLATE,Asset,TOOL SPARE,STORE,82074090,NOS,0,0,0
ASTTL2479,T3922FMOA/M24003,,UPPER PUNCH,Asset,TOOL SPARE,STORE,82074090,NOS,0,0,0
ASTTL248,T2811FM1A/B14041,,BUFFER INSERT,Asset,TOOL SPARE,STORE,82074090,NOS,0,0,0
ASTTL2480,T3922FMOA/M24003,,LOWER PUNCH,Asset,TOOL SPARE,STORE,82074090,NOS,0,0,0
ASTTL2481,T3922FMOA/M24003,,PHP,Asset,TOOL SPARE,STORE,82074090,NOS,0,0,0
ASTTL2482,T3922FMOA/M24003,,DIE PLATE,Asset,TOOL SPARE,STORE,82074090,NOS,0,0,0
ASTTL2483,T3927BLOA/M24003,,DIE PLATE,Asset,TOOL SPARE,STORE,82074090,NOS,0,0,0
ASTTL2484,T4344TROA/M24003,,STRIPPER PLATE,Asset,TOOL SPARE,STORE,82074090,NOS,0,0,0
ASTTL2485,FMOA/M24004,,LOWER PUNCH,Asset,TOOL SPARE,STORE,82074090,NOS,0,0,0
ASTTL2486,T4090BLOA/M24004,,DIE PLATE,Asset,TOOL SPARE,STORE,82074090,NOS,0,0,0
ASTTL2487,T4075FM1A/M24004,,PHP,Asset,TOOL SPARE,STORE,82074090,NOS,0,0,0
ASTTL2488,T1228BLOA/M27001,,ID PUNCH,Asset,TOOL SPARE,STORE,82074090,NOS,0,0,0
ASTTL2489,T1228BLOA/M27001,,BUFFER,Asset,TOOL SPARE,STORE,82074090,NOS,0,0,0
ASTTL249,T2811FM1A/B14041,,PUNCH INSERT,Asset,TOOL SPARE,STORE,82074090,NOS,0,0,0
ASTTL2490,T3823BLOA/M24002,,DIE PLATE,Asset,TOOL SPARE,STORE,82074090,NOS,0,0,0
ASTTL2491,T3823BLOA/M24002,,PUNCH,Asset,TOOL SPARE,STORE,82074090,NOS,0,0,0
ASTTL2492,T3819FMOA/M24002,,DIE PLATE,Asset,TOOL SPARE,STORE,82074090,NOS,0,0,0
ASTTL2493,T4363TROA/M24002,,SIDE PUNCH,Asset,TOOL SPARE,STORE,82074090,NOS,0,0,0
ASTTL2494,T3927BLOA/M24003,,DIE PLATE,Asset,TOOL SPARE,STORE,82074090,NOS,0,0,0
ASTTL2495,T3922FMOA/M24003,,DIE PLATE,Asset,TOOL SPARE,STORE,82074090,NOS,0,0,0
ASTTL2496,T3922FMOA/M24003,,LOWER PUNCH,Asset,TOOL SPARE,STORE,82074090,NOS,0,0,0
ASTTL2497,T3922FMOA/M24003,,PUNCH HOLDER PLATE,Asset,TOOL SPARE,STORE,82074090,NOS,0,0,0
ASTTL2498,T3922FMOA/M24003,,UPPER PUNCH,Asset,TOOL SPARE,STORE,82074090,NOS,0,0,0
ASTTL2499,T4344TROA/M24003,,STRIPPER PLATE,Asset,TOOL SPARE,STORE,82074090,NOS,0,0,0
ASTTL25,T2251BL0A/B14003,,ID PHP,Asset,TOOL SPARE,STORE,82074090,NOS,0,0,0
ASTTL250,T2825FM2A/B14041,,PHP,Asset,TOOL SPARE,STORE,82074090,NOS,0,0,0
ASTTL2500,BLOA/M24004,,PUNCH,Asset,TOOL SPARE,STORE,82074090,NOS,0,0,0
ASTTL2501,T4075FMOA/M24004,,PHP,Asset,TOOL SPARE,STORE,82074090,NOS,0,0,0
ASTTL2502,T1526BLOA/N05001,,PUNCH,Asset,TOOL SPARE,STORE,82074090,NOS,0,0,0
ASTTL2503,T1526BLOA/N05001,,DIE PLATE,Asset,TOOL SPARE,STORE,82074090,NOS,0,0,0
ASTTL2504,T1860BLOA/N05001,,DIE PLATE,Asset,TOOL SPARE,STORE,82074090,NOS,0,0,0
ASTTL2505,FORMING/N05001,,UPPER PUNCH,Asset,TOOL SPARE,STORE,82074090,NOS,0,0,0
ASTTL2506,FORMING/N05001,,LOWER PUNCH,Asset,TOOL SPARE,STORE,82074090,NOS,0,0,0
ASTTL2507,T4351TROA/N05001,,UPPER PUNCH,Asset,TOOL SPARE,STORE,82074090,NOS,0,0,0
ASTTL2508,T4351TROA/N05001,,LOWER PUNCH INSERT,Asset,TOOL SPARE,STORE,82074090,NOS,0,0,0
ASTTL2509,T4351TROA/N05001,,UPPER PUNCH INSERT,Asset,TOOL SPARE,STORE,82074090,NOS,0,0,0
ASTTL251,T2829FM4A/B14041,,PUNCH INSERT,Asset,TOOL SPARE,STORE,82074090,NOS,0,0,0
ASTTL2510,T4351TROA/N05001,,STRIPPER PLATE,Asset,TOOL SPARE,STORE,82074090,NOS,0,0,0
ASTTL2511,T4351TROA/N05001,,LOWER PUNCH,Asset,TOOL SPARE,STORE,82074090,NOS,0,0,0
ASTTL2512,T1541FMOA/N05002,,UPPER PUNCH,Asset,TOOL SPARE,STORE,82074090,NOS,0,0,0
ASTTL2513,T1541FMOA/N05002,,BENDING SIDE DIE INSERT,Asset,TOOL SPARE,STORE,82074090,NOS,0,0,0
ASTTL2514,T1541FMOA/N05002,,LOWER PUNCH,Asset,TOOL SPARE,STORE,82074090,NOS,0,0,0
ASTTL2515,T1541FMOA/N05002,,PUNCH INSERT,Asset,TOOL SPARE,STORE,82074090,NOS,0,0,0
ASTTL2516,T1870BLOA/N05002,,PUNCH,Asset,TOOL SPARE,STORE,82074090,NOS,0,0,0
ASTTL2517,T1870BLOA/N05002,,DIE PLATE,Asset,TOOL SPARE,STORE,82074090,NOS,0,0,0
ASTTL2518,T4354TROA/N05002,,STRIPPER PLATE,Asset,TOOL SPARE,STORE,82074090,NOS,0,0,0
ASTTL2519,T2015FMOA/N05003,,BENDING DIE INSERT,Asset,TOOL SPARE,STORE,82074090,NOS,0,0,0
ASTTL252,T2829FM4A/B14041,,UPPER PUNCH,Asset,TOOL SPARE,STORE,82074090,NOS,0,0,0
ASTTL2520,T2015FMOA/N05003,,UPPER PUNCH,Asset,TOOL SPARE,STORE,82074090,NOS,0,0,0
ASTTL2521,T2015FMOA/N05003,,LOWER PUNCH,Asset,TOOL SPARE,STORE,82074090,NOS,0,0,0
ASTTL2522,T2015FMOA/N05003,,DIE PLATE,Asset,TOOL SPARE,STORE,82074090,NOS,0,0,0
ASTTL2523,T2023BLOA/N05003,,DIE PLATE,Asset,TOOL SPARE,STORE,82074090,NOS,0,0,0
ASTTL2524,T3276FMOA/N05004,,UPPER PUNCH,Asset,TOOL SPARE,STORE,82074090,NOS,0,0,0
ASTTL2525,T3276FMOA/N05004,,LOWER PUNCH,Asset,TOOL SPARE,STORE,82074090,NOS,0,0,0
ASTTL2526,T3276FMOA/N05004,,PHP,Asset,TOOL SPARE,STORE,82074090,NOS,0,0,0
ASTTL2527,T3276FMOA/N05004,,DIE PLATE,Asset,TOOL SPARE,STORE,82074090,NOS,0,0,0
ASTTL2528,T3276FMOA/N05004,,PHBP,Asset,TOOL SPARE,STORE,82074090,NOS,0,0,0
ASTTL2529,T3278BLOA/N05004,,DIE PLATE,Asset,TOOL SPARE,STORE,82074090,NOS,0,0,0
ASTTL253,T2242BL0A/B14044,,PUNCH,Asset,TOOL SPARE,STORE,82074090,NOS,0,0,0
ASTTL2530,T4361TROA/N05004,,UPHP,Asset,TOOL SPARE,STORE,82074090,NOS,0,0,0
ASTTL2531,T4361TROA/N05004,,STRIPPER PLATE,Asset,TOOL SPARE,STORE,82074090,NOS,0,0,0
ASTTL2532,T4361TROA/N05004,,INSERT,Asset,TOOL SPARE,STORE,82074090,NOS,0,0,0
ASTTL2533,T3275BLOA/N05005,,DIE PLATE,Asset,TOOL SPARE,STORE,82074090,NOS,0,0,0
ASTTL2534,FORMING/N05005,,UPPER PUNCH,Asset,TOOL SPARE,STORE,82074090,NOS,0,0,0
ASTTL2535,FORMING/N05005,,LOWER PUNCH,Asset,TOOL SPARE,STORE,82074090,NOS,0,0,0
ASTTL2536,T4362TROA/N05005,,UPHP,Asset,TOOL SPARE,STORE,82074090,NOS,0,0,0
ASTTL2537,T4362TROA/N05005,,STRIPPER PLATE,Asset,TOOL SPARE,STORE,82074090,NOS,0,0,0
ASTTL2538,BLANKING/N05006,,PUNCH,Asset,TOOL SPARE,STORE,82074090,NOS,0,0,0
ASTTL2539,BLANKING/N05006,,DIE PLATE,Asset,TOOL SPARE,STORE,82074090,NOS,0,0,0
ASTTL254,T3018BL0A/B14047,,PUNCH,Asset,TOOL SPARE,STORE,82074090,NOS,0,0,0
ASTTL2540,T3280FMOA/N05006,,UPPER PUNCH,Asset,TOOL SPARE,STORE,82074090,NOS,0,0,0
ASTTL2541,T3280FMOA/N05006,,LOWER PUNCH,Asset,TOOL SPARE,STORE,82074090,NOS,0,0,0
ASTTL2542,T2589BL0A/N12002,,ID PHP,Asset,TOOL SPARE,STORE,82074090,NOS,0,0,0
ASTTL2543,T2589BL0A/N12002,,PHP,Asset,TOOL SPARE,STORE,82074090,NOS,0,0,0
ASTTL2544,T2518BL0A/N12003,,SP,Asset,TOOL SPARE,STORE,82074090,NOS,0,0,0
ASTTL2545,T2518BL0A/N12003,,PHP,Asset,TOOL SPARE,STORE,82074090,NOS,0,0,0
ASTTL2546,T2518BL0A/N12003,,DP,Asset,TOOL SPARE,STORE,82074090,NOS,0,0,0
ASTTL2547,T2526FM0A/N12003,,DP,Asset,TOOL SPARE,STORE,82074090,NOS,0,0,0
ASTTL2548,T2592BL0A/N12003,,SP,Asset,TOOL SPARE,STORE,82074090,NOS,0,0,0
ASTTL2549,T2592BL0A/N12003,,DP,Asset,TOOL SPARE,STORE,82074090,NOS,0,0,0
ASTTL255,T3018BL0A/B14047,,DP,Asset,TOOL SPARE,STORE,82074090,NOS,0,0,0
ASTTL2550,T2523HL0A/N12003,,DP,Asset,TOOL SPARE,STORE,82074090,NOS,0,0,0
ASTTL2551,T2518BL0A/N12005,,DP,Asset,TOOL SPARE,STORE,82074090,NOS,0,0,0
ASTTL2552,T2518BL0A/N12005,,PHP,Asset,TOOL SPARE,STORE,82074090,NOS,0,0,0
ASTTL2553,T2523HL0A/N12005,,DP,Asset,TOOL SPARE,STORE,82074090,NOS,0,0,0
ASTTL2554,T2579BL0A/N12006,,DP,Asset,TOOL SPARE,STORE,82074090,NOS,0,0,0
ASTTL2555,T2524HL0A/N12006,,DP,Asset,TOOL SPARE,STORE,82074090,NOS,0,0,0
ASTTL2556,T2562BL0A/N12007,,DP,Asset,TOOL SPARE,STORE,82074090,NOS,0,0,0
ASTTL2557,T2562BL0A/N12007,,PHP,Asset,TOOL SPARE,STORE,82074090,NOS,0,0,0
ASTTL2558,T2556FM1A/N12007,,DP,Asset,TOOL SPARE,STORE,82074090,NOS,0,0,0
ASTTL2559,T2561FM0A/N12007,,DP,Asset,TOOL SPARE,STORE,82074090,NOS,0,0,0
ASTTL256,T3016FM1A/B14047,,PUNCH INSERT,Asset,TOOL SPARE,STORE,82074090,NOS,0,0,0
ASTTL2560,T2588BL0A/N12009,,DP,Asset,TOOL SPARE,STORE,82074090,NOS,0,0,0
ASTTL2561,T2558BL0A/N12009,,DP,Asset,TOOL SPARE,STORE,82074090,NOS,0,0,0
ASTTL2562,T2558BL0A/N12009,,SP,Asset,TOOL SPARE,STORE,82074090,NOS,0,0,0
ASTTL2563,T2558BL0A/N12009,,PHP,Asset,TOOL SPARE,STORE,82074090,NOS,0,0,0
ASTTL2564,T2558BL0A/N12009,,ID PUNCH HP,Asset,TOOL SPARE,STORE,82074090,NOS,0,0,0
ASTTL2565,T2074PE0A/N12009,,DP,Asset,TOOL SPARE,STORE,82074090,NOS,0,0,0
ASTTL2566,T2074PE0A/N12009,,PHP,Asset,TOOL SPARE,STORE,82074090,NOS,0,0,0
ASTTL2567,T2554FM0A/N12009,,DP,Asset,TOOL SPARE,STORE,82074090,NOS,0,0,0
ASTTL2568,T2588BL0A/N12011/26,,ID PHP,Asset,TOOL SPARE,STORE,82074090,NOS,0,0,0
ASTTL2569,T2679BL0A/N12012,,DP,Asset,TOOL SPARE,STORE,82074090,NOS,0,0,0
ASTTL257,T3016FM1A/B14047,,PUNCH INSERT,Asset,TOOL SPARE,STORE,82074090,NOS,0,0,0
ASTTL2570,T2679BL0A/N12012,,PHP,Asset,TOOL SPARE,STORE,82074090,NOS,0,0,0
ASTTL2571,T2688BL0A/N12013,,DP,Asset,TOOL SPARE,STORE,82074090,NOS,0,0,0
ASTTL2572,T2688BL0A/N12013,,SP,Asset,TOOL SPARE,STORE,82074090,NOS,0,0,0
ASTTL2573,T2633FM1A/N12013,,SP,Asset,TOOL SPARE,STORE,82074090,NOS,0,0,0
ASTTL2574,T2663BL0A/N12017,,DP,Asset,TOOL SPARE,STORE,82074090,NOS,0,0,0
ASTTL2575,T2665HL0A/N12017,,DP,Asset,TOOL SPARE,STORE,82074090,NOS,0,0,0
ASTTL2576,T2750BLOA/N12018,,ID PUNCH HP,Asset,TOOL SPARE,STORE,82074090,NOS,0,0,0
ASTTL2577,T3398FM0A/N12019,,PHP,Asset,TOOL SPARE,STORE,82074090,NOS,0,0,0
ASTTL2578,T2805BL0A/N12019,,PHP,Asset,TOOL SPARE,STORE,82074090,NOS,0,0,0
ASTTL2579,T2805BL0A/N12019,,DP,Asset,TOOL SPARE,STORE,82074090,NOS,0,0,0
ASTTL258,T3016FM1A/B14047,,BUFFER,Asset,TOOL SPARE,STORE,82074090,NOS,0,0,0
ASTTL2580,T2805BL0A/N12019,,BOTTAM PLATE,Asset,TOOL SPARE,STORE,82074090,NOS,0,0,0
ASTTL2581,T2800BL0A/N12020,,DP,Asset,TOOL SPARE,STORE,82074090,NOS,0,0,0
ASTTL2582,T2801HL0A/N12020,,HOLING DP,Asset,TOOL SPARE,STORE,82074090,NOS,0,0,0
ASTTL2583,T3202BLOA/N12027,,ID PUNCH,Asset,TOOL SPARE,STORE,82074090,NOS,0,0,0
ASTTL2584,T3202BLOA/N12027,,ID PUNCH,Asset,TOOL SPARE,STORE,82074090,NOS,0,0,0
ASTTL2585,T3208FM1A/N12027,,DP,Asset,TOOL SPARE,STORE,82074090,NOS,0,0,0
ASTTL2586,T3208FM1A/N12027,,PHP,Asset,TOOL SPARE,STORE,82074090,NOS,0,0,0
ASTTL2587,T3201FM2A/N12027,,PHP,Asset,TOOL SPARE,STORE,82074090,NOS,0,0,0
ASTTL2588,T3212FM2A/N12027,,BUFFER,Asset,TOOL SPARE,STORE,82074090,NOS,0,0,0
ASTTL2589,T3212FM2A/N12027,,PUNCH,Asset,TOOL SPARE,STORE,82074090,NOS,0,0,0
ASTTL259,T3016FM1A/B14047,,PHP,Asset,TOOL SPARE,STORE,82074090,NOS,0,0,0
ASTTL2590,T3158BL0A/N12028,,INSERT DP,Asset,TOOL SPARE,STORE,82074090,NOS,0,0,0
ASTTL2591,T3158BL0A/N12028,,SP,Asset,TOOL SPARE,STORE,82074090,NOS,0,0,0
ASTTL2592,T3122BL0A/N12029,,DP,Asset,TOOL SPARE,STORE,82074090,NOS,0,0,0
ASTTL2593,T3122BL0A/N12029,,PHP,Asset,TOOL SPARE,STORE,82074090,NOS,0,0,0
ASTTL2594,T3122BL0A/N12029,,ID PHP,Asset,TOOL SPARE,STORE,82074090,NOS,0,0,0
ASTTL2595,T3219BL0A/N12030,,DP,Asset,TOOL SPARE,STORE,82074090,NOS,0,0,0
ASTTL2596,T3219BL0A/N12030,,PHP,Asset,TOOL SPARE,STORE,82074090,NOS,0,0,0
ASTTL2597,T3219BL0A/N12030,,SP,Asset,TOOL SPARE,STORE,82074090,NOS,0,0,0
ASTTL2598,T3207FM1A/N12030,,PHP,Asset,TOOL SPARE,STORE,82074090,NOS,0,0,0
ASTTL2599,T3382BL0A/N12031,,DP,Asset,TOOL SPARE,STORE,82074090,NOS,0,0,0
ASTTL26,T2251BL0A/B14003,,SP,Asset,TOOL SPARE,STORE,82074090,NOS,0,0,0
ASTTL260,T3016FM1A/B14047,,DP,Asset,TOOL SPARE,STORE,82074090,NOS,0,0,0
ASTTL2600,T3382BL0A/N12031,,PHP,Asset,TOOL SPARE,STORE,82074090,NOS,0,0,0
ASTTL2601,T3281FM0A/N12031,,DP,Asset,TOOL SPARE,STORE,82074090,NOS,0,0,0
ASTTL2602,T3361BL0A/N12032,,DP,Asset,TOOL SPARE,STORE,82074090,NOS,0,0,0
ASTTL2603,T3361BL0A/N12032,,PHP,Asset,TOOL SPARE,STORE,82074090,NOS,0,0,0
ASTTL2604,T3380BL0A/N12033,,PHP,Asset,TOOL SPARE,STORE,82074090,NOS,0,0,0
ASTTL2605,T3380BL0A/N12033,,SP,Asset,TOOL SPARE,STORE,82074090,NOS,0,0,0
ASTTL2606,T3380BL0A/N12033,,ID PHP,Asset,TOOL SPARE,STORE,82074090,NOS,0,0,0
ASTTL2607,T3380BL0A/N12033,,BUFFER WORKING PLATE,Asset,TOOL SPARE,STORE,82074090,NOS,0,0,0
ASTTL2608,T3380BL0A/N12033,,PHP,Asset,TOOL SPARE,STORE,82074090,NOS,0,0,0
ASTTL2609,T3380BL0A/N12033,,SP,Asset,TOOL SPARE,STORE,82074090,NOS,0,0,0
ASTTL261,T3017FM0/B14047,,PUNCH,Asset,TOOL SPARE,STORE,82074090,NOS,0,0,0
ASTTL2610,T3380BL0A/N12033,,ID PHP,Asset,TOOL SPARE,STORE,82074090,NOS,0,0,0
ASTTL2611,T3380BL0A/N12033,,BUFFER WORKING PLATE,Asset,TOOL SPARE,STORE,82074090,NOS,0,0,0
ASTTL2612,T3497BL0A/N12035,,DP,Asset,TOOL SPARE,STORE,82074090,NOS,0,0,0
ASTTL2613,T3549BLOA/N12037,,PUNCH,Asset,TOOL SPARE,STORE,82074090,NOS,0,0,0
ASTTL2614,T3549BLOA/N12037,,DP,Asset,TOOL SPARE,STORE,82074090,NOS,0,0,0
ASTTL2615,T3549BLOA/N12037,,PHP,Asset,TOOL SPARE,STORE,82074090,NOS,0,0,0
ASTTL2616,T2168BLOA/O11001,,BUFFER,Asset,TOOL SPARE,STORE,82074090,NOS,0,0,0
ASTTL2617,T2168BLOA/O11001,,ID PUNCH,Asset,TOOL SPARE,STORE,82074090,NOS,0,0,0
ASTTL2618,T2168BLOA/O11001,,DIE PLATE,Asset,TOOL SPARE,STORE,82074090,NOS,0,0,0
ASTTL2619,T2170BLOA/O11002,,BUFFER,Asset,TOOL SPARE,STORE,82074090,NOS,0,0,0
ASTTL262,T3017FM0/B14047,,BUFFER INSERT,Asset,TOOL SPARE,STORE,82074090,NOS,0,0,0
ASTTL2620,T2170BLOA/O11002,,PUNCH,Asset,TOOL SPARE,STORE,82074090,NOS,0,0,0
ASTTL2621,FORMING/O11002,,GUAGE PLATE,Asset,TOOL SPARE,STORE,82074090,NOS,0,0,0
ASTTL2622,BLK/O11005,,INSERT,Asset,TOOL SPARE,STORE,82074090,NOS,0,0,0
ASTTL2623,BLK/O11005,,PUNCH,Asset,TOOL SPARE,STORE,82074090,NOS,0,0,0
ASTTL2624,T2299BL0A/O11007,,BUFFER,Asset,TOOL SPARE,STORE,82074090,NOS,0,0,0
ASTTL2625,T2476BLOA/O11011,,PUNCH,Asset,TOOL SPARE,STORE,82074090,NOS,0,0,0
ASTTL2626,T2476BLOA/O11011,,GAP CUTTING PUNCH,Asset,TOOL SPARE,STORE,82074090,NOS,0,0,0
ASTTL2627,T3224BL0A/O11037,,PUNCH,Asset,TOOL SPARE,STORE,82074090,NOS,0,0,0
ASTTL2628,T3224BL0A/O11037,,GUP INSERT,Asset,TOOL SPARE,STORE,82074090,NOS,0,0,0
ASTTL2629,T4269PEOA/P20002,,DIE PLATE,Asset,TOOL SPARE,STORE,82074090,NOS,0,0,0
ASTTL263,T3981BL0A/B14052,,PUNCH,Asset,TOOL SPARE,STORE,82074090,NOS,0,0,0
ASTTL2630,T4262BLOA/P20003,,ID PUNCH,Asset,TOOL SPARE,STORE,82074090,NOS,0,0,0
ASTTL2631,T4262BLOA/P20003,,PUNCH,Asset,TOOL SPARE,STORE,82074090,NOS,0,0,0
ASTTL2632,T4262BLOA/P20003,,BUFFER,Asset,TOOL SPARE,STORE,82074090,NOS,0,0,0
ASTTL2633,T4262BLOA/P20003,,DIE PLATE,Asset,TOOL SPARE,STORE,82074090,NOS,0,0,0
ASTTL2634,T4262BLOA/P20003,,SP,Asset,TOOL SPARE,STORE,82074090,NOS,0,0,0
ASTTL2635,T4380SVOA/P20003,,PUNCH,Asset,TOOL SPARE,STORE,82074090,NOS,0,0,0
ASTTL2636,T4380SVOA/P20003,,BUFFER,Asset,TOOL SPARE,STORE,82074090,NOS,0,0,0
ASTTL2637,T4380SVOA/P20003,,DIE PLATE,Asset,TOOL SPARE,STORE,82074090,NOS,0,0,0
ASTTL2638,T4267PEOA/P20003,,PHP,Asset,TOOL SPARE,STORE,82074090,NOS,0,0,0
ASTTL2639,T4267PEOA/P20003,,ID PUNCH,Asset,TOOL SPARE,STORE,82074090,NOS,0,0,0
ASTTL264,T3981BL0A/B14052,,DIE PLATE,Asset,TOOL SPARE,STORE,82074090,NOS,0,0,0
ASTTL2640,T4385FROA/P20003,,PUNCH,Asset,TOOL SPARE,STORE,82074090,NOS,0,0,0
ASTTL2641,T4385FROA/P20003,,BUFFER,Asset,TOOL SPARE,STORE,82074090,NOS,0,0,0
ASTTL2642,FMOA/P20004,,ID PUNCH,Asset,TOOL SPARE,STORE,82074090,NOS,0,0,0
ASTTL2643,T4373SVOA/P20005,,DIE PLATE,Asset,TOOL SPARE,STORE,82074090,NOS,0,0,0
ASTTL2644,T4377CUOA/P20005,,ID PUNCH,Asset,TOOL SPARE,STORE,82074090,NOS,0,0,0
ASTTL2645,T4377CUOA/P20005,,DIE PLATE,Asset,TOOL SPARE,STORE,82074090,NOS,0,0,0
ASTTL2646,T4388CH0A/P20006,,ID PHP,Asset,TOOL SPARE,STORE,82074090,NOS,0,0,0
ASTTL2647,T4428 FMOA/P20007,,BPHP,Asset,TOOL SPARE,STORE,82074090,NOS,0,0,0
ASTTL2648,T4428 FMOA/P20007,,PHP,Asset,TOOL SPARE,STORE,82074090,NOS,0,0,0
ASTTL2649,T4428 FMOA/P20007,,PUNCH,Asset,TOOL SPARE,STORE,82074090,NOS,0,0,0
ASTTL265,T3974FM1A/B14052,,BUFFER,Asset,TOOL SPARE,STORE,82074090,NOS,0,0,0
ASTTL2650,T4378SVOA/P20008,,DIE PLATE,Asset,TOOL SPARE,STORE,82074090,NOS,0,0,0
ASTTL2651,T4378SVOA/P20008,,ID PUNCH,Asset,TOOL SPARE,STORE,82074090,NOS,0,0,0
ASTTL2652,T4378SVOA/P20008,,PUNCH,Asset,TOOL SPARE,STORE,82074090,NOS,0,0,0
ASTTL2653,T4372BLOA/P20008,,ID PUNCH,Asset,TOOL SPARE,STORE,82074090,NOS,0,0,0
ASTTL2654,T4268BLOA/P20010,,DIE PLATE,Asset,TOOL SPARE,STORE,82074090,NOS,0,0,0
ASTTL2655,T4477 PEOA/P20015,,STIPPER PLATE,Asset,TOOL SPARE,STORE,82074090,NOS,0,0,0
ASTTL2656,T4477 PEOA/P20015,,PHP,Asset,TOOL SPARE,STORE,82074090,NOS,0,0,0
ASTTL2657,T4506TR0A/P20016,,DIE PLATE,Asset,TOOL SPARE,STORE,82074090,NOS,0,0,0
ASTTL2658,T4491RE0A/P20016,,PHP,Asset,TOOL SPARE,STORE,82074090,NOS,0,0,0
ASTTL2659,T4494SV0A/P20016,,DP,Asset,TOOL SPARE,STORE,82074090,NOS,0,0,0
ASTTL266,T4242FM3A/B14052,,SP,Asset,TOOL SPARE,STORE,82074090,NOS,0,0,0
ASTTL2660,T4494SV0A/P20016,,STIPPER PLATE,Asset,TOOL SPARE,STORE,82074090,NOS,0,0,0
ASTTL2661,T3086BLOA/R16001,,PUNCH,Asset,TOOL SPARE,STORE,82074090,NOS,0,0,0
ASTTL2662,T3086BLOA/R16001,,INSERT,Asset,TOOL SPARE,STORE,82074090,NOS,0,0,0
ASTTL2663,T3086BLOA/R16001,,BUFFER,Asset,TOOL SPARE,STORE,82074090,NOS,0,0,0
ASTTL2664,H0LING/R16001,,GAUGE PLATE,Asset,TOOL SPARE,STORE,82074090,NOS,0,0,0
ASTTL2665,T3024 BLOA/R16002,,BUFFER,Asset,TOOL SPARE,STORE,82074090,NOS,0,0,0
ASTTL2666,T3024 BLOA/R16002,,PUNCH,Asset,TOOL SPARE,STORE,82074090,NOS,0,0,0
ASTTL2667,T3496BLOA/R17006,,BUFFER,Asset,TOOL SPARE,STORE,82074090,NOS,0,0,0
ASTTL2668,T3496BLOA/R17006,,ID PUNCH,Asset,TOOL SPARE,STORE,82074090,NOS,0,0,0
ASTTL2669,T3496BLOA/R17006,,PUNCH,Asset,TOOL SPARE,STORE,82074090,NOS,0,0,0
ASTTL267,T4243BL0A/B14057,,DP,Asset,TOOL SPARE,STORE,82074090,NOS,0,0,0
ASTTL2670,T3496BLOA/R17006,,DIE PLATE,Asset,TOOL SPARE,STORE,82074090,NOS,0,0,0
ASTTL2671,T3491 FMOA/R17006,,LOWER PUNCH,Asset,TOOL SPARE,STORE,82074090,NOS,0,0,0
ASTTL2672,T3697 FMOA/R17006,,UPPER PUNCH,Asset,TOOL SPARE,STORE,82074090,NOS,0,0,0
ASTTL2673,T4213 FMOA/R17002,,DP BP,Asset,TOOL SPARE,STORE,82074090,NOS,0,0,0
ASTTL2674,T4213 FMOA/R17002,,PHP,Asset,TOOL SPARE,STORE,82074090,NOS,0,0,0
ASTTL2675,T3419 FMOA/R17002,,BUSH,Asset,TOOL SPARE,STORE,82074090,NOS,0,0,0
ASTTL2676,T3419 FMOA/R17002,,PHP,Asset,TOOL SPARE,STORE,82074090,NOS,0,0,0
ASTTL2677,T3493 BLOA/R17002,,BUFFER,Asset,TOOL SPARE,STORE,82074090,NOS,0,0,0
ASTTL2678,T3409 FMOA/R17003,,PUNCH,Asset,TOOL SPARE,STORE,82074090,NOS,0,0,0
ASTTL2679,T3409 FMOA/R17003,,PHP,Asset,TOOL SPARE,STORE,82074090,NOS,0,0,0
ASTTL268,T1277LN2A/D01002,,PUNCH,Asset,TOOL SPARE,STORE,82074090,NOS,0,0,0
ASTTL2680,T3996 FMOA/R17004,,CUTTING PUNCH,Asset,TOOL SPARE,STORE,82074090,NOS,0,0,0
ASTTL2681,T3996 FMOA/R17004,,GUID BLOCT,Asset,TOOL SPARE,STORE,82074090,NOS,0,0,0
ASTTL2682,T3996 FMOA/R17004,,DIE PLATE,Asset,TOOL SPARE,STORE,82074090,NOS,0,0,0
ASTTL2683,T3996 FMOA/R17004,,CUTTING BLOCK,Asset,TOOL SPARE,STORE,82074090,NOS,0,0,0
ASTTL2684,T4053 FMOA/R17013,,STIPPER PLATE,Asset,TOOL SPARE,STORE,82074090,NOS,0,0,0
ASTTL2685,T4053 FMOA/R17013,,COM,Asset,TOOL SPARE,STORE,82074090,NOS,0,0,0
ASTTL2686,T4058FMOA/BLK/R17013,,PUNCH,Asset,TOOL SPARE,STORE,82074090,NOS,0,0,0
ASTTL2687,T4227 FMOA/R17013,,PUNCH,Asset,TOOL SPARE,STORE,82074090,NOS,0,0,0
ASTTL2688,T3709BL0A/R17015,,ID PUNCH,Asset,TOOL SPARE,STORE,82074090,NOS,0,0,0
ASTTL2689,T3709BL0A/R17015,,PUNCH,Asset,TOOL SPARE,STORE,82074090,NOS,0,0,0
ASTTL269,T1071FM0A/D01002,,PUNCH BENDING,Asset,TOOL SPARE,STORE,82074090,NOS,0,0,0
ASTTL2690,T4040 FMOA/R17014,,DIE PLATE,Asset,TOOL SPARE,STORE,82074090,NOS,0,0,0
ASTTL2691,T3711BL0A/R17016,,BUFFER,Asset,TOOL SPARE,STORE,82074090,NOS,0,0,0
ASTTL2692,T3711BL0A/R17016,,ID PUNCH,Asset,TOOL SPARE,STORE,82074090,NOS,0,0,0
ASTTL2693,T3711BL0A/R17016,,PUNCH,Asset,TOOL SPARE,STORE,82074090,NOS,0,0,0
ASTTL2694,T3711BL0A/R17016,,STRIPPER PLATE,Asset,TOOL SPARE,STORE,82074090,NOS,0,0,0
ASTTL2695,T3711BL0A/R17016,,DIE PLATE,Asset,TOOL SPARE,STORE,82074090,NOS,0,0,0
ASTTL2696,T3711BL0A/R17016,,ID PHP,Asset,TOOL SPARE,STORE,82074090,NOS,0,0,0
ASTTL2697,T3711BL0A/R17016,,ID PHBP,Asset,TOOL SPARE,STORE,82074090,NOS,0,0,0
ASTTL2698,T3697FM0A/R17016,,UPPER PUNCH,Asset,TOOL SPARE,STORE,82074090,NOS,0,0,0
ASTTL2699,T3697FM0A/R17016,,LOWER PUNCH,Asset,TOOL SPARE,STORE,82074090,NOS,0,0,0
ASTTL27,T2251BL0A/B14003,,PHP,Asset,TOOL SPARE,STORE,82074090,NOS,0,0,0
ASTTL270,T1707BL0A/D01003,,DIE PLATE,Asset,TOOL SPARE,STORE,82074090,NOS,0,0,0
ASTTL2700,T4289PR0A/R17016,,STAMPING PUNCH,Asset,TOOL SPARE,STORE,82074090,NOS,0,0,0
ASTTL2701,T3804SVOA/R17024,,PUNCH,Asset,TOOL SPARE,STORE,82074090,NOS,0,0,0
ASTTL2702,T3793 BLOA/R17029,,ID PHP,Asset,TOOL SPARE,STORE,82074090,NOS,0,0,0
ASTTL2703,T3793 BLOA/R17029,,PHP,Asset,TOOL SPARE,STORE,82074090,NOS,0,0,0
ASTTL2704,T3793 BLOA/R17029,,DIE PLATE,Asset,TOOL SPARE,STORE,82074090,NOS,0,0,0
ASTTL2705,T3812 BLOA/R17029,,ID PUNCH,Asset,TOOL SPARE,STORE,82074090,NOS,0,0,0
ASTTL2706,T3812 BLOA/R17029,,PUNCH,Asset,TOOL SPARE,STORE,82074090,NOS,0,0,0
ASTTL2707,T3771 FMOA/R17029,,DIE PLATE,Asset,TOOL SPARE,STORE,82074090,NOS,0,0,0
ASTTL2708,T3771 FMOA/R17029,,ID PHP,Asset,TOOL SPARE,STORE,82074090,NOS,0,0,0
ASTTL2709,T3771 FMOA/R17029,,PIRACING PUNCH,Asset,TOOL SPARE,STORE,82074090,NOS,0,0,0
ASTTL271,T1707BL0A/D01003,,PUNCH,Asset,TOOL SPARE,STORE,82074090,NOS,0,0,0
ASTTL2710,T3771 FMOA/R17029,,PUNCH,Asset,TOOL SPARE,STORE,82074090,NOS,0,0,0
ASTTL2711,T3771 FMOA/R17029,,ID PHBP,Asset,TOOL SPARE,STORE,82074090,NOS,0,0,0
ASTTL2712,T3772 FMOA/R17029,,PHP,Asset,TOOL SPARE,STORE,82074090,NOS,0,0,0
ASTTL2713,T3772 FMOA/R17029,,PUNCH,Asset,TOOL SPARE,STORE,82074090,NOS,0,0,0
ASTTL2714,T3772 FM2A/R17029,,DIE PLATE,Asset,TOOL SPARE,STORE,82074090,NOS,0,0,0
ASTTL2715,T3772 FM2A/R17029,,PHP,Asset,TOOL SPARE,STORE,82074090,NOS,0,0,0
ASTTL2716,T3812 BLOA/R17029,,DIE PLATE,Asset,TOOL SPARE,STORE,82074090,NOS,0,0,0
ASTTL2717,T3812 BLOA/R17029,,PHP,Asset,TOOL SPARE,STORE,82074090,NOS,0,0,0
ASTTL2718,T3812 BLOA/R17029,,ID PHP,Asset,TOOL SPARE,STORE,82074090,NOS,0,0,0
ASTTL2719,T3812 BLOA/R17029,,BHP,Asset,TOOL SPARE,STORE,82074090,NOS,0,0,0
ASTTL272,T1707BL0A/D01003,,5LOTTING PUNCH,Asset,TOOL SPARE,STORE,82074090,NOS,0,0,0
ASTTL2720,T3312 BLOA/R17029,,DIE PLATE,Asset,TOOL SPARE,STORE,82074090,NOS,0,0,0
ASTTL2721,T3919BL0A/R17031,,DIE PLATE,Asset,TOOL SPARE,STORE,82074090,NOS,0,0,0
ASTTL2722,T3919BL0A/R17031,,BUFFER,Asset,TOOL SPARE,STORE,82074090,NOS,0,0,0
ASTTL2723,T3919BL0A/R17031,,PUNCH,Asset,TOOL SPARE,STORE,82074090,NOS,0,0,0
ASTTL2724,T3919BL0A/R17031,,PHP,Asset,TOOL SPARE,STORE,82074090,NOS,0,0,0
ASTTL2725,T3919BL0A/R17031,,ID PHP,Asset,TOOL SPARE,STORE,82074090,NOS,0,0,0
ASTTL2726,T3910FM1A/R17031,,INSERT,Asset,TOOL SPARE,STORE,82074090,NOS,0,0,0
ASTTL2727,T3910FM1A/R17031,,BUFFER,Asset,TOOL SPARE,STORE,82074090,NOS,0,0,0
ASTTL2728,T3910FM1A/R17031,,PUNCH INSERT-2,Asset,TOOL SPARE,STORE,82074090,NOS,0,0,0
ASTTL2729,T3910FM1A/R17031,,DIE PLATE,Asset,TOOL SPARE,STORE,82074090,NOS,0,0,0
ASTTL273,T1707BL0A/D01003,,BUFFER,Asset,TOOL SPARE,STORE,82074090,NOS,0,0,0
ASTTL2730,T3910FM1A/R17031,,PUNCH,Asset,TOOL SPARE,STORE,82074090,NOS,0,0,0
ASTTL2731,T3910FM1A/R17031,,STRIPPER PLATE,Asset,TOOL SPARE,STORE,82074090,NOS,0,0,0
ASTTL2732,T3910FM1A/R17031,,INSERT-2,Asset,TOOL SPARE,STORE,82074090,NOS,0,0,0
ASTTL2733,T3910FM1A/R17031,,PUNCH INSERT-1,Asset,TOOL SPARE,STORE,82074090,NOS,0,0,0
ASTTL2734,T3910FM1A/R17031,,BOTTOM PLATE,Asset,TOOL SPARE,STORE,82074090,NOS,0,0,0
ASTTL2735,T3910FM1A/R17031,,B.P,Asset,TOOL SPARE,STORE,82074090,NOS,0,0,0
ASTTL2736,T3910FM1A/R17031,,DIE PIATE INSERT,Asset,TOOL SPARE,STORE,82074090,NOS,0,0,0
ASTTL2737,T3912FM2A/R17031,,PUNCH INSERT,Asset,TOOL SPARE,STORE,82074090,NOS,0,0,0
ASTTL2738,T3912FM2A/R17031,,SLIDING BLOCK INSERT,Asset,TOOL SPARE,STORE,82074090,NOS,0,0,0
ASTTL2739,T3912FM2A/R17031,,TAPER WEDGE,Asset,TOOL SPARE,STORE,82074090,NOS,0,0,0
ASTTL274,T1070FM0A/D01003,,PUNCH INSERT,Asset,TOOL SPARE,STORE,82074090,NOS,0,0,0
ASTTL2740,T3912FM2A/R17031,,BENDING BLOCK INSERT,Asset,TOOL SPARE,STORE,82074090,NOS,0,0,0
ASTTL2741,T3912FM2A/R17031,,MANDRELL,Asset,TOOL SPARE,STORE,82074090,NOS,0,0,0
ASTTL2742,T3912FM2A/R17031,,BLOCK INSERT,Asset,TOOL SPARE,STORE,82074090,NOS,0,0,0
ASTTL2743,T3912FM2A/R17031,,SLIDING BLOCK,Asset,TOOL SPARE,STORE,82074090,NOS,0,0,0
ASTTL2744,T3912FM2A/R17031,,P.H.P,Asset,TOOL SPARE,STORE,82074090,NOS,0,0,0
ASTTL2745,T3912FM2A/R17031,,PUNCH,Asset,TOOL SPARE,STORE,82074090,NOS,0,0,0
ASTTL2746,T3912FM2A/R17031,,INSERT,Asset,TOOL SPARE,STORE,82074090,NOS,0,0,0
ASTTL2747,T3912FM2A/R17031,,COMP GUIDE,Asset,TOOL SPARE,STORE,82074090,NOS,0,0,0
ASTTL2748,T3916 AM1A/R17031,,DPBP,Asset,TOOL SPARE,STORE,82074090,NOS,0,0,0
ASTTL2749,T3913 FMOA/R17031,,TAPER WEDGE,Asset,TOOL SPARE,STORE,82074090,NOS,0,0,0
ASTTL275,T1070FM0A/D01003,,BUFFER,Asset,TOOL SPARE,STORE,82074090,NOS,0,0,0
ASTTL2750,T3919 BLOA/R17031,,BUFFER,Asset,TOOL SPARE,STORE,82074090,NOS,0,0,0
ASTTL2751,T4077SPOA/R17031,,PUNCH,Asset,TOOL SPARE,STORE,82074090,NOS,0,0,0
ASTTL2752,T4077SPOA/R17031,,DPBP,Asset,TOOL SPARE,STORE,82074090,NOS,0,0,0
ASTTL2753,T4077SPOA/R17031,,PHBP,Asset,TOOL SPARE,STORE,82074090,NOS,0,0,0
ASTTL2754,T4077SPOA/R17031,,BOTTOM PLATE,Asset,TOOL SPARE,STORE,82074090,NOS,0,0,0
ASTTL2755,T4077SPOA/R17031,,ST PLATE INSERT,Asset,TOOL SPARE,STORE,82074090,NOS,0,0,0
ASTTL2756,T3988HL0A/R17034,,DIE PLATE,Asset,TOOL SPARE,STORE,82074090,NOS,0,0,0
ASTTL2757,T3988HL0A/R17034,,GUAGE PLATE,Asset,TOOL SPARE,STORE,82074090,NOS,0,0,0
ASTTL2758,T3988HL0A/R17034,,ID PUNCH,Asset,TOOL SPARE,STORE,82074090,NOS,0,0,0
ASTTL2759,T3988HL0A/R17034,,PUNCH,Asset,TOOL SPARE,STORE,82074090,NOS,0,0,0
ASTTL276,T1070FM0A/D01003,,DIE INSERT,Asset,TOOL SPARE,STORE,82074090,NOS,0,0,0
ASTTL2760,T3987BL0A/R17034,,DIE PLATE,Asset,TOOL SPARE,STORE,82074090,NOS,0,0,0
ASTTL2761,T3987BL0A/R17034,,PUNCH,Asset,TOOL SPARE,STORE,82074090,NOS,0,0,0
ASTTL2762,T3987BL0A/R17034,,BUFFER,Asset,TOOL SPARE,STORE,82074090,NOS,0,0,0
ASTTL2763,T3987BL0A/R17034,,STRIPPER PLATE,Asset,TOOL SPARE,STORE,82074090,NOS,0,0,0
ASTTL2764,T3985BL0A/R17035,,PUNCH,Asset,TOOL SPARE,STORE,82074090,NOS,0,0,0
ASTTL2765,T3985BL0A/R17035,,BUFFER,Asset,TOOL SPARE,STORE,82074090,NOS,0,0,0
ASTTL2766,T3985BL0A/R17035,,ID PUNCH,Asset,TOOL SPARE,STORE,82074090,NOS,0,0,0
ASTTL2767,T3985BL0A/R17035,,DIE PLATE,Asset,TOOL SPARE,STORE,82074090,NOS,0,0,0
ASTTL2768,T3985BL0A/R17035,,DIE PLATE BACK PLATE,Asset,TOOL SPARE,STORE,82074090,NOS,0,0,0
ASTTL2769,T3992BL0A/R17036,,DIE PLATE,Asset,TOOL SPARE,STORE,82074090,NOS,0,0,0
ASTTL277,T1070FM0A/D01003,,PUNCH LOCK,Asset,TOOL SPARE,STORE,82074090,NOS,0,0,0
ASTTL2770,T3992BL0A/R17036,,BUFFER,Asset,TOOL SPARE,STORE,82074090,NOS,0,0,0
ASTTL2771,T3992BL0A/R17036,,ID PUNCH,Asset,TOOL SPARE,STORE,82074090,NOS,0,0,0
ASTTL2772,T3992BL0A/R17036,,PUNCH,Asset,TOOL SPARE,STORE,82074090,NOS,0,0,0
ASTTL2773,T3992BL0A/R17036,,ID PHP,Asset,TOOL SPARE,STORE,82074090,NOS,0,0,0
ASTTL2774,T3992BL0A/R17036,,PHP,Asset,TOOL SPARE,STORE,82074090,NOS,0,0,0
ASTTL2775,T3601 BLOA/R17036,,BUFFER,Asset,TOOL SPARE,STORE,82074090,NOS,0,0,0
ASTTL2776,T3990BL0A/R17037,,PUNCH,Asset,TOOL SPARE,STORE,82074090,NOS,0,0,0
ASTTL2777,T3990BL0A/R17037,,BUFFER,Asset,TOOL SPARE,STORE,82074090,NOS,0,0,0
ASTTL2778,T3990BL0A/R17037,,PUNCH INSERT,Asset,TOOL SPARE,STORE,82074090,NOS,0,0,0
ASTTL2779,R17037,,INSERT,Asset,TOOL SPARE,STORE,82074090,NOS,0,0,0
ASTTL278,T1471BL0A/D01004,,DIE PLATE,Asset,TOOL SPARE,STORE,82074090,NOS,0,0,0
ASTTL2780,R17037,,DIE PLATE,Asset,TOOL SPARE,STORE,82074090,NOS,0,0,0
ASTTL2781,R17037,,ID PUNCH,Asset,TOOL SPARE,STORE,82074090,NOS,0,0,0
ASTTL2782,R17037,,ID PHP,Asset,TOOL SPARE,STORE,82074090,NOS,0,0,0
ASTTL2783,R17037,,BUFFER WORKING PLATE,Asset,TOOL SPARE,STORE,82074090,NOS,0,0,0
ASTTL2784,T3995HLOA/R17037,,DIE PLATE,Asset,TOOL SPARE,STORE,82074090,NOS,0,0,0
ASTTL2785,T3995HLOA/R17037,,GUAGE PLATE,Asset,TOOL SPARE,STORE,82074090,NOS,0,0,0
ASTTL2786,T3995HLOA/R17037,,HOLING PIN,Asset,TOOL SPARE,STORE,82074090,NOS,0,0,0
ASTTL2787,T4395BL0A/R17038,,PUNCH,Asset,TOOL SPARE,STORE,82074090,NOS,0,0,0
ASTTL2788,T4395BL0A/R17038,,BUFFER,Asset,TOOL SPARE,STORE,82074090,NOS,0,0,0
ASTTL2789,T4395BL0A/R17038,,ID PUNCH,Asset,TOOL SPARE,STORE,82074090,NOS,0,0,0
ASTTL279,T1471BL0A/D01004,,PUNCH,Asset,TOOL SPARE,STORE,82074090,NOS,0,0,0
ASTTL2790,T4395BL0A/R17038,,DIE PLATE,Asset,TOOL SPARE,STORE,82074090,NOS,0,0,0
ASTTL2791,T4395BL0A/R17038,,BUFFER WORKING PLATE,Asset,TOOL SPARE,STORE,82074090,NOS,0,0,0
ASTTL2792,T4395BL0A/R17038,,DIE PLATE BACK PLATE,Asset,TOOL SPARE,STORE,82074090,NOS,0,0,0
ASTTL2793,T4395BL0A/R17038,,BUFFER,Asset,TOOL SPARE,STORE,82074090,NOS,0,0,0
ASTTL2794,T4395BL0A/R17038,,ID PHP,Asset,TOOL SPARE,STORE,82074090,NOS,0,0,0
ASTTL2795,T4395BL0A/R17038,,STRIPPER PLATE,Asset,TOOL SPARE,STORE,82074090,NOS,0,0,0
ASTTL2796,T4395BL0A/R17038,,ID PUNCH,Asset,TOOL SPARE,STORE,82074090,NOS,0,0,0
ASTTL2797,T4395BL0A/R17038,,PIERCING PUNCH,Asset,TOOL SPARE,STORE,82074090,NOS,0,0,0
ASTTL2798,T4395BL0A/R17038,,PHP,Asset,TOOL SPARE,STORE,82074090,NOS,0,0,0
ASTTL2799,T3989BL0A/R17038,,DIE PLATE,Asset,TOOL SPARE,STORE,82074090,NOS,0,0,0
ASTTL28,T2228FM1A/B14003,,PUNCH,Asset,TOOL SPARE,STORE,82074090,NOS,0,0,0
ASTTL280,T1471BL0A/D01004,,BUFFER,Asset,TOOL SPARE,STORE,82074090,NOS,0,0,0
ASTTL2800,T3989BL0A/R17038,,ID PHP,Asset,TOOL SPARE,STORE,82074090,NOS,0,0,0
ASTTL2801,T3989BL0A/R17038,,PHP,Asset,TOOL SPARE,STORE,82074090,NOS,0,0,0
ASTTL2802,T3989BL0A/R17038,,STRIPPER PLATE,Asset,TOOL SPARE,STORE,82074090,NOS,0,0,0
ASTTL2803,T3989BL0A/R17038,,PHBP,Asset,TOOL SPARE,STORE,82074090,NOS,0,0,0
ASTTL2804,T3989BL0A/R17038,,PUNCH,Asset,TOOL SPARE,STORE,82074090,NOS,0,0,0
ASTTL2805,T3989BL0A/R17038,,BUFFER,Asset,TOOL SPARE,STORE,82074090,NOS,0,0,0
ASTTL2806,T3994CH0A/R17038,,PUNCH,Asset,TOOL SPARE,STORE,82074090,NOS,0,0,0
ASTTL2807,T3994CH0A/R17038,,BUFFER,Asset,TOOL SPARE,STORE,82074090,NOS,0,0,0
ASTTL2808,T3994CH0A/R17038,,ID PUNCH,Asset,TOOL SPARE,STORE,82074090,NOS,0,0,0
ASTTL2809,T3994CH0A/R17038,,ID PHP,Asset,TOOL SPARE,STORE,82074090,NOS,0,0,0
ASTTL281,T1471BL0A/D01004,,ID PUNCH,Asset,TOOL SPARE,STORE,82074090,NOS,0,0,0
ASTTL2810,T3994CH0A/R17038,,DIE PLATE,Asset,TOOL SPARE,STORE,82074090,NOS,0,0,0
ASTTL2811,T3994CH0A/R17038,,STRIPPER PLATE,Asset,TOOL SPARE,STORE,82074090,NOS,0,0,0
ASTTL2812,T3994CH0A/R17038,,ID PHBP,Asset,TOOL SPARE,STORE,82074090,NOS,0,0,0
ASTTL2813,T3994CH0A/R17038,,BWP,Asset,TOOL SPARE,STORE,82074090,NOS,0,0,0
ASTTL2814,T3994CH0A/R17038,,PHBP,Asset,TOOL SPARE,STORE,82074090,NOS,0,0,0
ASTTL2815,T3994CH0A/R17038,,PHP,Asset,TOOL SPARE,STORE,82074090,NOS,0,0,0
ASTTL2816,T3994CH0A/R17038,,LOWER C PUNCH,Asset,TOOL SPARE,STORE,82074090,NOS,0,0,0
ASTTL2817,T3993 CHOA/R17038,,PHBP,Asset,TOOL SPARE,STORE,82074090,NOS,0,0,0
ASTTL2818,T3993SV0A/R17038,,PUNCH,Asset,TOOL SPARE,STORE,82074090,NOS,0,0,0
ASTTL2819,T3993SV0A/R17038,,BUFFER,Asset,TOOL SPARE,STORE,82074090,NOS,0,0,0
ASTTL282,T1471BL0A/D01004,,DIE PLATE,Asset,TOOL SPARE,STORE,82074090,NOS,0,0,0
ASTTL2820,T3993SV0A/R17038,,DIE PLATE,Asset,TOOL SPARE,STORE,82074090,NOS,0,0,0
ASTTL2821,T3993SV0A/R17038,,ID PUNCH,Asset,TOOL SPARE,STORE,82074090,NOS,0,0,0
ASTTL2822,T3993SV0A/R17038,,ID PHP,Asset,TOOL SPARE,STORE,82074090,NOS,0,0,0
ASTTL2823,T3993SV0A/R17038,,PHP,Asset,TOOL SPARE,STORE,82074090,NOS,0,0,0
ASTTL2824,T3993SV0A/R17038,,SP,Asset,TOOL SPARE,STORE,82074090,NOS,0,0,0
ASTTL2825,T3986BL0A/R17039,,PUNCH,Asset,TOOL SPARE,STORE,82074090,NOS,0,0,0
ASTTL2826,T3986BL0A/R17039,,ID PUNCH,Asset,TOOL SPARE,STORE,82074090,NOS,0,0,0
ASTTL2827,T3986BL0A/R17039,,BUFFER,Asset,TOOL SPARE,STORE,82074090,NOS,0,0,0
ASTTL2828,T3986BL0A/R17039,,DIE PLATE,Asset,TOOL SPARE,STORE,82074090,NOS,0,0,0
ASTTL2829,T3986BL0A/R17039,,STRIPPER PLATE,Asset,TOOL SPARE,STORE,82074090,NOS,0,0,0
ASTTL283,T1471BL0A/D01004,,SP,Asset,TOOL SPARE,STORE,82074090,NOS,0,0,0
ASTTL2830,T3986BL0A/R17039,,ID PHP,Asset,TOOL SPARE,STORE,82074090,NOS,0,0,0
ASTTL2831,T3984BL0A/R17040,,ID PUNCH,Asset,TOOL SPARE,STORE,82074090,NOS,0,0,0
ASTTL2832,T3984BL0A/R17040,,STRIPPER PLATE,Asset,TOOL SPARE,STORE,82074090,NOS,0,0,0
ASTTL2833,T3984BL0A/R17040,,BUFFER,Asset,TOOL SPARE,STORE,82074090,NOS,0,0,0
ASTTL2834,T3984BL0A/R17040,,PUNCH,Asset,TOOL SPARE,STORE,82074090,NOS,0,0,0
ASTTL2835,T3984BL0A/R17040,,DIE PLATE,Asset,TOOL SPARE,STORE,82074090,NOS,0,0,0
ASTTL2836,T3984BL0A/R17040,,ID PHP,Asset,TOOL SPARE,STORE,82074090,NOS,0,0,0
ASTTL2837,T3984BL0A/R17040,,PHP,Asset,TOOL SPARE,STORE,82074090,NOS,0,0,0
ASTTL2838,T4002BL0A/R17041,,PUNCH,Asset,TOOL SPARE,STORE,82074090,NOS,0,0,0
ASTTL2839,T4002BL0A/R17041,,DP,Asset,TOOL SPARE,STORE,82074090,NOS,0,0,0
ASTTL284,T1471BL0A/D01004,,PHP,Asset,TOOL SPARE,STORE,82074090,NOS,0,0,0
ASTTL2840,T3999BL0A/R17042,,PUNCH,Asset,TOOL SPARE,STORE,82074090,NOS,0,0,0
ASTTL2841,T3999BL0A/R17042,,ID PUNCH,Asset,TOOL SPARE,STORE,82074090,NOS,0,0,0
ASTTL2842,T3999BL0A/R17042,,ID PHP,Asset,TOOL SPARE,STORE,82074090,NOS,0,0,0
ASTTL2843,T3999BL0A/R17042,,DIE PLATE,Asset,TOOL SPARE,STORE,82074090,NOS,0,0,0
ASTTL2844,T3999BL0A/R17042,,ID PIN,Asset,TOOL SPARE,STORE,82074090,NOS,0,0,0
ASTTL2845,T3997BL0A/R17044,,PUNCH,Asset,TOOL SPARE,STORE,82074090,NOS,0,0,0
ASTTL2846,T3997BL0A/R17044,,BUFFER,Asset,TOOL SPARE,STORE,82074090,NOS,0,0,0
ASTTL2847,T3997BL0A/R17044,,DIE PLATE,Asset,TOOL SPARE,STORE,82074090,NOS,0,0,0
ASTTL2848,T3997BL0A/R17044,,STRIPPER PLATE,Asset,TOOL SPARE,STORE,82074090,NOS,0,0,0
ASTTL2849,T3997BL0A/R17044,,ID PUNCH,Asset,TOOL SPARE,STORE,82074090,NOS,0,0,0
ASTTL285,T1094BL0A/D01005,,PUNCH,Asset,TOOL SPARE,STORE,82074090,NOS,0,0,0
ASTTL2850,T3997BL0A/R17044,,PHP,Asset,TOOL SPARE,STORE,82074090,NOS,0,0,0
ASTTL2851,T4063BL0A/R17045,,PUNCH,Asset,TOOL SPARE,STORE,82074090,NOS,0,0,0
ASTTL2852,T4063BL0A/R17045,,BUFFER,Asset,TOOL SPARE,STORE,82074090,NOS,0,0,0
ASTTL2853,T4063BL0A/R17045,,DIE PLATE,Asset,TOOL SPARE,STORE,82074090,NOS,0,0,0
ASTTL2854,T4063BL0A/R17045,,PHP,Asset,TOOL SPARE,STORE,82074090,NOS,0,0,0
ASTTL2855,T4063BL0A/R17045,,PHBP,Asset,TOOL SPARE,STORE,82074090,NOS,0,0,0
ASTTL2856,T4063BL0A/R17045,,BWP,Asset,TOOL SPARE,STORE,82074090,NOS,0,0,0
ASTTL2857,T4063BL0A/R17045,,ID PHP,Asset,TOOL SPARE,STORE,82074090,NOS,0,0,0
ASTTL2858,T4063BL0A/R17045,,ID PHBP,Asset,TOOL SPARE,STORE,82074090,NOS,0,0,0
ASTTL2859,T4063BL0A/R17045,,STRIPPER PLATE,Asset,TOOL SPARE,STORE,82074090,NOS,0,0,0
ASTTL286,T1094BL0A/D01005,,ID PUNCH,Asset,TOOL SPARE,STORE,82074090,NOS,0,0,0
ASTTL2860,T4063BL0A/R17045,,ID PUNCH,Asset,TOOL SPARE,STORE,82074090,NOS,0,0,0
ASTTL2861,T4063BL0A/R17045,,BOTTOM PLATE,Asset,TOOL SPARE,STORE,82074090,NOS,0,0,0
ASTTL2862,T4006BLOA/R17067,,PUNCH,Asset,TOOL SPARE,STORE,82074090,NOS,0,0,0
ASTTL2863,T4006BLOA/R17067,,BUFFER,Asset,TOOL SPARE,STORE,82074090,NOS,0,0,0
ASTTL2864,T4006BLOA/R17067,,ID PUNCH,Asset,TOOL SPARE,STORE,82074090,NOS,0,0,0
ASTTL2865,T4006BLOA/R17067,,DIE PLATE,Asset,TOOL SPARE,STORE,82074090,NOS,0,0,0
ASTTL2866,T2273BLOA/R17068,,PUNCH,Asset,TOOL SPARE,STORE,82074090,NOS,0,0,0
ASTTL2867,T2273BLOA/R17068,,ID PUNCH,Asset,TOOL SPARE,STORE,82074090,NOS,0,0,0
ASTTL2868,T4005BLOA/R17069,,ID PUNCH,Asset,TOOL SPARE,STORE,82074090,NOS,0,0,0
ASTTL2869,T4005BLOA/R17069,,PUNCH,Asset,TOOL SPARE,STORE,82074090,NOS,0,0,0
ASTTL287,T1094BL0A/D01005,,BUFFER,Asset,TOOL SPARE,STORE,82074090,NOS,0,0,0
ASTTL2870,T4005BLOA/R17069,,ID PHP,Asset,TOOL SPARE,STORE,82074090,NOS,0,0,0
ASTTL2871,T3998BLOA/R17070,,ID PUNCH,Asset,TOOL SPARE,STORE,82074090,NOS,0,0,0
ASTTL2872,T3998BLOA/R17070,,PUNCH,Asset,TOOL SPARE,STORE,82074090,NOS,0,0,0
ASTTL2873,T3998BLOA/R17070,,PHP,Asset,TOOL SPARE,STORE,82074090,NOS,0,0,0
ASTTL2874,T3998BLOA/R17070,,DIE PLATE,Asset,TOOL SPARE,STORE,82074090,NOS,0,0,0
ASTTL2875,T3998BLOA/R17070,,ID PHP,Asset,TOOL SPARE,STORE,82074090,NOS,0,0,0
ASTTL2876,T3998BLOA/R17070,,BUFFER,Asset,TOOL SPARE,STORE,82074090,NOS,0,0,0
ASTTL2877,T3918 BLOA/R17070,,PUNCH,Asset,TOOL SPARE,STORE,82074090,NOS,0,0,0
ASTTL2878,T2188BLOA/R17071,,BUFFER,Asset,TOOL SPARE,STORE,82074090,NOS,0,0,0
ASTTL2879,T2188BLOA/R17071,,DIE PLATE,Asset,TOOL SPARE,STORE,82074090,NOS,0,0,0
ASTTL288,T0020FM0A/D01005,,PUNCH,Asset,TOOL SPARE,STORE,82074090,NOS,0,0,0
ASTTL2880,T2188BLOA/R17071,,ID PUNCH,Asset,TOOL SPARE,STORE,82074090,NOS,0,0,0
ASTTL2881,T2188BLOA/R17071,,PUNCH,Asset,TOOL SPARE,STORE,82074090,NOS,0,0,0
ASTTL2882,T2188BLOA/R17071,,DPBP,Asset,TOOL SPARE,STORE,82074090,NOS,0,0,0
ASTTL2883,T2188BLOA/R17071,,STRIPPER PLATE,Asset,TOOL SPARE,STORE,82074090,NOS,0,0,0
ASTTL2884,T4004BLOA/R17072,,ID PUNCH,Asset,TOOL SPARE,STORE,82074090,NOS,0,0,0
ASTTL2885,T4004BLOA/R17072,,BUFFER,Asset,TOOL SPARE,STORE,82074090,NOS,0,0,0
ASTTL2886,T4004BLOA/R17072,,PUNCH,Asset,TOOL SPARE,STORE,82074090,NOS,0,0,0
ASTTL2887,T4004BLOA/R17072,,DIE PLATE,Asset,TOOL SPARE,STORE,82074090,NOS,0,0,0
ASTTL2888,T4069BL0A/R17074,,PUNCH,Asset,TOOL SPARE,STORE,82074090,NOS,0,0,0
ASTTL2889,T4069BL0A/R17074,,BUFFER,Asset,TOOL SPARE,STORE,82074090,NOS,0,0,0
ASTTL289,T0020FM0A/D01005,,DIE BUSH,Asset,TOOL SPARE,STORE,82074090,NOS,0,0,0
ASTTL2890,T4069BL0A/R17074,,ID PUNCH,Asset,TOOL SPARE,STORE,82074090,NOS,0,0,0
ASTTL2891,T4108BL0A/R17075,,ID PUNCH,Asset,TOOL SPARE,STORE,82074090,NOS,0,0,0
ASTTL2892,T4108BL0A/R17075,,DIE PLATE,Asset,TOOL SPARE,STORE,82074090,NOS,0,0,0
ASTTL2893,T4108BL0A/R17075,,PUNCH,Asset,TOOL SPARE,STORE,82074090,NOS,0,0,0
ASTTL2894,T4108BL0A/R17075,,STRIPPER PLATE,Asset,TOOL SPARE,STORE,82074090,NOS,0,0,0
ASTTL2895,T4108BL0A/R17075,,IDPHP,Asset,TOOL SPARE,STORE,82074090,NOS,0,0,0
ASTTL2896,T4108BL0A/R17075,,IDPHBP,Asset,TOOL SPARE,STORE,82074090,NOS,0,0,0
ASTTL2897,T4108BL0A/R17075,,BUFFER,Asset,TOOL SPARE,STORE,82074090,NOS,0,0,0
ASTTL2898,T4071FM0A/R17075,,UPPER PUNCH,Asset,TOOL SPARE,STORE,82074090,NOS,0,0,0
ASTTL2899,T4071FM0A/R17075,,LOWER PUNCH,Asset,TOOL SPARE,STORE,82074090,NOS,0,0,0
ASTTL29,T2228FM1A/B14003,,DP,Asset,TOOL SPARE,STORE,82074090,NOS,0,0,0
ASTTL290,T0020FM0A/D01005,,BUFFER,Asset,TOOL SPARE,STORE,82074090,NOS,0,0,0
ASTTL2900,T4071FM0A/R17075,,PHP,Asset,TOOL SPARE,STORE,82074090,NOS,0,0,0
ASTTL2901,T4071FM0A/R17075,,BUFFER,Asset,TOOL SPARE,STORE,82074090,NOS,0,0,0
ASTTL2902,T4114BL0A/R17077,,BUFFER,Asset,TOOL SPARE,STORE,82074090,NOS,0,0,0
ASTTL2903,T3055 BLOA/R17077,,ID LOCATER,Asset,TOOL SPARE,STORE,82074090,NOS,0,0,0
ASTTL2904,T3617 BLOA/R17077,,BUFFER,Asset,TOOL SPARE,STORE,82074090,NOS,0,0,0
ASTTL2905,T3240BLOA/R17079,,PUNCH,Asset,TOOL SPARE,STORE,82074090,NOS,0,0,0
ASTTL2906,T4192 FMOA/R17079,,INSERT,Asset,TOOL SPARE,STORE,82074090,NOS,0,0,0
ASTTL2907,T3185BLOA(1C)/R17081,,PUNCH,Asset,TOOL SPARE,STORE,82074090,NOS,0,0,0
ASTTL2908,T3185BLOA(1C)/R17081,,DIE PLATE,Asset,TOOL SPARE,STORE,82074090,NOS,0,0,0
ASTTL2909,T3185BLOA(1C)/R17081,,BUFFER,Asset,TOOL SPARE,STORE,82074090,NOS,0,0,0
ASTTL291,T0020FM0A/D01005,,ID PUNCH,Asset,TOOL SPARE,STORE,82074090,NOS,0,0,0
ASTTL2910,T3185BLOA(1C)/R17081,,ID PUNCH,Asset,TOOL SPARE,STORE,82074090,NOS,0,0,0
ASTTL2911,T3185BLOA(1C)/R17081,,STRIPPER PLATE,Asset,TOOL SPARE,STORE,82074090,NOS,0,0,0
ASTTL2912,T3185BLOA(1C)/R17081,,ID PHP,Asset,TOOL SPARE,STORE,82074090,NOS,0,0,0
ASTTL2913,T4063 BLOA/R17081,,DIE PLATE,Asset,TOOL SPARE,STORE,82074090,NOS,0,0,0
ASTTL2914,T4427BL0A(3C)/R17081,,PUNCH,Asset,TOOL SPARE,STORE,82074090,NOS,0,0,0
ASTTL2915,T4427BL0A(3C)/R17081,,BUFFER,Asset,TOOL SPARE,STORE,82074090,NOS,0,0,0
ASTTL2916,T4427BL0A(3C)/R17081,,DIE PLATE,Asset,TOOL SPARE,STORE,82074090,NOS,0,0,0
ASTTL2917,T4190BL0A(2C)/R17082,,PUNCH,Asset,TOOL SPARE,STORE,82074090,NOS,0,0,0
ASTTL2918,T4190BL0A(2C)/R17082,,DIE PLATE,Asset,TOOL SPARE,STORE,82074090,NOS,0,0,0
ASTTL2919,T4190BL0A(2C)/R17082,,BUFFER,Asset,TOOL SPARE,STORE,82074090,NOS,0,0,0
ASTTL292,T0020FM0A/D01005,,ID PHP,Asset,TOOL SPARE,STORE,82074090,NOS,0,0,0
ASTTL2920,T4190BL0A(2C)/R17082,,PHP,Asset,TOOL SPARE,STORE,82074090,NOS,0,0,0
ASTTL2921,T4190BL0A(2C)/R17082,,ID PHP,Asset,TOOL SPARE,STORE,82074090,NOS,0,0,0
ASTTL2922,T4190BL0A(2C)/R17082,,ID PUNCH,Asset,TOOL SPARE,STORE,82074090,NOS,0,0,0
ASTTL2923,T4190BL0A(2C)/R17082,,ID P H B PLATE,Asset,TOOL SPARE,STORE,82074090,NOS,0,0,0
ASTTL2924,T4689 BLOA/R17082,,PUNCH,Asset,TOOL SPARE,STORE,82074090,NOS,0,0,0
ASTTL2925,T4465BL0A(3C)/R17082,,PUNCH,Asset,TOOL SPARE,STORE,82074090,NOS,0,0,0
ASTTL2926,T4465BL0A(3C)/R17082,,BUFFER,Asset,TOOL SPARE,STORE,82074090,NOS,0,0,0
ASTTL2927,T4465BL0A(3C)/R17082,,DIE PLATE,Asset,TOOL SPARE,STORE,82074090,NOS,0,0,0
ASTTL2928,T4191/R17082,,ID PUNCH,Asset,TOOL SPARE,STORE,82074090,NOS,0,0,0
ASTTL2929,T4407BLOA/R17086,,DIE PLATE,Asset,TOOL SPARE,STORE,82074090,NOS,0,0,0
ASTTL293,T0020FM0A/D01005,,DP,Asset,TOOL SPARE,STORE,82074090,NOS,0,0,0
ASTTL2930,T4407BLOA/R17086,,PUNCH,Asset,TOOL SPARE,STORE,82074090,NOS,0,0,0
ASTTL2931,T2990BLOA/R17087,,BUFFER,Asset,TOOL SPARE,STORE,82074090,NOS,0,0,0
ASTTL2932,T3994 CHOA/R17088,,ID PHP,Asset,TOOL SPARE,STORE,82074090,NOS,0,0,0
ASTTL2933,T2186BL0A/R17090,,PUNCH,Asset,TOOL SPARE,STORE,82074090,NOS,0,0,0
ASTTL2934,T2186BL0A/R17090,,BUFFER,Asset,TOOL SPARE,STORE,82074090,NOS,0,0,0
ASTTL2935,T2186BL0A/R17090,,DIE PLATE,Asset,TOOL SPARE,STORE,82074090,NOS,0,0,0
ASTTL2936,T2886 BLOA/R17090,,PUNCH,Asset,TOOL SPARE,STORE,82074090,NOS,0,0,0
ASTTL2937,T2886 BLOA/R17090,,ID PUNCH,Asset,TOOL SPARE,STORE,82074090,NOS,0,0,0
ASTTL2938,T3928BLOA/R19004,,BUFFER,Asset,TOOL SPARE,STORE,82074090,NOS,0,0,0
ASTTL2939,T3928BLOA/R19004,,PUNCH,Asset,TOOL SPARE,STORE,82074090,NOS,0,0,0
ASTTL294,T1930 BLOA/D01005,,DIE PLATE,Asset,TOOL SPARE,STORE,82074090,NOS,0,0,0
ASTTL2940,T3928BLOA/R19004,,DIE PLATE,Asset,TOOL SPARE,STORE,82074090,NOS,0,0,0
ASTTL2941,T3928BLOA/R19004,,PHP,Asset,TOOL SPARE,STORE,82074090,NOS,0,0,0
ASTTL2942,T3928BLOA/R19004,,STRIPPER PLATE,Asset,TOOL SPARE,STORE,82074090,NOS,0,0,0
ASTTL2943,T3928BLOA/R19004,,ID PUNCH,Asset,TOOL SPARE,STORE,82074090,NOS,0,0,0
ASTTL2944,T1469BLOA(1C)/S01008,,PUNCH,Asset,TOOL SPARE,STORE,82074090,NOS,0,0,0
ASTTL2945,T1469BLOA(1C)/S01008,,BUFFER,Asset,TOOL SPARE,STORE,82074090,NOS,0,0,0
ASTTL2946,T1469BLOA(1C)/S01008,,DIE PLATE,Asset,TOOL SPARE,STORE,82074090,NOS,0,0,0
ASTTL2947,T1469BLOA(1C)/S01008,,PIERCING PUNCH,Asset,TOOL SPARE,STORE,82074090,NOS,0,0,0
ASTTL2948,T1469BLOA(1C)/S01008,,ID PUNCH,Asset,TOOL SPARE,STORE,82074090,NOS,0,0,0
ASTTL2949,T1304BL0A(2C)/S01010,,BUFFER,Asset,TOOL SPARE,STORE,82074090,NOS,0,0,0
ASTTL295,T1476BL0A/D01006,,ID PUNCH,Asset,TOOL SPARE,STORE,82074090,NOS,0,0,0
ASTTL2950,T1304BL0A(2C)/S01010,,PUNCH,Asset,TOOL SPARE,STORE,82074090,NOS,0,0,0
ASTTL2951,T1304BL0A(2C)/S01010,,DP,Asset,TOOL SPARE,STORE,82074090,NOS,0,0,0
ASTTL2952,T1292BL0A/S01011/14,,BUFFER,Asset,TOOL SPARE,STORE,82074090,NOS,0,0,0
ASTTL2953,T1292BL0A/S01011/14,,PHP,Asset,TOOL SPARE,STORE,82074090,NOS,0,0,0
ASTTL2954,T1306BL0A/S01017,,PUNCH,Asset,TOOL SPARE,STORE,82074090,NOS,0,0,0
ASTTL2955,T4282BLOA/S01022/24,,DIE PLATE,Asset,TOOL SPARE,STORE,82074090,NOS,0,0,0
ASTTL2956,T4282BLOA/S01022/24,,PUNCH,Asset,TOOL SPARE,STORE,82074090,NOS,0,0,0
ASTTL2957,T4282BLOA/S01022/24,,STRIPPER PLATE,Asset,TOOL SPARE,STORE,82074090,NOS,0,0,0
ASTTL2958,T4284BL0A/S01025/27,,BUFFER,Asset,TOOL SPARE,STORE,82074090,NOS,0,0,0
ASTTL2959,T4285BLOA/S01028/30,,PUNCH,Asset,TOOL SPARE,STORE,82074090,NOS,0,0,0
ASTTL296,T1476BL0A/D01006,,BUFFER,Asset,TOOL SPARE,STORE,82074090,NOS,0,0,0
ASTTL2960,T4286BL0A/S01031/33,,DIE PLATE,Asset,TOOL SPARE,STORE,82074090,NOS,0,0,0
ASTTL2961,T4286BL0A/S01031/33,,STRIPPER PLATE,Asset,TOOL SPARE,STORE,82074090,NOS,0,0,0
ASTTL2962,T4286BL0A/S01031/33,,ID PUNCH,Asset,TOOL SPARE,STORE,82074090,NOS,0,0,0
ASTTL2963,T4286BL0A/S01031/33,,PHP,Asset,TOOL SPARE,STORE,82074090,NOS,0,0,0
ASTTL2964,T4286BL0A/S01031/33,,ID PHP,Asset,TOOL SPARE,STORE,82074090,NOS,0,0,0
ASTTL2965,T4286BL0A/S01031/33,,PUNCH,Asset,TOOL SPARE,STORE,82074090,NOS,0,0,0
ASTTL2966,T4319BLOA/S01034/36,,BUFFER,Asset,TOOL SPARE,STORE,82074090,NOS,0,0,0
ASTTL2967,T4319BLOA/S01034/36,,PUNCH,Asset,TOOL SPARE,STORE,82074090,NOS,0,0,0
ASTTL2968,T4360BLOA/S01034,,PHP,Asset,TOOL SPARE,STORE,82074090,NOS,0,0,0
ASTTL2969,T4360BLOA/S01034,,STRIPPER PLATE,Asset,TOOL SPARE,STORE,82074090,NOS,0,0,0
ASTTL297,T1476BL0A/D01006,,DIE BUSH,Asset,TOOL SPARE,STORE,82074090,NOS,0,0,0
ASTTL2970,T4360BLOA/S01034,,PUNCH,Asset,TOOL SPARE,STORE,82074090,NOS,0,0,0
ASTTL2971,T4360BLOA/S01034,,BUFFER,Asset,TOOL SPARE,STORE,82074090,NOS,0,0,0
ASTTL2972,T1194BL0A/S04001,,PUNCH,Asset,TOOL SPARE,STORE,82074090,NOS,0,0,0
ASTTL2973,T1194BL0A/S04001,,BUFFER,Asset,TOOL SPARE,STORE,82074090,NOS,0,0,0
ASTTL2974,T1194BL0A/S04001,,ID PUNCH,Asset,TOOL SPARE,STORE,82074090,NOS,0,0,0
ASTTL2975,T1194BL0A/S04001,,DIE PLATE,Asset,TOOL SPARE,STORE,82074090,NOS,0,0,0
ASTTL2976,T1304BL0A/S04002,,PUNCH,Asset,TOOL SPARE,STORE,82074090,NOS,0,0,0
ASTTL2977,T1304BL0A/S04002,,DIE PLATE,Asset,TOOL SPARE,STORE,82074090,NOS,0,0,0
ASTTL2978,T1532BL0A/S04003,,PUNCH,Asset,TOOL SPARE,STORE,82074090,NOS,0,0,0
ASTTL2979,T1532BL0A/S04003,,DIE PLATE,Asset,TOOL SPARE,STORE,82074090,NOS,0,0,0
ASTTL298,T1560FM0A/D01006,,UPPER PUNCH,Asset,TOOL SPARE,STORE,82074090,NOS,0,0,0
ASTTL2980,T1532BL0A/S04003,,SP,Asset,TOOL SPARE,STORE,82074090,NOS,0,0,0
ASTTL2981,T1532BL0A/S04003,,PHP,Asset,TOOL SPARE,STORE,82074090,NOS,0,0,0
ASTTL2982,T2322BL0A(1C)/S06006,,PUNCH,Asset,TOOL SPARE,STORE,82074090,NOS,0,0,0
ASTTL2983,T2322BL0A(1C)/S06006,,ID PUNCH,Asset,TOOL SPARE,STORE,82074090,NOS,0,0,0
ASTTL2984,T2322BL0A(1C)/S06006,,DIE PLATE,Asset,TOOL SPARE,STORE,82074090,NOS,0,0,0
ASTTL2985,T2322BL0A(1C)/S06006,,ID PHP,Asset,TOOL SPARE,STORE,82074090,NOS,0,0,0
ASTTL2986,T2322BL0A(1C)/S06006,,PHP,Asset,TOOL SPARE,STORE,82074090,NOS,0,0,0
ASTTL2987,T2322BL0A(1C)/S06006,,BUFFER,Asset,TOOL SPARE,STORE,82074090,NOS,0,0,0
ASTTL2988,T2322BL0A(2C)/S06006,,ID PHP,Asset,TOOL SPARE,STORE,82074090,NOS,0,0,0
ASTTL2989,T2322BL0A(2C)/S06006,,BUFFER,Asset,TOOL SPARE,STORE,82074090,NOS,0,0,0
ASTTL299,T1560FM0A/D01006,,LOWAR PUNCH,Asset,TOOL SPARE,STORE,82074090,NOS,0,0,0
ASTTL2990,T1253BL0A(2C)/S06006,,DIE PLATE,Asset,TOOL SPARE,STORE,82074090,NOS,0,0,0
ASTTL2991,T1253BL0A(2C)/S06006,,PHP,Asset,TOOL SPARE,STORE,82074090,NOS,0,0,0
ASTTL2992,T1253BL0A(2C)/S06006,,ID PHP,Asset,TOOL SPARE,STORE,82074090,NOS,0,0,0
ASTTL2993,T1253BL0A(2C)/S06006,,STRIPPER PLATE,Asset,TOOL SPARE,STORE,82074090,NOS,0,0,0
ASTTL2994,T1253BL0A(2C)/S06006,,BUFFER,Asset,TOOL SPARE,STORE,82074090,NOS,0,0,0
ASTTL2995,T1253BL0A(2C)/S06006,,ID PUNCH,Asset,TOOL SPARE,STORE,82074090,NOS,0,0,0
ASTTL2996,T1253BL0A(2C)/S06006,,PUNCH,Asset,TOOL SPARE,STORE,82074090,NOS,0,0,0
ASTTL2997,T1647FM0A/S06006,,INSERT,Asset,TOOL SPARE,STORE,82074090,NOS,0,0,0
ASTTL2998,T2893BL0A/S06007,,ID PUNCH,Asset,TOOL SPARE,STORE,82074090,NOS,0,0,0
ASTTL2999,T2893BL0A/S06007,,PUNCH,Asset,TOOL SPARE,STORE,82074090,NOS,0,0,0
ASTTL3,BLANKING/A05002,,ID PUNCH,Asset,TOOL SPARE,STORE,82074090,NOS,0,0,0
ASTTL30,T2217FM2A/B14003,,PUNCH,Asset,TOOL SPARE,STORE,82074090,NOS,0,0,0
ASTTL300,T1560FM0A/D01006,,BUSH,Asset,TOOL SPARE,STORE,82074090,NOS,0,0,0
ASTTL3000,FMOA/S06007,,TOP PUNCH,Asset,TOOL SPARE,STORE,82074090,NOS,0,0,0
ASTTL3001,FMOA/S06007,,BOTTAM PUNCH,Asset,TOOL SPARE,STORE,82074090,NOS,0,0,0
ASTTL3002,BLK/S06011,,PUNCH,Asset,TOOL SPARE,STORE,82074090,NOS,0,0,0
ASTTL3003,T3259BLOA/S06017,,PUNCH,Asset,TOOL SPARE,STORE,82074090,NOS,0,0,0
ASTTL3004,T3016BL0A/S06019,,ID PUNCH,Asset,TOOL SPARE,STORE,82074090,NOS,0,0,0
ASTTL3005,T3016BL0A/S06019,,BUFFER,Asset,TOOL SPARE,STORE,82074090,NOS,0,0,0
ASTTL3006,T3016BL0A/S06019,,PUNCH,Asset,TOOL SPARE,STORE,82074090,NOS,0,0,0
ASTTL3007,T3029BLOA/S06022,,PUNCH,Asset,TOOL SPARE,STORE,82074090,NOS,0,0,0
ASTTL3008,T3029BLOA/S06022,,STRIPPER PLATE,Asset,TOOL SPARE,STORE,82074090,NOS,0,0,0
ASTTL3009,T3029BLOA/S06022,,DIE PLATE,Asset,TOOL SPARE,STORE,82074090,NOS,0,0,0
ASTTL301,T1976BL0A/D01006,,PUNCH,Asset,TOOL SPARE,STORE,82074090,NOS,0,0,0
ASTTL3010,T3798BLOA/S06023,,PHP,Asset,TOOL SPARE,STORE,82074090,NOS,0,0,0
ASTTL3011,T3798BLOA/S06023,,STRIPPER PLATE,Asset,TOOL SPARE,STORE,82074090,NOS,0,0,0
ASTTL3012,T3798BLOA/S06023,,DIE PLATE,Asset,TOOL SPARE,STORE,82074090,NOS,0,0,0
ASTTL3013,T3798BLOA/S06023,,ID PUNCH,Asset,TOOL SPARE,STORE,82074090,NOS,0,0,0
ASTTL3014,T3798BLOA/S06023,,PUNCH,Asset,TOOL SPARE,STORE,82074090,NOS,0,0,0
ASTTL3015,BLK/S06028,,PUNCH,Asset,TOOL SPARE,STORE,82074090,NOS,0,0,0
ASTTL3016,T1754FM1A/S06045,,INSERT,Asset,TOOL SPARE,STORE,82074090,NOS,0,0,0
ASTTL3017,T1754FM1A/S06045,,DIE INSERT,Asset,TOOL SPARE,STORE,82074090,NOS,0,0,0
ASTTL3018,T1754FM1A/S06045,,punch,Asset,TOOL SPARE,STORE,82074090,NOS,0,0,0
ASTTL3019,T3469BL0A/S27001,,PUNCH,Asset,TOOL SPARE,STORE,82074090,NOS,0,0,0
ASTTL302,T1977FM1A/D01007,,DIE INSERT,Asset,TOOL SPARE,STORE,82074090,NOS,0,0,0
ASTTL3020,T3469BL0A/S27001,,BUFFER,Asset,TOOL SPARE,STORE,82074090,NOS,0,0,0
ASTTL3021,T3469BL0A/S27001,,STRIPPER PLATE,Asset,TOOL SPARE,STORE,82074090,NOS,0,0,0
ASTTL3022,T3469BL0A/S27001,,DIE PLATE,Asset,TOOL SPARE,STORE,82074090,NOS,0,0,0
ASTTL3023,T3469BL0A/S27001,,BUFFER WORKING PLATE,Asset,TOOL SPARE,STORE,82074090,NOS,0,0,0
ASTTL3024,T4164BL0A/S27002,,DIE PLATE,Asset,TOOL SPARE,STORE,82074090,NOS,0,0,0
ASTTL3025,T4164BL0A/S27002,,ID PHP,Asset,TOOL SPARE,STORE,82074090,NOS,0,0,0
ASTTL3026,T4164BL0A/S27002,,PHP,Asset,TOOL SPARE,STORE,82074090,NOS,0,0,0
ASTTL3027,T4164BL0A/S27002,,STRIPPER PLATE,Asset,TOOL SPARE,STORE,82074090,NOS,0,0,0
ASTTL3028,T4164BL0A/S27002,,PUNCH,Asset,TOOL SPARE,STORE,82074090,NOS,0,0,0
ASTTL3029,T3500BL0A/S27002,,ID PHP,Asset,TOOL SPARE,STORE,82074090,NOS,0,0,0
ASTTL303,T1977FM1A/D01007,,BUFFER,Asset,TOOL SPARE,STORE,82074090,NOS,0,0,0
ASTTL3030,T3500BL0A/S27002,,DIE PLATE,Asset,TOOL SPARE,STORE,82074090,NOS,0,0,0
ASTTL3031,T3500BL0A/S27002,,PHP,Asset,TOOL SPARE,STORE,82074090,NOS,0,0,0
ASTTL3032,T3500BL0A/S27002,,ID PH BACK PLATE,Asset,TOOL SPARE,STORE,82074090,NOS,0,0,0
ASTTL3033,T3500BL0A/S27002,,BUFFER,Asset,TOOL SPARE,STORE,82074090,NOS,0,0,0
ASTTL3034,T3501BL0A/S27003,,PUNCH,Asset,TOOL SPARE,STORE,82074090,NOS,0,0,0
ASTTL3035,T3501BL0A/S27003,,BUFFER,Asset,TOOL SPARE,STORE,82074090,NOS,0,0,0
ASTTL3036,T3501BL0A/S27003,,ID PHP,Asset,TOOL SPARE,STORE,82074090,NOS,0,0,0
ASTTL3037,T3501BL0A/S27003,,PHP,Asset,TOOL SPARE,STORE,82074090,NOS,0,0,0
ASTTL3038,T3501BL0A/S27003,,DIE PLATE,Asset,TOOL SPARE,STORE,82074090,NOS,0,0,0
ASTTL3039,T3501BL0A/S27003,,ID PH BACK PLATE,Asset,TOOL SPARE,STORE,82074090,NOS,0,0,0
ASTTL304,T1977FM1A/D01007,,DP,Asset,TOOL SPARE,STORE,82074090,NOS,0,0,0
ASTTL3040,T3501BL0A/S27003,,BUFFER WORKING PLATE,Asset,TOOL SPARE,STORE,82074090,NOS,0,0,0
ASTTL3041,T3501BL0A/S27003,,STRIPPER PLATE,Asset,TOOL SPARE,STORE,82074090,NOS,0,0,0
ASTTL3042,T3502BL0A/S27004,,DIE PLATE,Asset,TOOL SPARE,STORE,82074090,NOS,0,0,0
ASTTL3043,T3502BL0A/S27004,,PUNCH,Asset,TOOL SPARE,STORE,82074090,NOS,0,0,0
ASTTL3044,T3502BL0A/S27004,,PHP,Asset,TOOL SPARE,STORE,82074090,NOS,0,0,0
ASTTL3045,T3502BL0A/S27004,,ID PHP,Asset,TOOL SPARE,STORE,82074090,NOS,0,0,0
ASTTL3046,T3502BL0A/S27004,,BUFFER WORKING PLATE,Asset,TOOL SPARE,STORE,82074090,NOS,0,0,0
ASTTL3047,T3502BL0A/S27004,,BUFFER SUPPORT PLATE,Asset,TOOL SPARE,STORE,82074090,NOS,0,0,0
ASTTL3048,T3502BL0A/S27004,,ID PH BACK PLATE,Asset,TOOL SPARE,STORE,82074090,NOS,0,0,0
ASTTL3049,T3502BL0A/S27004,,BUFFER,Asset,TOOL SPARE,STORE,82074090,NOS,0,0,0
ASTTL305,T1977FM1A/D01007,,PUNCH0,Asset,TOOL SPARE,STORE,82074090,NOS,0,0,0
ASTTL3050,T3557BL0A/S27005,,PUNCH,Asset,TOOL SPARE,STORE,82074090,NOS,0,0,0
ASTTL3051,T3557BL0A/S27005,,ID PUNCH,Asset,TOOL SPARE,STORE,82074090,NOS,0,0,0
ASTTL3052,T3557BL0A/S27005,,STRIPPER PLATE,Asset,TOOL SPARE,STORE,82074090,NOS,0,0,0
ASTTL3053,T3557BL0A/S27005,,BUFFER,Asset,TOOL SPARE,STORE,82074090,NOS,0,0,0
ASTTL3054,FORMING/S27005,,UPPER PUNCH,Asset,TOOL SPARE,STORE,82074090,NOS,0,0,0
ASTTL3055,FORMING/S27005,,LOWER PUNCH,Asset,TOOL SPARE,STORE,82074090,NOS,0,0,0
ASTTL3056,T3716BL0A/S27019,,PUNCH,Asset,TOOL SPARE,STORE,82074090,NOS,0,0,0
ASTTL3057,T3716BL0A/S27019,,BUFFER,Asset,TOOL SPARE,STORE,82074090,NOS,0,0,0
ASTTL3058,T3716BL0A/S27019,,DIE PLATE,Asset,TOOL SPARE,STORE,82074090,NOS,0,0,0
ASTTL3059,T3716BL0A/S27019,,PHP,Asset,TOOL SPARE,STORE,82074090,NOS,0,0,0
ASTTL306,T4155 BLOA/D01007,,ID PUNCH,Asset,TOOL SPARE,STORE,82074090,NOS,0,0,0
ASTTL3060,T3716BL0A/S27019,,ID PH BACK PLATE,Asset,TOOL SPARE,STORE,82074090,NOS,0,0,0
ASTTL3061,T3716BL0A/S27019,,P H P,Asset,TOOL SPARE,STORE,82074090,NOS,0,0,0
ASTTL3062,T3750BL0A/S27020,,PUNCH,Asset,TOOL SPARE,STORE,82074090,NOS,0,0,0
ASTTL3063,T3750BL0A/S27020,,BUFFER,Asset,TOOL SPARE,STORE,82074090,NOS,0,0,0
ASTTL3064,T3750BL0A/S27020,,ID PH BACK PLATE,Asset,TOOL SPARE,STORE,82074090,NOS,0,0,0
ASTTL3065,T3750BL0A/S27020,,ID PHP,Asset,TOOL SPARE,STORE,82074090,NOS,0,0,0
ASTTL3066,T3750BL0A/S27020,,PHP,Asset,TOOL SPARE,STORE,82074090,NOS,0,0,0
ASTTL3067,T3718FM0A/S27020,,DIE PLATE,Asset,TOOL SPARE,STORE,82074090,NOS,0,0,0
ASTTL3068,T3745BL0A/S27021,,PUNCH,Asset,TOOL SPARE,STORE,82074090,NOS,0,0,0
ASTTL3069,T3745BL0A/S27021,,BUFFER,Asset,TOOL SPARE,STORE,82074090,NOS,0,0,0
ASTTL307,T1044SV0A/D01007,,PHP,Asset,TOOL SPARE,STORE,82074090,NOS,0,0,0
ASTTL3070,T3745BL0A/S27021,,PHP,Asset,TOOL SPARE,STORE,82074090,NOS,0,0,0
ASTTL3071,T3745BL0A/S27021,,ID PHP,Asset,TOOL SPARE,STORE,82074090,NOS,0,0,0
ASTTL3072,T3745BL0A/S27021,,DIE PLATE,Asset,TOOL SPARE,STORE,82074090,NOS,0,0,0
ASTTL3073,T3719FM0A/S27021,,DIE PLATE,Asset,TOOL SPARE,STORE,82074090,NOS,0,0,0
ASTTL3074,T3779BL0A/S27022,,PUNCH,Asset,TOOL SPARE,STORE,82074090,NOS,0,0,0
ASTTL3075,T3779BL0A/S27022,,BUFFER,Asset,TOOL SPARE,STORE,82074090,NOS,0,0,0
ASTTL3076,T3779BL0A/S27022,,PHP,Asset,TOOL SPARE,STORE,82074090,NOS,0,0,0
ASTTL3077,T3779BL0A/S27022,,DIE PLATE,Asset,TOOL SPARE,STORE,82074090,NOS,0,0,0
ASTTL3078,T3779BL0A/S27022,,ID PHP,Asset,TOOL SPARE,STORE,82074090,NOS,0,0,0
ASTTL3079,T3779BL0A/S27022,,STRIPPER PLATE,Asset,TOOL SPARE,STORE,82074090,NOS,0,0,0
ASTTL308,T1044SV0A/D01007,,PUNCH,Asset,TOOL SPARE,STORE,82074090,NOS,0,0,0
ASTTL3080,T3779BL0A/S27022,,BOTTOM PLATE,Asset,TOOL SPARE,STORE,82074090,NOS,0,0,0
ASTTL3081,T3720FM0A/S27022,,PHP,Asset,TOOL SPARE,STORE,82074090,NOS,0,0,0
ASTTL3082,T3720FM0A/S27022,,DIE PLATE,Asset,TOOL SPARE,STORE,82074090,NOS,0,0,0
ASTTL3083,T3782BL0A/S27024,,PUNCH,Asset,TOOL SPARE,STORE,82074090,NOS,0,0,0
ASTTL3084,T3782BL0A/S27024,,BUFFER,Asset,TOOL SPARE,STORE,82074090,NOS,0,0,0
ASTTL3085,T3782BL0A/S27024,,ID PHP,Asset,TOOL SPARE,STORE,82074090,NOS,0,0,0
ASTTL3086,T3782BL0A/S27024,,PHP,Asset,TOOL SPARE,STORE,82074090,NOS,0,0,0
ASTTL3087,T3782BL0A/S27024,,DIE PLATE,Asset,TOOL SPARE,STORE,82074090,NOS,0,0,0
ASTTL3088,T3742FM0A/S27024,,DIE PLATE,Asset,TOOL SPARE,STORE,82074090,NOS,0,0,0
ASTTL3089,T3743BL0A/S27025,,PUNCH,Asset,TOOL SPARE,STORE,82074090,NOS,0,0,0
ASTTL309,T2127FM2A/D01007,,PUNCH,Asset,TOOL SPARE,STORE,82074090,NOS,0,0,0
ASTTL3090,T3743BL0A/S27025,,BUFFER,Asset,TOOL SPARE,STORE,82074090,NOS,0,0,0
ASTTL3091,T3743BL0A/S27025,,ID PH BACK PLATE,Asset,TOOL SPARE,STORE,82074090,NOS,0,0,0
ASTTL3092,T3743BL0A/S27025,,DIE PLATE,Asset,TOOL SPARE,STORE,82074090,NOS,0,0,0
ASTTL3093,T3743BL0A/S27025,,ID PHP,Asset,TOOL SPARE,STORE,82074090,NOS,0,0,0
ASTTL3094,T3721FM0A/S27025,,DIE PLATE,Asset,TOOL SPARE,STORE,82074090,NOS,0,0,0
ASTTL3095,T3721FM0A/S27025,,BUFFER,Asset,TOOL SPARE,STORE,82074090,NOS,0,0,0
ASTTL3096,T4153BL0A/S27026,,BUFFER,Asset,TOOL SPARE,STORE,82074090,NOS,0,0,0
ASTTL3097,T4153BL0A/S27026,,STRIPPER PLATE,Asset,TOOL SPARE,STORE,82074090,NOS,0,0,0
ASTTL3098,T4153BL0A/S27026,,PHP,Asset,TOOL SPARE,STORE,82074090,NOS,0,0,0
ASTTL3099,T4153BL0A/S27026,,ID PHP,Asset,TOOL SPARE,STORE,82074090,NOS,0,0,0
ASTTL31,T2219BL0A/B14003,,BUFFER,Asset,TOOL SPARE,STORE,82074090,NOS,0,0,0
ASTTL310,T2127FM2A/D01007,,BUFFER,Asset,TOOL SPARE,STORE,82074090,NOS,0,0,0
ASTTL3100,T4153BL0A/S27026,,PUNCH,Asset,TOOL SPARE,STORE,82074090,NOS,0,0,0
ASTTL3101,T3722FM0A/S27026,,DIE PLATE,Asset,TOOL SPARE,STORE,82074090,NOS,0,0,0
ASTTL3102,T3722FM0A/S27026,,PHP,Asset,TOOL SPARE,STORE,82074090,NOS,0,0,0
ASTTL3103,T3722FM0A/S27026,,DPBP,Asset,TOOL SPARE,STORE,82074090,NOS,0,0,0
ASTTL3104,T3722FM0A/S27026,,PHBP,Asset,TOOL SPARE,STORE,82074090,NOS,0,0,0
ASTTL3105,T3746BL0A/S27026,,PUNCH,Asset,TOOL SPARE,STORE,82074090,NOS,0,0,0
ASTTL3106,T3746BL0A/S27026,,ID PHP,Asset,TOOL SPARE,STORE,82074090,NOS,0,0,0
ASTTL3107,T3746BL0A/S27026,,BUFFER,Asset,TOOL SPARE,STORE,82074090,NOS,0,0,0
ASTTL3108,T3746BL0A/S27026,,PHP,Asset,TOOL SPARE,STORE,82074090,NOS,0,0,0
ASTTL3109,T3746BL0A/S27026,,DIE PLATE,Asset,TOOL SPARE,STORE,82074090,NOS,0,0,0
ASTTL311,T2127FM2A/D01007,,ID PUNCH,Asset,TOOL SPARE,STORE,82074090,NOS,0,0,0
ASTTL3110,T3746BL0A/S27026,,STRIPPER PLATE,Asset,TOOL SPARE,STORE,82074090,NOS,0,0,0
ASTTL3111,T3746BL0A/S27026,,PHBP,Asset,TOOL SPARE,STORE,82074090,NOS,0,0,0
ASTTL3112,T3746BL0A/S27026,,ID PH BACK PLATE,Asset,TOOL SPARE,STORE,82074090,NOS,0,0,0
ASTTL3113,T3746BL0A/S27026,,BUFFER WORKING PLATE,Asset,TOOL SPARE,STORE,82074090,NOS,0,0,0
ASTTL3114,T3746BL0A/S27026,,ID PUNCH,Asset,TOOL SPARE,STORE,82074090,NOS,0,0,0
ASTTL3115,T4163FM0A/S27026,,DIE PLATE,Asset,TOOL SPARE,STORE,82074090,NOS,0,0,0
ASTTL3116,T4163FM0A/S27026,,PHP,Asset,TOOL SPARE,STORE,82074090,NOS,0,0,0
ASTTL3117,T4163FM0A/S27026,,DIE PLATE BACK PLATE,Asset,TOOL SPARE,STORE,82074090,NOS,0,0,0
ASTTL3118,T4163FM0A/S27026,,PHBP,Asset,TOOL SPARE,STORE,82074090,NOS,0,0,0
ASTTL3119,T3773BL0A/S27027,,PUNCH,Asset,TOOL SPARE,STORE,82074090,NOS,0,0,0
ASTTL312,T2127FM2A/D01007,,DP,Asset,TOOL SPARE,STORE,82074090,NOS,0,0,0
ASTTL3120,T3773BL0A/S27027,,PHP,Asset,TOOL SPARE,STORE,82074090,NOS,0,0,0
ASTTL3121,T3773BL0A/S27027,,ID PHP,Asset,TOOL SPARE,STORE,82074090,NOS,0,0,0
ASTTL3122,T3773BL0A/S27027,,DIE PLATE,Asset,TOOL SPARE,STORE,82074090,NOS,0,0,0
ASTTL3123,T3946BL0A/S27032,,BUFFER,Asset,TOOL SPARE,STORE,82074090,NOS,0,0,0
ASTTL3124,T3946BL0A/S27032,,PUNCH,Asset,TOOL SPARE,STORE,82074090,NOS,0,0,0
ASTTL3125,T3946BL0A/S27032,,DIE PLATE,Asset,TOOL SPARE,STORE,82074090,NOS,0,0,0
ASTTL3126,T3946BL0A/S27032,,STRIPPER PLATE,Asset,TOOL SPARE,STORE,82074090,NOS,0,0,0
ASTTL3127,T2906BLOA/T03001,,STRIPPER PLATE,Asset,TOOL SPARE,STORE,82074090,NOS,0,0,0
ASTTL3128,T2906BLOA/T03001,,DIE PLATE,Asset,TOOL SPARE,STORE,82074090,NOS,0,0,0
ASTTL3129,T2906BLOA/T03001,,DIE PLATE BACK PLATE,Asset,TOOL SPARE,STORE,82074090,NOS,0,0,0
ASTTL313,T0023 BLOA/D01007,,DIE PLATE,Asset,TOOL SPARE,STORE,82074090,NOS,0,0,0
ASTTL3130,T2906BLOA/T03001,,STRIPPER PLATE,Asset,TOOL SPARE,STORE,82074090,NOS,0,0,0
ASTTL3131,T2906BLOA/T03001,,PHP,Asset,TOOL SPARE,STORE,82074090,NOS,0,0,0
ASTTL3132,T2907BLOA/T03002,,DIE PLATE,Asset,TOOL SPARE,STORE,82074090,NOS,0,0,0
ASTTL3133,BLANKING/T03003,,BUFFER,Asset,TOOL SPARE,STORE,82074090,NOS,0,0,0
ASTTL3134,T3096BLOA/T03004,,PUNCH,Asset,TOOL SPARE,STORE,82074090,NOS,0,0,0
ASTTL3135,T3096BLOA/T03004,,DIE PLATE,Asset,TOOL SPARE,STORE,82074090,NOS,0,0,0
ASTTL3136,T3445BLOA/T03006,,PILOT PIN ( ID PUNCH ),Asset,TOOL SPARE,STORE,82074090,NOS,0,0,0
ASTTL3137,T3445BLOA/T03006,,PUNCH,Asset,TOOL SPARE,STORE,82074090,NOS,0,0,0
ASTTL3138,T3445BLOA/T03006,,DIE PLATE,Asset,TOOL SPARE,STORE,82074090,NOS,0,0,0
ASTTL3139,T3445BLOA/T03006,,CROPPING PUNCH,Asset,TOOL SPARE,STORE,82074090,NOS,0,0,0
ASTTL314,T2302BL0A/D01007,,BUFFER,Asset,TOOL SPARE,STORE,82074090,NOS,0,0,0
ASTTL3140,T3445BLOA/T03006,,ID PUNCH,Asset,TOOL SPARE,STORE,82074090,NOS,0,0,0
ASTTL3141,T3550BLOA/T03008,,ID PUNCH,Asset,TOOL SPARE,STORE,82074090,NOS,0,0,0
ASTTL3142,T/T17001,,BUFFER,Asset,TOOL SPARE,STORE,82074090,NOS,0,0,0
ASTTL3143,T/T17001,,ID PUNCH,Asset,TOOL SPARE,STORE,82074090,NOS,0,0,0
ASTTL3144,T2259BLOA/T17003,,ID PUNCH,Asset,TOOL SPARE,STORE,82074090,NOS,0,0,0
ASTTL3145,T2259BLOA/T17003,,PUNCH,Asset,TOOL SPARE,STORE,82074090,NOS,0,0,0
ASTTL3146,T2259BLOA/T17003,,BUFFER,Asset,TOOL SPARE,STORE,82074090,NOS,0,0,0
ASTTL3147,T2238BLOA/T17004,,BUFFER,Asset,TOOL SPARE,STORE,82074090,NOS,0,0,0
ASTTL3148,T3905BLOA/T17046,,PUNCH,Asset,TOOL SPARE,STORE,82074090,NOS,0,0,0
ASTTL3149,T3905BLOA/T17046,,ID PUNCH,Asset,TOOL SPARE,STORE,82074090,NOS,0,0,0
ASTTL315,T2302BL0A/D01007,,PUNCH,Asset,TOOL SPARE,STORE,82074090,NOS,0,0,0
ASTTL3150,T3905BLOA/T17046,,BUFFER,Asset,TOOL SPARE,STORE,82074090,NOS,0,0,0
ASTTL3151,T4234FM1A/T21001,,LOWER PUNCH,Asset,TOOL SPARE,STORE,82074090,NOS,0,0,0
ASTTL3152,T4234FM1A/T21001,,UPPER PUNCH,Asset,TOOL SPARE,STORE,82074090,NOS,0,0,0
ASTTL3153,T4235FM2A/T21001,,LOWER PUNCH,Asset,TOOL SPARE,STORE,82074090,NOS,0,0,0
ASTTL3154,T4236FM3A/T21001,,LOWER PUNCH,Asset,TOOL SPARE,STORE,82074090,NOS,0,0,0
ASTTL3155,T4237FM4A/T21001,,UPPER PUNCH,Asset,TOOL SPARE,STORE,82074090,NOS,0,0,0
ASTTL3156,T4237FM4A/T21001,,BUFFER,Asset,TOOL SPARE,STORE,82074090,NOS,0,0,0
ASTTL3157,T4238FM5A/T21001,,UPPER PUNCH,Asset,TOOL SPARE,STORE,82074090,NOS,0,0,0
ASTTL3158,T4434BL0A/T21004,,STRIPPER PLATE,Asset,TOOL SPARE,STORE,82074090,NOS,0,0,0
ASTTL3159,T4533CH0A/T21004,,DP,Asset,TOOL SPARE,STORE,82074090,NOS,0,0,0
ASTTL316,T2302BL0A/D01007,,ID PUNCH,Asset,TOOL SPARE,STORE,82074090,NOS,0,0,0
ASTTL3160,T4500CU0A/T21004,,PHUCH,Asset,TOOL SPARE,STORE,82074090,NOS,0,0,0
ASTTL3161,T4500CU0A/T21005,,ID PUNCH,Asset,TOOL SPARE,STORE,82074090,NOS,0,0,0
ASTTL3162,T2625BL0A/V11001,,PUNCH,Asset,TOOL SPARE,STORE,82074090,NOS,0,0,0
ASTTL3163,T2625BL0A/V11001,,DP,Asset,TOOL SPARE,STORE,82074090,NOS,0,0,0
ASTTL3164,T2625BL0A/V11001,,BUFFER,Asset,TOOL SPARE,STORE,82074090,NOS,0,0,0
ASTTL3165,T2625BL0A/V11001,,ID PUNCH,Asset,TOOL SPARE,STORE,82074090,NOS,0,0,0
ASTTL3166,T3663BLOA/V11001,,PUNCH,Asset,TOOL SPARE,STORE,82074090,NOS,0,0,0
ASTTL3167,T3663BLOA/V11001,,ID PUNCH,Asset,TOOL SPARE,STORE,82074090,NOS,0,0,0
ASTTL3168,T1456 BLOA/V11001,,BUFFER,Asset,TOOL SPARE,STORE,82074090,NOS,0,0,0
ASTTL3169,T1456 BLOA/V11001,,PUNCH,Asset,TOOL SPARE,STORE,82074090,NOS,0,0,0
ASTTL317,T1471FM0A/D01007,,ID PUNCH,Asset,TOOL SPARE,STORE,82074090,NOS,0,0,0
ASTTL3170,T8663 BLOA/V11001,,BUFFER,Asset,TOOL SPARE,STORE,82074090,NOS,0,0,0
ASTTL3171,T8663 BLOA/V11001,,PUNCH IN HOUSE,Asset,TOOL SPARE,STORE,82074090,NOS,0,0,0
ASTTL3172,T2461FM0A/V11001,,U PUNCH,Asset,TOOL SPARE,STORE,82074090,NOS,0,0,0
ASTTL3173,T2461FM0A/V11001,,L PUNCH,Asset,TOOL SPARE,STORE,82074090,NOS,0,0,0
ASTTL3174,T2461FM0A/V11001,,BUSH,Asset,TOOL SPARE,STORE,82074090,NOS,0,0,0
ASTTL3175,T3039BL0A/V11002,,BUFFUR,Asset,TOOL SPARE,STORE,82074090,NOS,0,0,0
ASTTL3176,T2632 BLOA/V11002,,SP,Asset,TOOL SPARE,STORE,82074090,NOS,0,0,0
ASTTL3177,T2632 BLOA/V11002,,PHP,Asset,TOOL SPARE,STORE,82074090,NOS,0,0,0
ASTTL3178,T2632 BLOA/V11002,,BUFFER,Asset,TOOL SPARE,STORE,82074090,NOS,0,0,0
ASTTL3179,T2632 BLOA/V11002,,PUNCH,Asset,TOOL SPARE,STORE,82074090,NOS,0,0,0
ASTTL318,T2421BL0A/D01007,,PUNCH,Asset,TOOL SPARE,STORE,82074090,NOS,0,0,0
ASTTL3180,T2632 BLOA/V11002,,ID PUNCH,Asset,TOOL SPARE,STORE,82074090,NOS,0,0,0
ASTTL3181,T3039BL0A/V11002,,ID PUNCH,Asset,TOOL SPARE,STORE,82074090,NOS,0,0,0
ASTTL3182,T2460AM0A/V11002,,AMDIO PUNCH,Asset,TOOL SPARE,STORE,82074090,NOS,0,0,0
ASTTL3183,T3475 BLOA/V11103,,PILOT PUNCH,Asset,TOOL SPARE,STORE,82074090,NOS,0,0,0
ASTTL3184,T3475 BLOA/V11103,,HATTING INSERT,Asset,TOOL SPARE,STORE,82074090,NOS,0,0,0
ASTTL3185,T3475 BLOA/V11103,,CROPING PUNCH,Asset,TOOL SPARE,STORE,82074090,NOS,0,0,0
ASTTL3186,T3475 BLOA/V11103,,PHP,Asset,TOOL SPARE,STORE,82074090,NOS,0,0,0
ASTTL3187,T2624BLOA/V11005,,ID PHP,Asset,TOOL SPARE,STORE,82074090,NOS,0,0,0
ASTTL3188,T2624BLOA/V11005,,DIE PLATE,Asset,TOOL SPARE,STORE,82074090,NOS,0,0,0
ASTTL3189,T2624BLOA/V11005,,DIE PLATE BP,Asset,TOOL SPARE,STORE,82074090,NOS,0,0,0
ASTTL319,T2421BL0A/D01007,,BUFFER,Asset,TOOL SPARE,STORE,82074090,NOS,0,0,0
ASTTL3190,T2624BLOA/V11005,,ID PHP,Asset,TOOL SPARE,STORE,82074090,NOS,0,0,0
ASTTL3191,T2624BLOA/V11005,,PHP,Asset,TOOL SPARE,STORE,82074090,NOS,0,0,0
ASTTL3192,T2624BLOA/V11005,,PUNCH,Asset,TOOL SPARE,STORE,82074090,NOS,0,0,0
ASTTL3193,T2624BLOA/V11005,,BUFFER,Asset,TOOL SPARE,STORE,82074090,NOS,0,0,0
ASTTL3194,T2624BLOA/V11005,,ID PUNCH,Asset,TOOL SPARE,STORE,82074090,NOS,0,0,0
ASTTL3195,T2599BL0A/V11007,,ID PUNCH,Asset,TOOL SPARE,STORE,82074090,NOS,0,0,0
ASTTL3196,T2599BL0A/V11007,,ID PUNCH CPACING,Asset,TOOL SPARE,STORE,82074090,NOS,0,0,0
ASTTL3197,T2599BL0A/V11007,,BUFFER,Asset,TOOL SPARE,STORE,82074090,NOS,0,0,0
ASTTL3198,T2599BL0A/V11007,,PUNCH,Asset,TOOL SPARE,STORE,82074090,NOS,0,0,0
ASTTL3199,T2604BL0A/V11008,,PHP,Asset,TOOL SPARE,STORE,82074090,NOS,0,0,0
ASTTL32,T2219BL0A/B14003,,PUNCH,Asset,TOOL SPARE,STORE,82074090,NOS,0,0,0
ASTTL320,T1888BL0A/D01009,,PUNCH,Asset,TOOL SPARE,STORE,82074090,NOS,0,0,0
ASTTL3200,T2604BL0A/V11008,,ID PUNCH,Asset,TOOL SPARE,STORE,82074090,NOS,0,0,0
ASTTL3201,T2604BL0A/V11008,,DIE PLATE,Asset,TOOL SPARE,STORE,82074090,NOS,0,0,0
ASTTL3202,T2604BL0A/V11008,,BUFFER,Asset,TOOL SPARE,STORE,82074090,NOS,0,0,0
ASTTL3203,T2598FM0A/V11008,,DP,Asset,TOOL SPARE,STORE,82074090,NOS,0,0,0
ASTTL3204,T2598FM0A/V11008,,DIE INSERT,Asset,TOOL SPARE,STORE,82074090,NOS,0,0,0
ASTTL3205,T2598FM0A/V11008,,BUFFER,Asset,TOOL SPARE,STORE,82074090,NOS,0,0,0
ASTTL3206,T2598FM0A/V11008,,ID PUNCH,Asset,TOOL SPARE,STORE,82074090,NOS,0,0,0
ASTTL3207,T2598FM0A/V11008,,PUNCH,Asset,TOOL SPARE,STORE,82074090,NOS,0,0,0
ASTTL3208,T2675BL0A/V11009,,PUNCH,Asset,TOOL SPARE,STORE,82074090,NOS,0,0,0
ASTTL3209,T2675BL0A/V11009,,ID PUNCH,Asset,TOOL SPARE,STORE,82074090,NOS,0,0,0
ASTTL321,T1888BL0A/D01009,,PHP,Asset,TOOL SPARE,STORE,82074090,NOS,0,0,0
ASTTL3210,T2675BL0A/V11009,,BUFFER,Asset,TOOL SPARE,STORE,82074090,NOS,0,0,0
ASTTL3211,T2675BL0A/V11009,,DP,Asset,TOOL SPARE,STORE,82074090,NOS,0,0,0
ASTTL3212,T2725BL0A (3C)/V11016,,BOTTOM PLATE,Asset,TOOL SPARE,STORE,82074090,NOS,0,0,0
ASTTL3213,T2725BL0A (3C)/V11016,,DP,Asset,TOOL SPARE,STORE,82074090,NOS,0,0,0
ASTTL3214,T2725BL0A (3C)/V11016,,SP,Asset,TOOL SPARE,STORE,82074090,NOS,0,0,0
ASTTL3215,T2725BL0A (3C)/V11016,,BUFFER,Asset,TOOL SPARE,STORE,82074090,NOS,0,0,0
ASTTL3216,T2725BL0A (3C)/V11016,,ID PIN,Asset,TOOL SPARE,STORE,82074090,NOS,0,0,0
ASTTL3217,T2725BL0A (3C)/V11016,,LINER P BIG,Asset,TOOL SPARE,STORE,82074090,NOS,0,0,0
ASTTL3218,T2725BL0A (3C)/V11016,,LINER P SMALL,Asset,TOOL SPARE,STORE,82074090,NOS,0,0,0
ASTTL3219,T2725BL0A (3C)/V11016,,LINER P MID,Asset,TOOL SPARE,STORE,82074090,NOS,0,0,0
ASTTL322,T1888BL0A/D01009,,SP,Asset,TOOL SPARE,STORE,82074090,NOS,0,0,0
ASTTL3220,T2792BL0A (4C)/V11016,,BOTTOM PLATE,Asset,TOOL SPARE,STORE,82074090,NOS,0,0,0
ASTTL3221,T2792BL0A (4C)/V11016,,BP,Asset,TOOL SPARE,STORE,82074090,NOS,0,0,0
ASTTL3222,T2792BL0A (4C)/V11016,,DP,Asset,TOOL SPARE,STORE,82074090,NOS,0,0,0
ASTTL3223,T2792BL0A (4C)/V11016,,SP,Asset,TOOL SPARE,STORE,82074090,NOS,0,0,0
ASTTL3224,T2792BL0A (4C)/V11016,,ID PHP,Asset,TOOL SPARE,STORE,82074090,NOS,0,0,0
ASTTL3225,T2792BL0A (4C)/V11016,,TOP PLATE,Asset,TOOL SPARE,STORE,82074090,NOS,0,0,0
ASTTL3226,T2792BL0A (4C)/V11016,,BUFFER,Asset,TOOL SPARE,STORE,82074090,NOS,0,0,0
ASTTL3227,T3241BL0A (2)/V11016,,BUSH,Asset,TOOL SPARE,STORE,82074090,NOS,0,0,0
ASTTL3228,T3241BL0A (2)/V11016,,PUNCH,Asset,TOOL SPARE,STORE,82074090,NOS,0,0,0
ASTTL3229,T3241BL0A (2)/V11016,,BUFFER,Asset,TOOL SPARE,STORE,82074090,NOS,0,0,0
ASTTL323,T1888BL0A/D01009,,DP,Asset,TOOL SPARE,STORE,82074090,NOS,0,0,0
ASTTL3230,T3241BL0A (2)/V11016,,SP,Asset,TOOL SPARE,STORE,82074090,NOS,0,0,0
ASTTL3231,T3241BL0A (2)/V11016,,DP,Asset,TOOL SPARE,STORE,82074090,NOS,0,0,0
ASTTL3232,T4187BLOA/V11016,,INSERT,Asset,TOOL SPARE,STORE,82074090,NOS,0,0,0
ASTTL3233,T4280FM0A/V11016,,DIE INSERT,Asset,TOOL SPARE,STORE,82074090,NOS,0,0,0
ASTTL3234,T4287MF0A/V11016,,SP,Asset,TOOL SPARE,STORE,82074090,NOS,0,0,0
ASTTL3235,T4287MF0A/V11016,,PHP,Asset,TOOL SPARE,STORE,82074090,NOS,0,0,0
ASTTL3236,T4287MF0A/V11016,,DP,Asset,TOOL SPARE,STORE,82074090,NOS,0,0,0
ASTTL3237,T4287MF0A/V11016,,LINER,Asset,TOOL SPARE,STORE,82074090,NOS,0,0,0
ASTTL3238,T4287MF0A/V11016,,PILOT PUNCH,Asset,TOOL SPARE,STORE,82074090,NOS,0,0,0
ASTTL3239,CNC/V11016,,DP,Asset,TOOL SPARE,STORE,82074090,NOS,0,0,0
ASTTL324,T1888BL0A/D01009,,BUFFER,Asset,TOOL SPARE,STORE,82074090,NOS,0,0,0
ASTTL3240,CNC/V11016,,ID PUNCH,Asset,TOOL SPARE,STORE,82074090,NOS,0,0,0
ASTTL3241,CNC/V11016,,PILOT PIN,Asset,TOOL SPARE,STORE,82074090,NOS,0,0,0
ASTTL3242,CNC/V11016,,PUNCH,Asset,TOOL SPARE,STORE,82074090,NOS,0,0,0
ASTTL3243,CNC/V11016,,DP INSERT 1no,Asset,TOOL SPARE,STORE,82074090,NOS,0,0,0
ASTTL3244,CNC/V11016,,DP INSERT 3no,Asset,TOOL SPARE,STORE,82074090,NOS,0,0,0
ASTTL3245,T2725BL0A/V11016(3C),,CROPPING PUNCH,Asset,TOOL SPARE,STORE,82074090,NOS,0,0,0
ASTTL3246,T2791BL0A/V11018,,ID PHP,Asset,TOOL SPARE,STORE,82074090,NOS,0,0,0
ASTTL3247,T2791BL0A/V11018,,ID PHBP,Asset,TOOL SPARE,STORE,82074090,NOS,0,0,0
ASTTL3248,T2791BL0A/V11018,,ID PUNCH,Asset,TOOL SPARE,STORE,82074090,NOS,0,0,0
ASTTL3249,T3013BL0A/V11022,,BUFFER,Asset,TOOL SPARE,STORE,82074090,NOS,0,0,0
ASTTL325,T1765FM0A/D01009,,BUFFER,Asset,TOOL SPARE,STORE,82074090,NOS,0,0,0
ASTTL3250,T3039BL0A/V11023,,PUNCH,Asset,TOOL SPARE,STORE,82074090,NOS,0,0,0
ASTTL3251,T3039BL0A/V11023,,ID PHP,Asset,TOOL SPARE,STORE,82074090,NOS,0,0,0
ASTTL3252,T3039BL0A/V11023,,DP,Asset,TOOL SPARE,STORE,82074090,NOS,0,0,0
ASTTL3253,T3039BL0A/V11023,,PHP,Asset,TOOL SPARE,STORE,82074090,NOS,0,0,0
ASTTL3254,T3039BL0A/V11023,,SP,Asset,TOOL SPARE,STORE,82074090,NOS,0,0,0
ASTTL3255,T3039BL0A/V11023,,BUFFER,Asset,TOOL SPARE,STORE,82074090,NOS,0,0,0
ASTTL3256,T3039BL0A/V11023,,PUNCH (SMALL),Asset,TOOL SPARE,STORE,82074090,NOS,0,0,0
ASTTL3257,T3039BL0A/V11023,,PUNCH,Asset,TOOL SPARE,STORE,82074090,NOS,0,0,0
ASTTL3258,T3039BL0A/V11023,,ID PUNCH,Asset,TOOL SPARE,STORE,82074090,NOS,0,0,0
ASTTL3259,T3039BL0A/V11023,,BUFFER,Asset,TOOL SPARE,STORE,82074090,NOS,0,0,0
ASTTL326,T1765FM0A/D01009,,PHP,Asset,TOOL SPARE,STORE,82074090,NOS,0,0,0
ASTTL3260,T3039BL0A/V11023,,ID PUNCH (8x60),Asset,TOOL SPARE,STORE,82074090,NOS,0,0,0
ASTTL3261,T3039BL0A/V11023,,PLOT PIN,Asset,TOOL SPARE,STORE,82074090,NOS,0,0,0
ASTTL3262,T3710BLOA/V11023,,PHP,Asset,TOOL SPARE,STORE,82074090,NOS,0,0,0
ASTTL3263,T3710BLOA/V11023,,ID LOCATOR,Asset,TOOL SPARE,STORE,82074090,NOS,0,0,0
ASTTL3264,T4161BL0A/V11023,,SP,Asset,TOOL SPARE,STORE,82074090,NOS,0,0,0
ASTTL3265,T4161BL0A/V11023,,ID PHP,Asset,TOOL SPARE,STORE,82074090,NOS,0,0,0
ASTTL3266,T4161BL0A/V11023,,PHP,Asset,TOOL SPARE,STORE,82074090,NOS,0,0,0
ASTTL3267,T4161BL0A/V11023,,BUFFER,Asset,TOOL SPARE,STORE,82074090,NOS,0,0,0
ASTTL3268,T4225FM0A/V11023,,PHP,Asset,TOOL SPARE,STORE,82074090,NOS,0,0,0
ASTTL3269,T4225FM0A/V11023,,DP,Asset,TOOL SPARE,STORE,82074090,NOS,0,0,0
ASTTL327,T1765SOVA/D01009,,DIE PLATE,Asset,TOOL SPARE,STORE,82074090,NOS,0,0,0
ASTTL3270,T4225FM0A/V11023,,PARTING CUTTING,Asset,TOOL SPARE,STORE,82074090,NOS,0,0,0
ASTTL3271,T4225FM0A/V11023,,PUNCH,Asset,TOOL SPARE,STORE,82074090,NOS,0,0,0
ASTTL3272,BENDING/V11025,,PUNCH HOLDER,Asset,TOOL SPARE,STORE,82074090,NOS,0,0,0
ASTTL3273,T3031BL0A/V11027,,PUNCH,Asset,TOOL SPARE,STORE,82074090,NOS,0,0,0
ASTTL3274,T3373FM0A/V11027,,LOWER PUNCH,Asset,TOOL SPARE,STORE,82074090,NOS,0,0,0
ASTTL3275,T2919BL0A/V11028,,DP,Asset,TOOL SPARE,STORE,82074090,NOS,0,0,0
ASTTL3276,T2919BL0A/V11028,,PUNCH,Asset,TOOL SPARE,STORE,82074090,NOS,0,0,0
ASTTL3277,T2917FM1A/V11028,,UPPER PUNCH,Asset,TOOL SPARE,STORE,82074090,NOS,0,0,0
ASTTL3278,T2917FM1A/V11028,,LOWER PUNCH,Asset,TOOL SPARE,STORE,82074090,NOS,0,0,0
ASTTL3279,T2917FM1A/V11028,,BUFFER,Asset,TOOL SPARE,STORE,82074090,NOS,0,0,0
ASTTL328,T1235BL0A/D01009,,DP,Asset,TOOL SPARE,STORE,82074090,NOS,0,0,0
ASTTL3280,T2905FM0A/V11028,,INSERT,Asset,TOOL SPARE,STORE,82074090,NOS,0,0,0
ASTTL3281,T2905FM0A/V11028,,PUNCH INSERT,Asset,TOOL SPARE,STORE,82074090,NOS,0,0,0
ASTTL3282,T2905FM0A/V11028,,BUFFER,Asset,TOOL SPARE,STORE,82074090,NOS,0,0,0
ASTTL3283,T3053BL0A/V11029,,DIE PLATE,Asset,TOOL SPARE,STORE,82074090,NOS,0,0,0
ASTTL3284,T3053BL0A/V11029,,SP,Asset,TOOL SPARE,STORE,82074090,NOS,0,0,0
ASTTL3285,T3053BL0A/V11029,,ID PHP,Asset,TOOL SPARE,STORE,82074090,NOS,0,0,0
ASTTL3286,T3053BL0A/V11029,,PUNCH,Asset,TOOL SPARE,STORE,82074090,NOS,0,0,0
ASTTL3287,T3053BL0A/V11029,,BUFFER,Asset,TOOL SPARE,STORE,82074090,NOS,0,0,0
ASTTL3288,T2877BL0A/V11030,,PUNCH,Asset,TOOL SPARE,STORE,82074090,NOS,0,0,0
ASTTL3289,T2870BL0A/V11031,,DP,Asset,TOOL SPARE,STORE,82074090,NOS,0,0,0
ASTTL329,T1572BL0A/D01009,,GAUG PLATE,Asset,TOOL SPARE,STORE,82074090,NOS,0,0,0
ASTTL3290,T2870BL0A/V11031,,PUNCH,Asset,TOOL SPARE,STORE,82074090,NOS,0,0,0
ASTTL3291,T2918BL0A/V11032,,DP,Asset,TOOL SPARE,STORE,82074090,NOS,0,0,0
ASTTL3292,T2918BL0A/V11032,,BUFFER,Asset,TOOL SPARE,STORE,82074090,NOS,0,0,0
ASTTL3293,T2918BL0A/V11032,,PUNCH,Asset,TOOL SPARE,STORE,82074090,NOS,0,0,0
ASTTL3294,T2918BL0A/V11032,,ID PUNCH,Asset,TOOL SPARE,STORE,82074090,NOS,0,0,0
ASTTL3295,T4097BL0A/V11032,,PIERCING PIN,Asset,TOOL SPARE,STORE,82074090,NOS,0,0,0
ASTTL3296,T2878FM0A/V11032,,DP,Asset,TOOL SPARE,STORE,82074090,NOS,0,0,0
ASTTL3297,T2878FM0A/V11032,,ID PHP,Asset,TOOL SPARE,STORE,82074090,NOS,0,0,0
ASTTL3298,T2878FM0A/V11032,,BUFFER,Asset,TOOL SPARE,STORE,82074090,NOS,0,0,0
ASTTL3299,T2878FM0A/V11032,,ID PUNCH,Asset,TOOL SPARE,STORE,82074090,NOS,0,0,0
ASTTL33,T2219BL0A/B14003,,ID PUNCH,Asset,TOOL SPARE,STORE,82074090,NOS,0,0,0
ASTTL330,T1572BL0A/D01009,,PHP,Asset,TOOL SPARE,STORE,82074090,NOS,0,0,0
ASTTL3300,T2878FM0A/V11032,,ID PUNCH,Asset,TOOL SPARE,STORE,82074090,NOS,0,0,0
ASTTL3301,T2956BL0A/V11034,,DP,Asset,TOOL SPARE,STORE,82074090,NOS,0,0,0
ASTTL3302,T2956BL0A/V11034,,BUFFER,Asset,TOOL SPARE,STORE,82074090,NOS,0,0,0
ASTTL3303,T2956BL0A/V11034,,PUNCH,Asset,TOOL SPARE,STORE,82074090,NOS,0,0,0
ASTTL3304,T2956BL0A/V11034,,ID PUNCH,Asset,TOOL SPARE,STORE,82074090,NOS,0,0,0
ASTTL3305,T2874FM0A/V11034,,PUNCH,Asset,TOOL SPARE,STORE,82074090,NOS,0,0,0
ASTTL3306,T2874FM0A/V11034,,BUFFER,Asset,TOOL SPARE,STORE,82074090,NOS,0,0,0
ASTTL3307,T2915BL0A/V11035,,DP,Asset,TOOL SPARE,STORE,82074090,NOS,0,0,0
ASTTL3308,T2915BL0A/V11035,,PUNCH,Asset,TOOL SPARE,STORE,82074090,NOS,0,0,0
ASTTL3309,T2888FM2A/V11035,,MANDEL,Asset,TOOL SPARE,STORE,82074090,NOS,0,0,0
ASTTL331,T1572BL0A/D01009,,DP,Asset,TOOL SPARE,STORE,82074090,NOS,0,0,0
ASTTL3310,T2885FM1A/V11035,,LOWER PUNCH,Asset,TOOL SPARE,STORE,82074090,NOS,0,0,0
ASTTL3311,T2466BL0A/V11036,,DP,Asset,TOOL SPARE,STORE,82074090,NOS,0,0,0
ASTTL3312,T2466BL0A/V11036,,PUNCH,Asset,TOOL SPARE,STORE,82074090,NOS,0,0,0
ASTTL3313,T2466BL0A/V11036,,ID PUNCH,Asset,TOOL SPARE,STORE,82074090,NOS,0,0,0
ASTTL3314,T3150FM0A/V11036,,UPPER PUNCH,Asset,TOOL SPARE,STORE,82074090,NOS,0,0,0
ASTTL3315,T3150FM0A/V11036,,LOWER PUNCH,Asset,TOOL SPARE,STORE,82074090,NOS,0,0,0
ASTTL3316,T2923BL0A/V11042,,PUNCH,Asset,TOOL SPARE,STORE,82074090,NOS,0,0,0
ASTTL3317,T3009BL0A/V11045,,ID PUNCH,Asset,TOOL SPARE,STORE,82074090,NOS,0,0,0
ASTTL3318,T3011FM2A/V11048,,EMBOSEING PUNCH,Asset,TOOL SPARE,STORE,82074090,NOS,0,0,0
ASTTL3319,T2940EM0A/V11048,,EMBOSING PUNCH,Asset,TOOL SPARE,STORE,82074090,NOS,0,0,0
ASTTL332,T1835 SOVA/D01009,,DIE PIATE,Asset,TOOL SPARE,STORE,82074090,NOS,0,0,0
ASTTL3320,T2940EM0A/V11048,,PUNCH INSERT,Asset,TOOL SPARE,STORE,82074090,NOS,0,0,0
ASTTL3321,T2975BL0A/V11050,,DP,Asset,TOOL SPARE,STORE,82074090,NOS,0,0,0
ASTTL3322,T2975BL0A/V11050,,PHP,Asset,TOOL SPARE,STORE,82074090,NOS,0,0,0
ASTTL3323,T2975BL0A/V11050,,ID PHP,Asset,TOOL SPARE,STORE,82074090,NOS,0,0,0
ASTTL3324,T2975BL0A/V11050,,SP,Asset,TOOL SPARE,STORE,82074090,NOS,0,0,0
ASTTL3325,T2975BL0A/V11050,,BUFFER,Asset,TOOL SPARE,STORE,82074090,NOS,0,0,0
ASTTL3326,T2975BL0A/V11050,,PIERCING PUNCH,Asset,TOOL SPARE,STORE,82074090,NOS,0,0,0
ASTTL3327,T3027BL0A/V11051/67,,DIE PLATE,Asset,TOOL SPARE,STORE,82074090,NOS,0,0,0
ASTTL3328,T3027BL0A/V11051/67,,PUNCH,Asset,TOOL SPARE,STORE,82074090,NOS,0,0,0
ASTTL3329,T3027BL0A/V11051/67,,ID PUNCH,Asset,TOOL SPARE,STORE,82074090,NOS,0,0,0
ASTTL333,T1765CH0A/D01009,,DP,Asset,TOOL SPARE,STORE,82074090,NOS,0,0,0
ASTTL3330,T3027BL0A/V11051/67,,BUFFER,Asset,TOOL SPARE,STORE,82074090,NOS,0,0,0
ASTTL3331,T3027BL0A/V11051/67,,ID PHP,Asset,TOOL SPARE,STORE,82074090,NOS,0,0,0
ASTTL3332,T3027BL0A/V11051/67,,ID PHBP,Asset,TOOL SPARE,STORE,82074090,NOS,0,0,0
ASTTL3333,T3027BL0A/V11051/67,,PHP,Asset,TOOL SPARE,STORE,82074090,NOS,0,0,0
ASTTL3334,T3027BL0A/V11051/67,,PHBP,Asset,TOOL SPARE,STORE,82074090,NOS,0,0,0
ASTTL3335,T3027BL0A/V11051/67,,SP,Asset,TOOL SPARE,STORE,82074090,NOS,0,0,0
ASTTL3336,T3027BL0A/V11051/67,,BWP,Asset,TOOL SPARE,STORE,82074090,NOS,0,0,0
ASTTL3337,T3027BL0A/V11051/67,,DP BP,Asset,TOOL SPARE,STORE,82074090,NOS,0,0,0
ASTTL3338,T2996FM1A/V11051/67,,GAUGE PLATE,Asset,TOOL SPARE,STORE,82074090,NOS,0,0,0
ASTTL3339,T2996FM1A/V11051/67,,PUNCH INSERT,Asset,TOOL SPARE,STORE,82074090,NOS,0,0,0
ASTTL334,T1765CH0A/D01009,,PHP,Asset,TOOL SPARE,STORE,82074090,NOS,0,0,0
ASTTL3340,T2996FM1A/V11051/67,,PUNCH,Asset,TOOL SPARE,STORE,82074090,NOS,0,0,0
ASTTL3341,T2996FM1A/V11051/67,,upper punch insert,Asset,TOOL SPARE,STORE,82074090,NOS,0,0,0
ASTTL3342,T3006FM2A/V11051/67,,HOOK BACK PLATE,Asset,TOOL SPARE,STORE,82074090,NOS,0,0,0
ASTTL3343,T3006FM2A/V11051/67,,UPPER PUNCH,Asset,TOOL SPARE,STORE,82074090,NOS,0,0,0
ASTTL3344,T3006FM2A/V11051/67,,LOWER PUNCH,Asset,TOOL SPARE,STORE,82074090,NOS,0,0,0
ASTTL3345,FM2A/V11051/67,,LOWER PHP,Asset,TOOL SPARE,STORE,82074090,NOS,0,0,0
ASTTL3346,T4150FM0A/V11067,,BACK PLATE,Asset,TOOL SPARE,STORE,82074090,NOS,0,0,0
ASTTL3347,T4150FM0A/V11067,,TOP PLATE,Asset,TOOL SPARE,STORE,82074090,NOS,0,0,0
ASTTL3348,T4150FM0A/V11067,,BOTTOM PLATE,Asset,TOOL SPARE,STORE,82074090,NOS,0,0,0
ASTTL3349,T4150FM0A/V11067,,PHBP,Asset,TOOL SPARE,STORE,82074090,NOS,0,0,0
ASTTL335,T1765CH0A/D01009,,BUFFER,Asset,TOOL SPARE,STORE,82074090,NOS,0,0,0
ASTTL3350,T4150FM0A/V11067,,UPPER PUNCH HOLDER PLATE,Asset,TOOL SPARE,STORE,82074090,NOS,0,0,0
ASTTL3351,T4150FM0A/V11067,,UPPER PUNCH HOLDER BP,Asset,TOOL SPARE,STORE,82074090,NOS,0,0,0
ASTTL3352,T4150FM0A/V11067,,PUNCH INSERT,Asset,TOOL SPARE,STORE,82074090,NOS,0,0,0
ASTTL3353,T4150FM0A/V11067,,LOWER PHP,Asset,TOOL SPARE,STORE,82074090,NOS,0,0,0
ASTTL3354,T4150FM0A/V11067,,BUFFER WORKING PLATE,Asset,TOOL SPARE,STORE,82074090,NOS,0,0,0
ASTTL3355,T4150FM0A/V11067,,BUSH,Asset,TOOL SPARE,STORE,82074090,NOS,0,0,0
ASTTL3356,T4150FM0A/V11067,,UPPER PUNCH,Asset,TOOL SPARE,STORE,82074090,NOS,0,0,0
ASTTL3357,T4150FM0A/V11067,,UPPER PUNCH HOLDER,Asset,TOOL SPARE,STORE,82074090,NOS,0,0,0
ASTTL3358,T4231CHOA/V11067,,UPPER PUNCH,Asset,TOOL SPARE,STORE,82074090,NOS,0,0,0
ASTTL3359,T4231CHOA/V11067,,LOWER PUNCH,Asset,TOOL SPARE,STORE,82074090,NOS,0,0,0
ASTTL336,T1765CH0A/D01009,,SMALL DIE PLATE,Asset,TOOL SPARE,STORE,82074090,NOS,0,0,0
ASTTL3360,T3019TH0A/V11053,,LOWER PUNCH,Asset,TOOL SPARE,STORE,82074090,NOS,0,0,0
ASTTL3361,T3019TH0A/V11053,,UPPER PUNCH,Asset,TOOL SPARE,STORE,82074090,NOS,0,0,0
ASTTL3362,T3078BL0A/V11054,,DP,Asset,TOOL SPARE,STORE,82074090,NOS,0,0,0
ASTTL3363,T3078BL0A/V11054,,SP,Asset,TOOL SPARE,STORE,82074090,NOS,0,0,0
ASTTL3364,T3078BL0A/V11054,,PUNCH,Asset,TOOL SPARE,STORE,82074090,NOS,0,0,0
ASTTL3365,T3078BL0A/V11054,,BUFFER,Asset,TOOL SPARE,STORE,82074090,NOS,0,0,0
ASTTL3366,T3078BL0A/V11054,,ID PUNCH,Asset,TOOL SPARE,STORE,82074090,NOS,0,0,0
ASTTL3367,T3078BL0A/V11054,,ID +OD PUNCH,Asset,TOOL SPARE,STORE,82074090,NOS,0,0,0
ASTTL3368,T3189FMOA/V11054,,BOTTOM PUNCH,Asset,TOOL SPARE,STORE,82074090,NOS,0,0,0
ASTTL3369,T3189FMOA/V11054,,TOP PUNCH,Asset,TOOL SPARE,STORE,82074090,NOS,0,0,0
ASTTL337,T2187BL0A/D01011,,ID PUNCH,Asset,TOOL SPARE,STORE,82074090,NOS,0,0,0
ASTTL3370,T4250FM0A/V11054,,TOP PUNCHA,Asset,TOOL SPARE,STORE,82074090,NOS,0,0,0
ASTTL3371,T4250FM0A/V11054,,BOTTEM PUNCH,Asset,TOOL SPARE,STORE,82074090,NOS,0,0,0
ASTTL3372,T2675BL0A/V11056,,DP,Asset,TOOL SPARE,STORE,82074090,NOS,0,0,0
ASTTL3373,T3305BL0A/V11063,,PHP,Asset,TOOL SPARE,STORE,82074090,NOS,0,0,0
ASTTL3374,T3307BL0A/V11069,,SP,Asset,TOOL SPARE,STORE,82074090,NOS,0,0,0
ASTTL3375,T3307BL0A/V11069,,IDPHP,Asset,TOOL SPARE,STORE,82074090,NOS,0,0,0
ASTTL3376,T3307BL0A/V11069,,PHP,Asset,TOOL SPARE,STORE,82074090,NOS,0,0,0
ASTTL3377,T3307BL0A/V11069,,PUNCH,Asset,TOOL SPARE,STORE,82074090,NOS,0,0,0
ASTTL3378,T3307BL0A/V11069,,BUFFER,Asset,TOOL SPARE,STORE,82074090,NOS,0,0,0
ASTTL3379,T3307BL0A/V11069,,DP,Asset,TOOL SPARE,STORE,82074090,NOS,0,0,0
ASTTL338,T2187BL0A/D01011,,BUFFER,Asset,TOOL SPARE,STORE,82074090,NOS,0,0,0
ASTTL3380,T4130BL0A/V11069,,PHP,Asset,TOOL SPARE,STORE,82074090,NOS,0,0,0
ASTTL3381,T4130BL0A/V11069,,DP,Asset,TOOL SPARE,STORE,82074090,NOS,0,0,0
ASTTL3382,T4130BL0A/V11069,,IDPHP,Asset,TOOL SPARE,STORE,82074090,NOS,0,0,0
ASTTL3383,T4160BL0A/V11069,,BWP,Asset,TOOL SPARE,STORE,82074090,NOS,0,0,0
ASTTL3384,T3298BL0A/V11075,,BUFFER,Asset,TOOL SPARE,STORE,82074090,NOS,0,0,0
ASTTL3385,T3298BL0A/V11075,,PUNCH,Asset,TOOL SPARE,STORE,82074090,NOS,0,0,0
ASTTL3386,T3309BL0A/V11076,,PUNCH,Asset,TOOL SPARE,STORE,82074090,NOS,0,0,0
ASTTL3387,T3202BL0A/V11080,,BUFFER,Asset,TOOL SPARE,STORE,82074090,NOS,0,0,0
ASTTL3388,T3202BL0A/V11080,,DP,Asset,TOOL SPARE,STORE,82074090,NOS,0,0,0
ASTTL3389,T3401SV0A/V11080,,DP,Asset,TOOL SPARE,STORE,82074090,NOS,0,0,0
ASTTL339,T2187BL0A/D01011,,PHP,Asset,TOOL SPARE,STORE,82074090,NOS,0,0,0
ASTTL3390,T3401SV0A/V11080,,PHP,Asset,TOOL SPARE,STORE,82074090,NOS,0,0,0
ASTTL3391,T3401SV0A/V11080,,SP,Asset,TOOL SPARE,STORE,82074090,NOS,0,0,0
ASTTL3392,T3401SV0A/V11080,,ID PUNCH,Asset,TOOL SPARE,STORE,82074090,NOS,0,0,0
ASTTL3393,T3401SV0A/V11080,,PUNCH,Asset,TOOL SPARE,STORE,82074090,NOS,0,0,0
ASTTL3394,T3401SV0A/V11080,,OD PUNCH,Asset,TOOL SPARE,STORE,82074090,NOS,0,0,0
ASTTL3395,T3401SV0A/V11080,,ID & OD PUNCH,Asset,TOOL SPARE,STORE,82074090,NOS,0,0,0
ASTTL3396,T3402BLOA/V11080,,DP,Asset,TOOL SPARE,STORE,82074090,NOS,0,0,0
ASTTL3397,T3402BLOA/V11080,,BUFFER,Asset,TOOL SPARE,STORE,82074090,NOS,0,0,0
ASTTL3398,T3407SV0A/V11080,,PHP,Asset,TOOL SPARE,STORE,82074090,NOS,0,0,0
ASTTL3399,T3407SV0A/V11080,,DP,Asset,TOOL SPARE,STORE,82074090,NOS,0,0,0
ASTTL34,T2219BL0A/B14003,,SP,Asset,TOOL SPARE,STORE,82074090,NOS,0,0,0
ASTTL340,T2187BL0A/D01011,,SP,Asset,TOOL SPARE,STORE,82074090,NOS,0,0,0
ASTTL3400,T3407SV0A/V11080,,SP,Asset,TOOL SPARE,STORE,82074090,NOS,0,0,0
ASTTL3401,T3407SV0A/V11080,,ID PUNCH,Asset,TOOL SPARE,STORE,82074090,NOS,0,0,0
ASTTL3402,T3182SV0B/V11080,,PUNCH,Asset,TOOL SPARE,STORE,82074090,NOS,0,0,0
ASTTL3403,T3182SV0B/V11080,,BUFFER,Asset,TOOL SPARE,STORE,82074090,NOS,0,0,0
ASTTL3404,T3182SV0B/V11080,,OD +OD SHARING DP,Asset,TOOL SPARE,STORE,82074090,NOS,0,0,0
ASTTL3405,T3182SV0B/V11080,,DP,Asset,TOOL SPARE,STORE,82074090,NOS,0,0,0
ASTTL3406,T3597SV0C/V11080,,ID PUNCH,Asset,TOOL SPARE,STORE,82074090,NOS,0,0,0
ASTTL3407,T3597SV0C/V11080,,PHP,Asset,TOOL SPARE,STORE,82074090,NOS,0,0,0
ASTTL3408,T3597SV0C/V11080,,DP,Asset,TOOL SPARE,STORE,82074090,NOS,0,0,0
ASTTL3409,T3404HL0A/V11080,,ID PUNCH,Asset,TOOL SPARE,STORE,82074090,NOS,0,0,0
ASTTL341,T2187BL0A/D01011,,PUNCH,Asset,TOOL SPARE,STORE,82074090,NOS,0,0,0
ASTTL3410,T3404HL0A/V11080,,PUNCH,Asset,TOOL SPARE,STORE,82074090,NOS,0,0,0
ASTTL3411,T3982SVOA/V11080,,ID & OD DIE PLATE,Asset,TOOL SPARE,STORE,82074090,NOS,0,0,0
ASTTL3412,T3982SVOA/V11080,,ID & OD PUNCH,Asset,TOOL SPARE,STORE,82074090,NOS,0,0,0
ASTTL3413,T3982SVOA/V11080,,ID & OD BUFFER,Asset,TOOL SPARE,STORE,82074090,NOS,0,0,0
ASTTL3414,T3982SVOA/V11080,,PUNCH,Asset,TOOL SPARE,STORE,82074090,NOS,0,0,0
ASTTL3415,T3982SVOA/V11080,,BUFFER,Asset,TOOL SPARE,STORE,82074090,NOS,0,0,0
ASTTL3416,T3982SVOA/V11080,,DIE PLATE,Asset,TOOL SPARE,STORE,82074090,NOS,0,0,0
ASTTL3417,T3991SVOB/V11080,,SP,Asset,TOOL SPARE,STORE,82074090,NOS,0,0,0
ASTTL3418,T8407SV0A/V11080,,DP,Asset,TOOL SPARE,STORE,82074090,NOS,0,0,0
ASTTL3419,T3454BL0A/V11081,,PUNCH,Asset,TOOL SPARE,STORE,82074090,NOS,0,0,0
ASTTL342,T2187BL0A/D01011,,DIE PLATE,Asset,TOOL SPARE,STORE,82074090,NOS,0,0,0
ASTTL3420,T3454BL0A/V11081,,LOWAR PLATE,Asset,TOOL SPARE,STORE,82074090,NOS,0,0,0
ASTTL3421,T3454BL0A/V11081,,PHP,Asset,TOOL SPARE,STORE,82074090,NOS,0,0,0
ASTTL3422,T3481SV0A/V11081,,UPPER GUIDE PLATE,Asset,TOOL SPARE,STORE,82074090,NOS,0,0,0
ASTTL3423,T3481SV0A/V11081,,LOWER GUIDE PLATE,Asset,TOOL SPARE,STORE,82074090,NOS,0,0,0
ASTTL3424,T3982SV0A/V11082,,BUFFER,Asset,TOOL SPARE,STORE,82074090,NOS,0,0,0
ASTTL3425,T3426BL0A/V11083,,DP INSERT,Asset,TOOL SPARE,STORE,82074090,NOS,0,0,0
ASTTL3426,T3426BL0A/V11083,,DP,Asset,TOOL SPARE,STORE,82074090,NOS,0,0,0
ASTTL3427,T3426BL0A/V11083,,PUNCH,Asset,TOOL SPARE,STORE,82074090,NOS,0,0,0
ASTTL3428,T3426BL0A/V11083,,DIE PLATE INSERT,Asset,TOOL SPARE,STORE,82074090,NOS,0,0,0
ASTTL3429,T3426BL0A/V11083,,BUFFER SUPPORT DISC,Asset,TOOL SPARE,STORE,82074090,NOS,0,0,0
ASTTL343,T2187BL0A/D01011,,ID PIN,Asset,TOOL SPARE,STORE,82074090,NOS,0,0,0
ASTTL3430,T3426BL0A/V11083,,INSERT,Asset,TOOL SPARE,STORE,82074090,NOS,0,0,0
ASTTL3431,T3983SV0A/V11083,,BUFFER SUPPORT PLATE,Asset,TOOL SPARE,STORE,82074090,NOS,0,0,0
ASTTL3432,T3983SV0A/V11083,,DP,Asset,TOOL SPARE,STORE,82074090,NOS,0,0,0
ASTTL3433,T3983SV0A/V11083,,DP INSERT,Asset,TOOL SPARE,STORE,82074090,NOS,0,0,0
ASTTL3434,T3983SV0A/V11083,,DIE INSERT,Asset,TOOL SPARE,STORE,82074090,NOS,0,0,0
ASTTL3435,T3983SV0A/V11083,,GAUGE PLATE,Asset,TOOL SPARE,STORE,82074090,NOS,0,0,0
ASTTL3436,T3431PE0A/V11083,,GAUGE PLATE,Asset,TOOL SPARE,STORE,82074090,NOS,0,0,0
ASTTL3437,T3437SVOA/V11083,,GAUGE PLATE,Asset,TOOL SPARE,STORE,82074090,NOS,0,0,0
ASTTL3438,T3425SV0B/V11083,,ID PUNCH,Asset,TOOL SPARE,STORE,82074090,NOS,0,0,0
ASTTL3439,T3403BL0A/V11084,,PUNCH,Asset,TOOL SPARE,STORE,82074090,NOS,0,0,0
ASTTL344,T2187BL0A/D01011,,BUFFER,Asset,TOOL SPARE,STORE,82074090,NOS,0,0,0
ASTTL3440,T3403BL0A/V11084,,ID PUNCH,Asset,TOOL SPARE,STORE,82074090,NOS,0,0,0
ASTTL3441,T3369BL0A/V11090,,PUNCH,Asset,TOOL SPARE,STORE,82074090,NOS,0,0,0
ASTTL3442,T3389BL0A/V11090,,PUNCH INSERT,Asset,TOOL SPARE,STORE,82074090,NOS,0,0,0
ASTTL3443,T3456HL0A/V11090,,DIE INSERT (LEFT A),Asset,TOOL SPARE,STORE,82074090,NOS,0,0,0
ASTTL3444,T3456HL0A/V11090,,DIE INSERT (LEFT B),Asset,TOOL SPARE,STORE,82074090,NOS,0,0,0
ASTTL3445,T3913BL0A/V11091,,PUNCH,Asset,TOOL SPARE,STORE,82074090,NOS,0,0,0
ASTTL3446,T4553BL0A/V11091,,INSERT,Asset,TOOL SPARE,STORE,82074090,NOS,0,0,0
ASTTL3447,T3453HL0A/V11091,,INSERT,Asset,TOOL SPARE,STORE,82074090,NOS,0,0,0
ASTTL3448,T3453HL0A/V11091,,DIE INSERT,Asset,TOOL SPARE,STORE,82074090,NOS,0,0,0
ASTTL3449,T3453HL0A/V11091,,PIERCING PUNCH,Asset,TOOL SPARE,STORE,82074090,NOS,0,0,0
ASTTL345,T2187BL0A/D01011,,ID PUNCH,Asset,TOOL SPARE,STORE,82074090,NOS,0,0,0
ASTTL3450,T3453HL0A/V11091,,INSERT -C,Asset,TOOL SPARE,STORE,82074090,NOS,0,0,0
ASTTL3451,T3453HL0A/V11091,,PIERCING PUNCH,Asset,TOOL SPARE,STORE,82074090,NOS,0,0,0
ASTTL3452,T3671HL0A/V11091,,DP PIN,Asset,TOOL SPARE,STORE,82074090,NOS,0,0,0
ASTTL3453,T3451BL0A/V11096,,DP,Asset,TOOL SPARE,STORE,82074090,NOS,0,0,0
ASTTL3454,T3451BL0A/V11096,,PUNCH,Asset,TOOL SPARE,STORE,82074090,NOS,0,0,0
ASTTL3455,T3451BL0A/V11096,,BUFFER,Asset,TOOL SPARE,STORE,82074090,NOS,0,0,0
ASTTL3456,T3455BL0A/V11098,,BUFFER,Asset,TOOL SPARE,STORE,82074090,NOS,0,0,0
ASTTL3457,T3455BL0A/V11098,,ID PUNCH,Asset,TOOL SPARE,STORE,82074090,NOS,0,0,0
ASTTL3458,T3455BL0A/V11098,,PUNCH,Asset,TOOL SPARE,STORE,82074090,NOS,0,0,0
ASTTL3459,T3455BL0A/V11098,,DIE PLATE,Asset,TOOL SPARE,STORE,82074090,NOS,0,0,0
ASTTL346,T2187BL0A/D01011,,DP,Asset,TOOL SPARE,STORE,82074090,NOS,0,0,0
ASTTL3460,T3435BL0A/V11103,,PHP,Asset,TOOL SPARE,STORE,82074090,NOS,0,0,0
ASTTL3461,T3435BL0A/V11103,,CROPPING PUNCH,Asset,TOOL SPARE,STORE,82074090,NOS,0,0,0
ASTTL3462,T3435BL0A/V11103,,DUILL PIN,Asset,TOOL SPARE,STORE,82074090,NOS,0,0,0
ASTTL3463,T3435BL0A/V11103,,DUILL PUNCH,Asset,TOOL SPARE,STORE,82074090,NOS,0,0,0
ASTTL3464,T3435BL0A/V11103,,ID PUNCH,Asset,TOOL SPARE,STORE,82074090,NOS,0,0,0
ASTTL3465,T3435BL0A/V11103,,LANCHING PUNCH,Asset,TOOL SPARE,STORE,82074090,NOS,0,0,0
ASTTL3466,T3435BL0A/V11103,,OD PUNCH,Asset,TOOL SPARE,STORE,82074090,NOS,0,0,0
ASTTL3467,T3435BL0A/V11103,,INSERT,Asset,TOOL SPARE,STORE,82074090,NOS,0,0,0
ASTTL3468,T3435BL0A/V11103,,HOLING INSERT,Asset,TOOL SPARE,STORE,82074090,NOS,0,0,0
ASTTL3469,T3475 BLOA/V11103,,PILOT PUNCH,Asset,TOOL SPARE,STORE,82074090,NOS,0,0,0
ASTTL347,T1554 BLOA/D01011,,PHP,Asset,TOOL SPARE,STORE,82074090,NOS,0,0,0
ASTTL3470,T3475 BLOA/V11103,,PUNCH,Asset,TOOL SPARE,STORE,82074090,NOS,0,0,0
ASTTL3471,T3475 BLOA/V11103,,BUFFER,Asset,TOOL SPARE,STORE,82074090,NOS,0,0,0
ASTTL3472,T3475 BLOA/V11103,,HATTING INSERT,Asset,TOOL SPARE,STORE,82074090,NOS,0,0,0
ASTTL3473,T3475 BLOA/V11103,,DIE INSERT,Asset,TOOL SPARE,STORE,82074090,NOS,0,0,0
ASTTL3474,T3475 BLOA/V11103,,CROPING PUNCH,Asset,TOOL SPARE,STORE,82074090,NOS,0,0,0
ASTTL3475,T3475 BLOA/V11103,,PHP,Asset,TOOL SPARE,STORE,82074090,NOS,0,0,0
ASTTL3476,T3475 BLOA/V11103,,HOLING INSERT,Asset,TOOL SPARE,STORE,82074090,NOS,0,0,0
ASTTL3477,T3525FM2A/V11104,,MAINDRELL,Asset,TOOL SPARE,STORE,82074090,NOS,0,0,0
ASTTL3478,T3660R00A/V11104,,MANDEL HANDLE,Asset,TOOL SPARE,STORE,82074090,NOS,0,0,0
ASTTL3479,T3523EM0A/V11104,,RECTNGLE PUNCH,Asset,TOOL SPARE,STORE,82074090,NOS,0,0,0
ASTTL348,T1554 BLOA/D01011,,DIE PLATE,Asset,TOOL SPARE,STORE,82074090,NOS,0,0,0
ASTTL3480,T3523EM0A/V11104,,PUNCH,Asset,TOOL SPARE,STORE,82074090,NOS,0,0,0
ASTTL3481,T3764 BLOA/V11104,,DIE PLATE,Asset,TOOL SPARE,STORE,82074090,NOS,0,0,0
ASTTL3482,HLOA/V11104,,DIE PLATE,Asset,TOOL SPARE,STORE,82074090,NOS,0,0,0
ASTTL3483,T3599BL0A/V11107,,DP,Asset,TOOL SPARE,STORE,82074090,NOS,0,0,0
ASTTL3484,T3599BL0A/V11107,,PHP,Asset,TOOL SPARE,STORE,82074090,NOS,0,0,0
ASTTL3485,T3599BL0A/V11107,,ID PHP,Asset,TOOL SPARE,STORE,82074090,NOS,0,0,0
ASTTL3486,T3599BL0A/V11107,,PUNCH,Asset,TOOL SPARE,STORE,82074090,NOS,0,0,0
ASTTL3487,T3599BL0A/V11107,,BUFFER,Asset,TOOL SPARE,STORE,82074090,NOS,0,0,0
ASTTL3488,T3599BL0A/V11107,,ID PUNCH,Asset,TOOL SPARE,STORE,82074090,NOS,0,0,0
ASTTL3489,T3475BL0A/V11114,,SP,Asset,TOOL SPARE,STORE,82074090,NOS,0,0,0
ASTTL349,T1554 BLOA/D01011,,BUFFER,Asset,TOOL SPARE,STORE,82074090,NOS,0,0,0
ASTTL3490,T3475BL0A/V11114,,PHP,Asset,TOOL SPARE,STORE,82074090,NOS,0,0,0
ASTTL3491,T3475BL0A/V11114,,DP,Asset,TOOL SPARE,STORE,82074090,NOS,0,0,0
ASTTL3492,T3475BL0A/V11114,,IDPHP,Asset,TOOL SPARE,STORE,82074090,NOS,0,0,0
ASTTL3493,T3601BLOA/V11114,,DP,Asset,TOOL SPARE,STORE,82074090,NOS,0,0,0
ASTTL3494,T3601BLOA/V11114,,PHP,Asset,TOOL SPARE,STORE,82074090,NOS,0,0,0
ASTTL3495,T3601BLOA/V11114,,IDPHP,Asset,TOOL SPARE,STORE,82074090,NOS,0,0,0
ASTTL3496,T3601BLOA/V11114,,SP,Asset,TOOL SPARE,STORE,82074090,NOS,0,0,0
ASTTL3497,T3601BLOA/V11114,,PUNCH,Asset,TOOL SPARE,STORE,82074090,NOS,0,0,0
ASTTL3498,T3715BL0A/V11121,,PUNCH,Asset,TOOL SPARE,STORE,82074090,NOS,0,0,0
ASTTL3499,T3715BL0A/V11121,,DP,Asset,TOOL SPARE,STORE,82074090,NOS,0,0,0
ASTTL35,T2219BL0A/B14003,,ID PHP,Asset,TOOL SPARE,STORE,82074090,NOS,0,0,0
ASTTL350,T1554 BLOA/D01011,,PUNCH,Asset,TOOL SPARE,STORE,82074090,NOS,0,0,0
ASTTL3500,T4009FL0A/V11121,,PUNCH,Asset,TOOL SPARE,STORE,82074090,NOS,0,0,0
ASTTL3501,T4009FL0A/V11121,,PHP,Asset,TOOL SPARE,STORE,82074090,NOS,0,0,0
ASTTL3502,T4009FL0A/V11121,,EMBOSSING PUNCH,Asset,TOOL SPARE,STORE,82074090,NOS,0,0,0
ASTTL3503,T4009FL0A/V11121,,BUFFER,Asset,TOOL SPARE,STORE,82074090,NOS,0,0,0
ASTTL3504,T3689FM1A/V11121,,PHBP,Asset,TOOL SPARE,STORE,82074090,NOS,0,0,0
ASTTL3505,T3689FM1A/V11121,,PUNCH,Asset,TOOL SPARE,STORE,82074090,NOS,0,0,0
ASTTL3506,T3700FL0A/V11121,,FLARING,Asset,TOOL SPARE,STORE,82074090,NOS,0,0,0
ASTTL3507,T3700FL0A/V11121,,STRIPPER BP,Asset,TOOL SPARE,STORE,82074090,NOS,0,0,0
ASTTL3508,T3700FL0A/V11121,,PUNCH,Asset,TOOL SPARE,STORE,82074090,NOS,0,0,0
ASTTL3509,T3700FL0A/V11121,,EMBOSSING PUNCH,Asset,TOOL SPARE,STORE,82074090,NOS,0,0,0
ASTTL351,T1554 BLOA/D01011,,ID PUNCH,Asset,TOOL SPARE,STORE,82074090,NOS,0,0,0
ASTTL3510,T3700FL0A/V11121,,BUFFER,Asset,TOOL SPARE,STORE,82074090,NOS,0,0,0
ASTTL3511,T3700FL0A/V11121,,PHP,Asset,TOOL SPARE,STORE,82074090,NOS,0,0,0
ASTTL3512,T3692FM2A/V11121,,BOTTOM PLATE,Asset,TOOL SPARE,STORE,82074090,NOS,0,0,0
ASTTL3513,T3693FM3A/V11121,,BUFFER,Asset,TOOL SPARE,STORE,82074090,NOS,0,0,0
ASTTL3514,T3693FM3A/V11121,,PUNCH,Asset,TOOL SPARE,STORE,82074090,NOS,0,0,0
ASTTL3515,T3698PE0A/V11121,,PUNCH,Asset,TOOL SPARE,STORE,82074090,NOS,0,0,0
ASTTL3516,T3698PE0A/V11121,,BENDPUNCH,Asset,TOOL SPARE,STORE,82074090,NOS,0,0,0
ASTTL3517,T3682BL0A/V11122,,PHP,Asset,TOOL SPARE,STORE,82074090,NOS,0,0,0
ASTTL3518,T3682BL0A/V11122,,DP,Asset,TOOL SPARE,STORE,82074090,NOS,0,0,0
ASTTL3519,T3682BL0A/V11122,,PUNCH,Asset,TOOL SPARE,STORE,82074090,NOS,0,0,0
ASTTL352,T1150BL0A/D01011,,SP,Asset,TOOL SPARE,STORE,82074090,NOS,0,0,0
ASTTL3520,T3682BL0A/V11122,,BUFFER,Asset,TOOL SPARE,STORE,82074090,NOS,0,0,0
ASTTL3521,T3686EM0A/V11122,,IDPUNCH,Asset,TOOL SPARE,STORE,82074090,NOS,0,0,0
ASTTL3522,T3684SV0A/V11122,,PHP,Asset,TOOL SPARE,STORE,82074090,NOS,0,0,0
ASTTL3523,T3684SV0A/V11122,,DP,Asset,TOOL SPARE,STORE,82074090,NOS,0,0,0
ASTTL3524,T3684SV0A/V11122,,ID PUNCH,Asset,TOOL SPARE,STORE,82074090,NOS,0,0,0
ASTTL3525,T3684SV0A/V11122,,PUNCH,Asset,TOOL SPARE,STORE,82074090,NOS,0,0,0
ASTTL3526,T3684SV0A/V11122,,BUFFER,Asset,TOOL SPARE,STORE,82074090,NOS,0,0,0
ASTTL3527,T3906CH0A/V11122,,DP,Asset,TOOL SPARE,STORE,82074090,NOS,0,0,0
ASTTL3528,T3710SP0A/V11123,,BUFFER,Asset,TOOL SPARE,STORE,82074090,NOS,0,0,0
ASTTL3529,T3710SP0A/V11123,,ID LOCATOR,Asset,TOOL SPARE,STORE,82074090,NOS,0,0,0
ASTTL353,T1574BL0A/D01012,,DIE PLATE,Asset,TOOL SPARE,STORE,82074090,NOS,0,0,0
ASTTL3530,T3915FM1A/V11128,,DP,Asset,TOOL SPARE,STORE,82074090,NOS,0,0,0
ASTTL3531,T3915FM1A/V11128,,PHP,Asset,TOOL SPARE,STORE,82074090,NOS,0,0,0
ASTTL3532,T3915FM1A/V11128,,PUNCH,Asset,TOOL SPARE,STORE,82074090,NOS,0,0,0
ASTTL3533,T3915FM1A/V11128,,LHS PUNCH,Asset,TOOL SPARE,STORE,82074090,NOS,0,0,0
ASTTL3534,T3915FM1A/V11128,,GAP HOLADER,Asset,TOOL SPARE,STORE,82074090,NOS,0,0,0
ASTTL3535,T3916FM2A/V11128,,DP,Asset,TOOL SPARE,STORE,82074090,NOS,0,0,0
ASTTL3536,T3916FM2A/V11128,,COMP HOLDER,Asset,TOOL SPARE,STORE,82074090,NOS,0,0,0
ASTTL3537,T3916FM2A/V11128,,LHS PUNCH,Asset,TOOL SPARE,STORE,82074090,NOS,0,0,0
ASTTL3538,T3916FM2A/V11128,,RHS PUNCH,Asset,TOOL SPARE,STORE,82074090,NOS,0,0,0
ASTTL3539,T4232FM2A/V11128,,BP,Asset,TOOL SPARE,STORE,82074090,NOS,0,0,0
ASTTL354,T1514BL0A/D01012,,PHP,Asset,TOOL SPARE,STORE,82074090,NOS,0,0,0
ASTTL3540,T4232FM2A/V11128,,PHBP,Asset,TOOL SPARE,STORE,82074090,NOS,0,0,0
ASTTL3541,T4232FM2A/V11128,,DPBP,Asset,TOOL SPARE,STORE,82074090,NOS,0,0,0
ASTTL3542,T4232FM2A/V11128,,UPPER PUNCH,Asset,TOOL SPARE,STORE,82074090,NOS,0,0,0
ASTTL3543,T4232FM2A/V11128,,LOWER PUNCH,Asset,TOOL SPARE,STORE,82074090,NOS,0,0,0
ASTTL3544,T3152CH0A/V11128,,EMBOSSING PUNCH,Asset,TOOL SPARE,STORE,82074090,NOS,0,0,0
ASTTL3545,T3152CH0A/V11128,,PUNCH,Asset,TOOL SPARE,STORE,82074090,NOS,0,0,0
ASTTL3546,T4019PE3A/V11128,,SP,Asset,TOOL SPARE,STORE,82074090,NOS,0,0,0
ASTTL3547,T4019PE3A/V11128,,SP INSERT,Asset,TOOL SPARE,STORE,82074090,NOS,0,0,0
ASTTL3548,T4019PE3A/V11128,,DP INSERT,Asset,TOOL SPARE,STORE,82074090,NOS,0,0,0
ASTTL3549,T4019PE3A/V11128,,SLOT PUNCH,Asset,TOOL SPARE,STORE,82074090,NOS,0,0,0
ASTTL355,T0024BL0A/D01013,,BUFFER,Asset,TOOL SPARE,STORE,82074090,NOS,0,0,0
ASTTL3550,T3926BL0A/V11128,,IDPHBP,Asset,TOOL SPARE,STORE,82074090,NOS,0,0,0
ASTTL3551,T3926BL0A/V11128,,DP,Asset,TOOL SPARE,STORE,82074090,NOS,0,0,0
ASTTL3552,T3926BL0A/V11128,,PHP,Asset,TOOL SPARE,STORE,82074090,NOS,0,0,0
ASTTL3553,T3926BL0A/V11128,,IDPHP,Asset,TOOL SPARE,STORE,82074090,NOS,0,0,0
ASTTL3554,T3926BL0A/V11128,,PUNCH,Asset,TOOL SPARE,STORE,82074090,NOS,0,0,0
ASTTL3555,T3926BL0A/V11128,,BUFFER,Asset,TOOL SPARE,STORE,82074090,NOS,0,0,0
ASTTL3556,T4322FM1A/V11128,,UPPER PUNCH INSERT,Asset,TOOL SPARE,STORE,82074090,NOS,0,0,0
ASTTL3557,T4322FM1A/V11128,,LOWER PUNCH INSERT,Asset,TOOL SPARE,STORE,82074090,NOS,0,0,0
ASTTL3558,T4322FM1A/V11128,,UPPER PUNCH,Asset,TOOL SPARE,STORE,82074090,NOS,0,0,0
ASTTL3559,T4322FM1A/V11128,,DP INSEST,Asset,TOOL SPARE,STORE,82074090,NOS,0,0,0
ASTTL356,T0024BL0A/D01013,,PHP,Asset,TOOL SPARE,STORE,82074090,NOS,0,0,0
ASTTL3560,T4323FM2A/V11128,,LOWER PUNCH INSERT,Asset,TOOL SPARE,STORE,82074090,NOS,0,0,0
ASTTL3561,T4323FM2A/V11128,,LOWER PUNCH + INSERT,Asset,TOOL SPARE,STORE,82074090,NOS,0,0,0
ASTTL3562,T4323FM2A/V11128,,UPPER PUNCH INSERT,Asset,TOOL SPARE,STORE,82074090,NOS,0,0,0
ASTTL3563,T4323FM2A/V11128,,UPPER PUNCH,Asset,TOOL SPARE,STORE,82074090,NOS,0,0,0
ASTTL3564,T4323FM2A/V11128,,DIE BACK PLATE,Asset,TOOL SPARE,STORE,82074090,NOS,0,0,0
ASTTL3565,T4048PEOA/V11128,,DP,Asset,TOOL SPARE,STORE,82074090,NOS,0,0,0
ASTTL3566,T4048PEOA/V11128,,PIERCING PUNCH,Asset,TOOL SPARE,STORE,82074090,NOS,0,0,0
ASTTL3567,T4048PEOA/V11128,,MIDDLE SUPPORT,Asset,TOOL SPARE,STORE,82074090,NOS,0,0,0
ASTTL3568,T4048PEOA/V11128,,MIDDLE SUPPORT INSERT,Asset,TOOL SPARE,STORE,82074090,NOS,0,0,0
ASTTL3569,T3913BL0A/V11129,,PHP,Asset,TOOL SPARE,STORE,82074090,NOS,0,0,0
ASTTL357,T0024BL0A/D01013,,SP,Asset,TOOL SPARE,STORE,82074090,NOS,0,0,0
ASTTL3570,T3913BL0A/V11129,,ID PHP,Asset,TOOL SPARE,STORE,82074090,NOS,0,0,0
ASTTL3571,T3913BL0A/V11129,,PUNCH,Asset,TOOL SPARE,STORE,82074090,NOS,0,0,0
ASTTL3572,T3914FM0A/V11129,,PHP,Asset,TOOL SPARE,STORE,82074090,NOS,0,0,0
ASTTL3573,T3917HL0A/V11129,,INSERT,Asset,TOOL SPARE,STORE,82074090,NOS,0,0,0
ASTTL3574,T3917HL0A/V11129,,DP LEFT INSERT,Asset,TOOL SPARE,STORE,82074090,NOS,0,0,0
ASTTL3575,T3917HL0A/V11129,,DIE INSERT-A,Asset,TOOL SPARE,STORE,82074090,NOS,0,0,0
ASTTL3576,T3917HL0A/V11129,,DIE INSERT-B,Asset,TOOL SPARE,STORE,82074090,NOS,0,0,0
ASTTL3577,T3917HL0A/V11129,,DIE INSERT-C,Asset,TOOL SPARE,STORE,82074090,NOS,0,0,0
ASTTL3578,T3917HL0A/V11129,,PIERING PUNCH,Asset,TOOL SPARE,STORE,82074090,NOS,0,0,0
ASTTL3579,T3917HL0A/V11129,,INSERT -A,Asset,TOOL SPARE,STORE,82074090,NOS,0,0,0
ASTTL358,T1630BL0A/D01013,,BUFFER,Asset,TOOL SPARE,STORE,82074090,NOS,0,0,0
ASTTL3580,T3917HL0A/V11129,,INSERT -B,Asset,TOOL SPARE,STORE,82074090,NOS,0,0,0
ASTTL3581,T3917HL0A/V11129,,INSERT -C,Asset,TOOL SPARE,STORE,82074090,NOS,0,0,0
ASTTL3582,T5039FMOA/V11129,,PHP,Asset,TOOL SPARE,STORE,82074090,NOS,0,0,0
ASTTL3583,T4097BL0A/V11132/133,,DIE PLATE,Asset,TOOL SPARE,STORE,82074090,NOS,0,0,0
ASTTL3584,T4112BL0A/V11135,,DP,Asset,TOOL SPARE,STORE,82074090,NOS,0,0,0
ASTTL3585,T4112BL0A/V11135,,ID PUNCH,Asset,TOOL SPARE,STORE,82074090,NOS,0,0,0
ASTTL3586,T4112BL0A/V11135,,BUFFER,Asset,TOOL SPARE,STORE,82074090,NOS,0,0,0
ASTTL3587,T4112BL0A/V11135,,PUNCH,Asset,TOOL SPARE,STORE,82074090,NOS,0,0,0
ASTTL3588,T4141BL0A/V11143,,DP,Asset,TOOL SPARE,STORE,82074090,NOS,0,0,0
ASTTL3589,T4141BL0A/V11143,,ID PUNCH,Asset,TOOL SPARE,STORE,82074090,NOS,0,0,0
ASTTL359,T1630BL0A/D01013,,PUNCH,Asset,TOOL SPARE,STORE,82074090,NOS,0,0,0
ASTTL3590,T4141BL0A/V11143,,PUNCH,Asset,TOOL SPARE,STORE,82074090,NOS,0,0,0
ASTTL3591,T4141BL0A/V11143,,BUFFER,Asset,TOOL SPARE,STORE,82074090,NOS,0,0,0
ASTTL3592,T4140HL0A/V11143,,ID PUNCH,Asset,TOOL SPARE,STORE,82074090,NOS,0,0,0
ASTTL3593,T4140HL0A/V11143,,DP,Asset,TOOL SPARE,STORE,82074090,NOS,0,0,0
ASTTL3594,T4140HL0A/V11143,,GAUGE PLATE,Asset,TOOL SPARE,STORE,82074090,NOS,0,0,0
ASTTL3595,T4125BLOA/V11144,,PUNCH,Asset,TOOL SPARE,STORE,82074090,NOS,0,0,0
ASTTL3596,T4125BLOA/V11144,,BUFFER,Asset,TOOL SPARE,STORE,82074090,NOS,0,0,0
ASTTL3597,T4124DROA/V11145,,PUNCH,Asset,TOOL SPARE,STORE,82074090,NOS,0,0,0
ASTTL3598,T4124DROA/V11145,,ID PUNCH,Asset,TOOL SPARE,STORE,82074090,NOS,0,0,0
ASTTL3599,T4124DROA/V11145,,SP,Asset,TOOL SPARE,STORE,82074090,NOS,0,0,0
ASTTL36,T2219BL0A/B14003,,PHP,Asset,TOOL SPARE,STORE,82074090,NOS,0,0,0
ASTTL360,T1630BL0A/D01013,,SP,Asset,TOOL SPARE,STORE,82074090,NOS,0,0,0
ASTTL3600,T4124DROA/V11145,,BUFFER,Asset,TOOL SPARE,STORE,82074090,NOS,0,0,0
ASTTL3601,T4124DROA/V11145,,GAUGE PLATE,Asset,TOOL SPARE,STORE,82074090,NOS,0,0,0
ASTTL3602,T4126BL0A/V11146,,DP,Asset,TOOL SPARE,STORE,82074090,NOS,0,0,0
ASTTL3603,T4126BL0A/V11146,,PUNCH,Asset,TOOL SPARE,STORE,82074090,NOS,0,0,0
ASTTL3604,T4126BL0A/V11146,,BUFFER,Asset,TOOL SPARE,STORE,82074090,NOS,0,0,0
ASTTL3605,T4126BL0A/V11146,,ID PUNCH,Asset,TOOL SPARE,STORE,82074090,NOS,0,0,0
ASTTL3606,T4953SVOA/V11161,,GAUGE PLATE,Asset,TOOL SPARE,STORE,82074090,NOS,0,0,0
ASTTL3607,T1456BLOA(1C)/V14001,,DIE BUSH,Asset,TOOL SPARE,STORE,82074090,NOS,0,0,0
ASTTL3608,T1456BLOA(1C)/V14001,,PUNCH,Asset,TOOL SPARE,STORE,82074090,NOS,0,0,0
ASTTL3609,T1456BLOA(1C)/V14001,,ID PUNCH,Asset,TOOL SPARE,STORE,82074090,NOS,0,0,0
ASTTL361,T1630BL0A/D01013,,PHP,Asset,TOOL SPARE,STORE,82074090,NOS,0,0,0
ASTTL3610,T3663BLOA(2C)/V14001,,ID PUNCH,Asset,TOOL SPARE,STORE,82074090,NOS,0,0,0
ASTTL3611,T3663BLOA(2C)/V14001,,PUNCH,Asset,TOOL SPARE,STORE,82074090,NOS,0,0,0
ASTTL3612,T3663BLOA(2C)/V14001,,BUFFER,Asset,TOOL SPARE,STORE,82074090,NOS,0,0,0
ASTTL3613,T3663BLOA(2C)/V14001,,PHP,Asset,TOOL SPARE,STORE,82074090,NOS,0,0,0
ASTTL3614,T3663BLOA(2C)/V14001,,ID PHP,Asset,TOOL SPARE,STORE,82074090,NOS,0,0,0
ASTTL3615,T3663BLOA(2C)/V14001,,STRIPPER PLATE,Asset,TOOL SPARE,STORE,82074090,NOS,0,0,0
ASTTL3616,T3663BLOA(2C)/V14001,,DIE PLATE,Asset,TOOL SPARE,STORE,82074090,NOS,0,0,0
ASTTL3617,T3663BLOA(2C)/V14001,,DPBP,Asset,TOOL SPARE,STORE,82074090,NOS,0,0,0
ASTTL3618,T4385FM0A/W15095,,PUNCH-2,Asset,TOOL SPARE,STORE,82074090,NOS,0,0,0
ASTTL3619,T0451BL0A/X01303,,PUNCH,Asset,TOOL SPARE,STORE,82074090,NOS,0,0,0
ASTTL362,T1630BL0A/D01013,,PHBP,Asset,TOOL SPARE,STORE,82074090,NOS,0,0,0
ASTTL3620,T0451BL0A/X01303,,BUFFER,Asset,TOOL SPARE,STORE,82074090,NOS,0,0,0
ASTTL3621,T0452BL0A/X01304,,PUNCH,Asset,TOOL SPARE,STORE,82074090,NOS,0,0,0
ASTTL3622,T0452BL0A/X01304,,BUFFER,Asset,TOOL SPARE,STORE,82074090,NOS,0,0,0
ASTTL3623,T0452BL0A/X01304,,ID PUNCH,Asset,TOOL SPARE,STORE,82074090,NOS,0,0,0
ASTTL3624,T2036HL0A/X01304,,GAUGE PLATE,Asset,TOOL SPARE,STORE,82074090,NOS,0,0,0
ASTTL3625,T2273BL0A/X01305,,BUFFER,Asset,TOOL SPARE,STORE,82074090,NOS,0,0,0
ASTTL3626,T2273BL0A/X01305,,PUNCH,Asset,TOOL SPARE,STORE,82074090,NOS,0,0,0
ASTTL3627,T0457HL0A/X01305,,GAUGE PLATE,Asset,TOOL SPARE,STORE,82074090,NOS,0,0,0
ASTTL3628,T0458BL0A/X01306,,PUNCH,Asset,TOOL SPARE,STORE,82074090,NOS,0,0,0
ASTTL3629,T0458BL0A/X01306,,BUFFER,Asset,TOOL SPARE,STORE,82074090,NOS,0,0,0
ASTTL363,T1630BL0A/D01013,,DP,Asset,TOOL SPARE,STORE,82074090,NOS,0,0,0
ASTTL3630,T1731HL0A/X01306,,GAUGE PLATE,Asset,TOOL SPARE,STORE,82074090,NOS,0,0,0
ASTTL3631,T1302BL0A/X01307,,ID PUNCH,Asset,TOOL SPARE,STORE,82074090,NOS,0,0,0
ASTTL3632,T1302BL0A/X01307,,DIE INSERT,Asset,TOOL SPARE,STORE,82074090,NOS,0,0,0
ASTTL3633,T1302BL0A/X01307,,EJECTOR,Asset,TOOL SPARE,STORE,82074090,NOS,0,0,0
ASTTL3634,T1302BL0A/X01307,,PUNCH,Asset,TOOL SPARE,STORE,82074090,NOS,0,0,0
ASTTL3635,HOLING/X01307,,GAUGE PLATE,Asset,TOOL SPARE,STORE,82074090,NOS,0,0,0
ASTTL3636,T0462BL0A/X01308,,PUNCH,Asset,TOOL SPARE,STORE,82074090,NOS,0,0,0
ASTTL3637,T0462BL0A/X01308,,BUFFER,Asset,TOOL SPARE,STORE,82074090,NOS,0,0,0
ASTTL3638,T0462BL0A/X01308,,ID PUNCH,Asset,TOOL SPARE,STORE,82074090,NOS,0,0,0
ASTTL3639,T0489HL0A/X01308,,GUAGE PLATE,Asset,TOOL SPARE,STORE,82074090,NOS,0,0,0
ASTTL364,T3539BL0A/D01014,,PUNCH,Asset,TOOL SPARE,STORE,82074090,NOS,0,0,0
ASTTL3640,T1759HL0A/X01309,,GUAGE PLATE,Asset,TOOL SPARE,STORE,82074090,NOS,0,0,0
ASTTL3641,T1596BL0A/X01309,,PUNCH,Asset,TOOL SPARE,STORE,82074090,NOS,0,0,0
ASTTL3642,T1596BL0A/X01309,,ID PUNCH,Asset,TOOL SPARE,STORE,82074090,NOS,0,0,0
ASTTL3643,T0468BL0A/X01311,,PUNCH,Asset,TOOL SPARE,STORE,82074090,NOS,0,0,0
ASTTL3644,T1472HL0A/X01311,,GUAGE PLATE,Asset,TOOL SPARE,STORE,82074090,NOS,0,0,0
ASTTL3645,T1063BL0A/X01313,,PHP,Asset,TOOL SPARE,STORE,82074090,NOS,0,0,0
ASTTL3646,T1063BL0A/X01313,,ID PHP,Asset,TOOL SPARE,STORE,82074090,NOS,0,0,0
ASTTL3647,T1063BL0A/X01313,,DIE PLATE,Asset,TOOL SPARE,STORE,82074090,NOS,0,0,0
ASTTL3648,T1063BL0A/X01313,,PUNCH,Asset,TOOL SPARE,STORE,82074090,NOS,0,0,0
ASTTL3649,T1063BL0A/X01313,,BUFFER,Asset,TOOL SPARE,STORE,82074090,NOS,0,0,0
ASTTL365,T3539BL0A/D01014,,BUFFER,Asset,TOOL SPARE,STORE,82074090,NOS,0,0,0
ASTTL3650,T1063BL0A/X01313,,ID PUNCH,Asset,TOOL SPARE,STORE,82074090,NOS,0,0,0
ASTTL3651,T1063BL0A/X01313,,DIE INSERT,Asset,TOOL SPARE,STORE,82074090,NOS,0,0,0
ASTTL3652,T1063BL0A/X01313,,STRIPPER PLATE,Asset,TOOL SPARE,STORE,82074090,NOS,0,0,0
ASTTL3653,HLOING/X01313,,GUAGE PLATE,Asset,TOOL SPARE,STORE,82074090,NOS,0,0,0
ASTTL3654,HLOING/X01313,,PHP,Asset,TOOL SPARE,STORE,82074090,NOS,0,0,0
ASTTL3655,BLK/X01315,,GUP CUTTING PUNCH,Asset,TOOL SPARE,STORE,82074090,NOS,0,0,0
ASTTL3656,T1062BL0A/X01324,,BUFFER,Asset,TOOL SPARE,STORE,82074090,NOS,0,0,0
ASTTL3657,T1062BL0A/X01324,,PUNCH,Asset,TOOL SPARE,STORE,82074090,NOS,0,0,0
ASTTL3658,T1191BL0A/X01353,,DIE PLATE,Asset,TOOL SPARE,STORE,82074090,NOS,0,0,0
ASTTL3659,T1191BL0A/X01353,,PUNCH,Asset,TOOL SPARE,STORE,82074090,NOS,0,0,0
ASTTL366,T3539BL0A/D01014,,ID PUNCH,Asset,TOOL SPARE,STORE,82074090,NOS,0,0,0
ASTTL3660,HOLING/X01353,,GUAGE PLATE,Asset,TOOL SPARE,STORE,82074090,NOS,0,0,0
ASTTL3661,T1170BL0A/X01356,,DIE PLATE,Asset,TOOL SPARE,STORE,82074090,NOS,0,0,0
ASTTL3662,T1170BL0A/X01356,,PUNCH,Asset,TOOL SPARE,STORE,82074090,NOS,0,0,0
ASTTL3663,T1170BL0A/X01356,,BUFFER,Asset,TOOL SPARE,STORE,82074090,NOS,0,0,0
ASTTL3664,T1568BL0A/X01358,,PUNCH,Asset,TOOL SPARE,STORE,82074090,NOS,0,0,0
ASTTL3665,T2226BL0A/X01364,,PUNCH,Asset,TOOL SPARE,STORE,82074090,NOS,0,0,0
ASTTL3666,BLANKING/X01707,,DIE PLATE,Asset,TOOL SPARE,STORE,82074090,NOS,0,0,0
ASTTL3667,BLANKING/X01707,,PUNCH,Asset,TOOL SPARE,STORE,82074090,NOS,0,0,0
ASTTL3668,BLANKING/X01708,,PUNCH,Asset,TOOL SPARE,STORE,82074090,NOS,0,0,0
ASTTL3669,BLANKING/X01708,,DIE PLATE,Asset,TOOL SPARE,STORE,82074090,NOS,0,0,0
ASTTL367,T3539BL0A/D01014,,DP,Asset,TOOL SPARE,STORE,82074090,NOS,0,0,0
ASTTL3670,BLANKING/X01708,,PHP,Asset,TOOL SPARE,STORE,82074090,NOS,0,0,0
ASTTL3671,T1509BL0A/X01709,,PUNCH,Asset,TOOL SPARE,STORE,82074090,NOS,0,0,0
ASTTL3672,T1509BL0A/X01709,,BUFFER,Asset,TOOL SPARE,STORE,82074090,NOS,0,0,0
ASTTL3673,T2425FMOA/F01312,,STRIPER PLATE,Asset,TOOL SPARE,STORE,82074090,NOS,0,0,0
ASTTL3674,T2425FMOA/F01312,,PHP,Asset,TOOL SPARE,STORE,82074090,NOS,0,0,0
ASTTL3675,T2471FMOA/F01312,,PHP,Asset,TOOL SPARE,STORE,82074090,NOS,0,0,0
ASTTL3676,T2471FMOA/F01312,,BACK PLATE,Asset,TOOL SPARE,STORE,82074090,NOS,0,0,0
ASTTL3677,T2471FMOA/F01312,,TOP PLATE,Asset,TOOL SPARE,STORE,82074090,NOS,0,0,0
ASTTL3678,T4109MFOA/I04052,,PUNCH-11,Asset,TOOL SPARE,STORE,82074090,NOS,0,0,0
ASTTL3679,T4109MFOA/I04052,,STP PART 1,Asset,TOOL SPARE,STORE,82074090,NOS,0,0,0
ASTTL368,T1552BL0A/D01014,,PUNCH,Asset,TOOL SPARE,STORE,82074090,NOS,0,0,0
ASTTL3680,T4109MFOA/I04052,,STP PART 2,Asset,TOOL SPARE,STORE,82074090,NOS,0,0,0
ASTTL3681,T4109MFOA/I04052,,PHP,Asset,TOOL SPARE,STORE,82074090,NOS,0,0,0
ASTTL3682,T3042BLOA/I04093,,DIE PLATE,Asset,TOOL SPARE,STORE,82074090,NOS,0,0,0
ASTTL3683,T3042BLOA/I04093,,STRIPER PLATE,Asset,TOOL SPARE,STORE,82074090,NOS,0,0,0
ASTTL3684,T3042BLOA/I04093,,DPBP,Asset,TOOL SPARE,STORE,82074090,NOS,0,0,0
ASTTL3685,T3042BLOA/I04093,,CENTRE UPPER PUNCH,Asset,TOOL SPARE,STORE,82074090,NOS,0,0,0
ASTTL3686,T2841BLOA/I04095,,PHP,Asset,TOOL SPARE,STORE,82074090,NOS,0,0,0
ASTTL3687,T2841BLOA/I04095,,PHBP,Asset,TOOL SPARE,STORE,82074090,NOS,0,0,0
ASTTL3688,T2841BLOA/I04095,,DPBP,Asset,TOOL SPARE,STORE,82074090,NOS,0,0,0
ASTTL3689,T2841BLOA/I04095,,DIE PLATE,Asset,TOOL SPARE,STORE,82074090,NOS,0,0,0
ASTTL369,T1552BL0A/D01014,,DIE BUSH,Asset,TOOL SPARE,STORE,82074090,NOS,0,0,0
ASTTL3690,T2841BLOA/I04095,,STRIPER PLATE,Asset,TOOL SPARE,STORE,82074090,NOS,0,0,0
ASTTL3691,T2841BLOA/I04095,,DIE PLATE INSERT,Asset,TOOL SPARE,STORE,82074090,NOS,0,0,0
ASTTL3692,MFOA/I04101,,LOWER RIGHT PUNCH INSERT,Asset,TOOL SPARE,STORE,82074090,NOS,0,0,0
ASTTL3693,T4303MFOA/I04107,,U.RIGHT PUNCH INSERT,Asset,TOOL SPARE,STORE,82074090,NOS,0,0,0
ASTTL3694,T4303MFOA/I04107,,DIE PLATE,Asset,TOOL SPARE,STORE,82074090,NOS,0,0,0
ASTTL3695,T4303MFOA/I04107,,PHP,Asset,TOOL SPARE,STORE,82074090,NOS,0,0,0
ASTTL3696,T3287BLOA/I04123,,PUNCH,Asset,TOOL SPARE,STORE,82074090,NOS,0,0,0
ASTTL3697,T3930MFOA/M23026,,PUNCH,Asset,TOOL SPARE,STORE,82074090,NOS,0,0,0
ASTTL3698,T3930MFOA/M23026,,DP INSERT-1,Asset,TOOL SPARE,STORE,82074090,NOS,0,0,0
ASTTL3699,T3930MFOA/M23026,,DP INSERT-2,Asset,TOOL SPARE,STORE,82074090,NOS,0,0,0
ASTTL37,T2228FM1A/B14003,,PUNCH,Asset,TOOL SPARE,STORE,82074090,NOS,0,0,0
ASTTL370,T1552BL0A/D01014,,PIN,Asset,TOOL SPARE,STORE,82074090,NOS,0,0,0
ASTTL3700,T3965MFOA/M23027,,RH INSERT-1,Asset,TOOL SPARE,STORE,82074090,NOS,0,0,0
ASTTL3701,T3965MFOA/M23027,,RH INSERT-2,Asset,TOOL SPARE,STORE,82074090,NOS,0,0,0
ASTTL3702,T3965MFOA/M23027,,LH INSERT-1,Asset,TOOL SPARE,STORE,82074090,NOS,0,0,0
ASTTL3703,T3965MFOA/M23027,,RH PUNCH-4,Asset,TOOL SPARE,STORE,82074090,NOS,0,0,0
ASTTL3704,T3965MFOA/M23027,,PUNCH-3,Asset,TOOL SPARE,STORE,82074090,NOS,0,0,0
ASTTL3705,T3965MFOA/M23027,,PUNCH-4,Asset,TOOL SPARE,STORE,82074090,NOS,0,0,0
ASTTL3706,T3965MFOA/M23027,,PUNCH-1,Asset,TOOL SPARE,STORE,82074090,NOS,0,0,0
ASTTL3707,MFOA/N12019,,DIE PLATE,Asset,TOOL SPARE,STORE,82074090,NOS,0,0,0
ASTTL3708,MFOA/N12019,,DPBP,Asset,TOOL SPARE,STORE,82074090,NOS,0,0,0
ASTTL3709,CNC/N12035,,DIE PLATE,Asset,TOOL SPARE,STORE,82074090,NOS,0,0,0
ASTTL371,T1088BL0A/D01016,,PUNCH,Asset,TOOL SPARE,STORE,82074090,NOS,0,0,0
ASTTL3710,T4242/N12005,,TOP INSERT-3,Asset,TOOL SPARE,STORE,82074090,NOS,0,0,0
ASTTL3711,T4213FMOA/R17002,,DPBP,Asset,TOOL SPARE,STORE,82074090,NOS,0,0,0
ASTTL3712,T3996MFOA/R17004,,GUIDE BLOCK,Asset,TOOL SPARE,STORE,82074090,NOS,0,0,0
ASTTL3713,T3996MFOA/R17004,,CUTTING PUNCH,Asset,TOOL SPARE,STORE,82074090,NOS,0,0,0
ASTTL3714,T3996MFOA/R17004,,DIE PLATE,Asset,TOOL SPARE,STORE,82074090,NOS,0,0,0
ASTTL3715,T4227MFOA/R17013,,PUNCH,Asset,TOOL SPARE,STORE,82074090,NOS,0,0,0
ASTTL3716,T4227MFOA/R17013,,PUNCH-1,Asset,TOOL SPARE,STORE,82074090,NOS,0,0,0
ASTTL3717,T4058MFOA/R17013,,DIE PLATE,Asset,TOOL SPARE,STORE,82074090,NOS,0,0,0
ASTTL3718,T4058MFOA/R17013,,CAM-2,Asset,TOOL SPARE,STORE,82074090,NOS,0,0,0
ASTTL3719,T4058MFOA/R17013,,CAM,Asset,TOOL SPARE,STORE,82074090,NOS,0,0,0
ASTTL372,T1088BL0A/D01016,,DP,Asset,TOOL SPARE,STORE,82074090,NOS,0,0,0
ASTTL3720,T4058MFOA/R17013,,PUNCH,Asset,TOOL SPARE,STORE,82074090,NOS,0,0,0
ASTTL3721,T4040MFOA/R17014,,DIE PLATE,Asset,TOOL SPARE,STORE,82074090,NOS,0,0,0
ASTTL3722,T4192MFOA/R17079,,MANDRILL INSERT,Asset,TOOL SPARE,STORE,82074090,NOS,0,0,0
ASTTL3723,T3939MFOA/S06008,,BUFFER,Asset,TOOL SPARE,STORE,82074090,NOS,0,0,0
ASTTL3724,T3939MFOA/S06008,,PILLAR BUSH,Asset,TOOL SPARE,STORE,82074090,NOS,0,0,0
ASTTL3725,T4287MFOA/V11016,,PHP,Asset,TOOL SPARE,STORE,82074090,NOS,0,0,0
ASTTL3726,T4287MFOA/V11016,,DP INSERT,Asset,TOOL SPARE,STORE,82074090,NOS,0,0,0
ASTTL3727,T4287MFOA/V11016,,DIE PLATE,Asset,TOOL SPARE,STORE,82074090,NOS,0,0,0
ASTTL3728,T4225MFOA/V11023,,DIE PLATE,Asset,TOOL SPARE,STORE,82074090,NOS,0,0,0
ASTTL3729,T4225MFOA/V11023,,STRIPER PLATE,Asset,TOOL SPARE,STORE,82074090,NOS,0,0,0
ASTTL373,T1088BL0A/D01016,,PHP,Asset,TOOL SPARE,STORE,82074090,NOS,0,0,0
ASTTL3730,T4225MFOA/V11023,,PHP,Asset,TOOL SPARE,STORE,82074090,NOS,0,0,0
ASTTL3731,T4225MFOA/V11023,,PUNCH,Asset,TOOL SPARE,STORE,82074090,NOS,0,0,0
ASTTL374,T1251CU0A/D01016,,PUNCH,Asset,TOOL SPARE,STORE,82074090,NOS,0,0,0
ASTTL375,T1251CU0A/D01016,,OD LOCATOR,Asset,TOOL SPARE,STORE,82074090,NOS,0,0,0
ASTTL376,T1251CU0A/D01016,,DIE INSERT,Asset,TOOL SPARE,STORE,82074090,NOS,0,0,0
ASTTL377,T1251CU0A/D01016,,SP,Asset,TOOL SPARE,STORE,82074090,NOS,0,0,0
ASTTL378,T1251CU0A/D01016,,PHP,Asset,TOOL SPARE,STORE,82074090,NOS,0,0,0
ASTTL379,T1251CU0A/D01016,,DP,Asset,TOOL SPARE,STORE,82074090,NOS,0,0,0
ASTTL38,T2228FM1A/B14003,,DP,Asset,TOOL SPARE,STORE,82074090,NOS,0,0,0
ASTTL380,T1251CU0A/D01016,,ID CUTTING DP,Asset,TOOL SPARE,STORE,82074090,NOS,0,0,0
ASTTL381,T1622BL0A/D01016,,DP,Asset,TOOL SPARE,STORE,82074090,NOS,0,0,0
ASTTL382,T1104HL0A/D01016,,DP,Asset,TOOL SPARE,STORE,82074090,NOS,0,0,0
ASTTL383,T1670 HLOA/D01016,,DIE PIATE,Asset,TOOL SPARE,STORE,82074090,NOS,0,0,0
ASTTL384,T1031BL0A/D01017,,PUNCH,Asset,TOOL SPARE,STORE,82074090,NOS,0,0,0
ASTTL385,T1031BL0A/D01017,,PHP,Asset,TOOL SPARE,STORE,82074090,NOS,0,0,0
ASTTL386,T1031BL0A/D01017,,DP,Asset,TOOL SPARE,STORE,82074090,NOS,0,0,0
ASTTL387,T1031BL0A/D01017,,ID PHP,Asset,TOOL SPARE,STORE,82074090,NOS,0,0,0
ASTTL388,T1031BL0A/D01017,,SP,Asset,TOOL SPARE,STORE,82074090,NOS,0,0,0
ASTTL389,T1031BL0A/D01017,,BUFFER,Asset,TOOL SPARE,STORE,82074090,NOS,0,0,0
ASTTL39,T2217FM2A/B14003,,PUNCH,Asset,TOOL SPARE,STORE,82074090,NOS,0,0,0
ASTTL390,T1237FM0A/D01017,,PUNCH,Asset,TOOL SPARE,STORE,82074090,NOS,0,0,0
ASTTL391,T1237FM0A/D01017,,BUFFER,Asset,TOOL SPARE,STORE,82074090,NOS,0,0,0
ASTTL392,T2194BL0A/D01018,,DIE PLATE,Asset,TOOL SPARE,STORE,82074090,NOS,0,0,0
ASTTL393,T2194BL0A/D01018,,PHP,Asset,TOOL SPARE,STORE,82074090,NOS,0,0,0
ASTTL394,T2194BL0A/D01018,,ID PHP,Asset,TOOL SPARE,STORE,82074090,NOS,0,0,0
ASTTL395,T2194BL0A/D01018,,STRIPPER PLATE,Asset,TOOL SPARE,STORE,82074090,NOS,0,0,0
ASTTL396,T2194BL0A/D01018,,PUNCH,Asset,TOOL SPARE,STORE,82074090,NOS,0,0,0
ASTTL397,T2194BL0A/D01018,,ID PUNCH,Asset,TOOL SPARE,STORE,82074090,NOS,0,0,0
ASTTL398,T2194BL0A/D01018,,BUFFER,Asset,TOOL SPARE,STORE,82074090,NOS,0,0,0
ASTTL399,T1482 BLOA/D01018,,DIE PLATE,Asset,TOOL SPARE,STORE,82074090,NOS,0,0,0
ASTTL4,BLANKING/B01048,,ID PUNCH,Asset,TOOL SPARE,STORE,82074090,NOS,0,0,0
ASTTL40,T2219BL0A/B14004,,BUFFER,Asset,TOOL SPARE,STORE,82074090,NOS,0,0,0
ASTTL400,T1482 BLOA/D01018,,STIPPER PLATE,Asset,TOOL SPARE,STORE,82074090,NOS,0,0,0
ASTTL401,T1482 BLOA/D01018,,PHP,Asset,TOOL SPARE,STORE,82074090,NOS,0,0,0
ASTTL402,T1229BL0A/D01020,,PUNCH,Asset,TOOL SPARE,STORE,82074090,NOS,0,0,0
ASTTL403,T1492BL0A/D01025,,PUNCH,Asset,TOOL SPARE,STORE,82074090,NOS,0,0,0
ASTTL404,T1492BL0A/D01025,,BUFFER,Asset,TOOL SPARE,STORE,82074090,NOS,0,0,0
ASTTL405,T4288 BLOA/D01025,,PUNCH,Asset,TOOL SPARE,STORE,82074090,NOS,0,0,0
ASTTL406,T1402 BLOA/D01025,,ID PUNCH,Asset,TOOL SPARE,STORE,82074090,NOS,0,0,0
ASTTL407,T1010BL0A/D01026,,PUNCH,Asset,TOOL SPARE,STORE,82074090,NOS,0,0,0
ASTTL408,T1239BL0A/D01027,,DP,Asset,TOOL SPARE,STORE,82074090,NOS,0,0,0
ASTTL409,T1239BL0A/D01027,,PUNCH,Asset,TOOL SPARE,STORE,82074090,NOS,0,0,0
ASTTL41,T2219BL0A/B14004,,PUNCH,Asset,TOOL SPARE,STORE,82074090,NOS,0,0,0
ASTTL410,T1239BL0A/D01027,,BUFFER,Asset,TOOL SPARE,STORE,82074090,NOS,0,0,0
ASTTL411,T1139 BLOA/D01027,,DIE PLATE,Asset,TOOL SPARE,STORE,82074090,NOS,0,0,0
ASTTL412,T1490BL0A/D01028,,PUNCH,Asset,TOOL SPARE,STORE,82074090,NOS,0,0,0
ASTTL413,T1490BL0A/D01028,,BUFFER,Asset,TOOL SPARE,STORE,82074090,NOS,0,0,0
ASTTL414,T1490BL0A/D01028,,DIE INSERT,Asset,TOOL SPARE,STORE,82074090,NOS,0,0,0
ASTTL415,T1490BL0A/D01028,,ID PUNCH,Asset,TOOL SPARE,STORE,82074090,NOS,0,0,0
ASTTL416,T1490BL0A/D01028,,DP,Asset,TOOL SPARE,STORE,82074090,NOS,0,0,0
ASTTL417,T1490BL0A/D01028,,PHP,Asset,TOOL SPARE,STORE,82074090,NOS,0,0,0
ASTTL418,T1490BL0A/D01028,,ID PHP,Asset,TOOL SPARE,STORE,82074090,NOS,0,0,0
ASTTL419,T1491BL0A/D01029,,STRIPPER PLATE,Asset,TOOL SPARE,STORE,82074090,NOS,0,0,0
ASTTL42,T2219BL0A/B14004,,ID PUNCH,Asset,TOOL SPARE,STORE,82074090,NOS,0,0,0
ASTTL420,T1491BL0A/D01029,,ID PUNCH,Asset,TOOL SPARE,STORE,82074090,NOS,0,0,0
ASTTL421,T1491BL0A/D01029,,DIE PLATE,Asset,TOOL SPARE,STORE,82074090,NOS,0,0,0
ASTTL422,T01029 BLOA/D01029,,DIE INSERT,Asset,TOOL SPARE,STORE,82074090,NOS,0,0,0
ASTTL423,T1230BL0A/D01031,,STIPPER PLATE,Asset,TOOL SPARE,STORE,82074090,NOS,0,0,0
ASTTL424,T1630 BLOA/D01031,,PUNCH,Asset,TOOL SPARE,STORE,82074090,NOS,0,0,0
ASTTL425,T1220BL0A/D01032,,PUNCH,Asset,TOOL SPARE,STORE,82074090,NOS,0,0,0
ASTTL426,T1232BL0A/D01033,,ID PUNCH,Asset,TOOL SPARE,STORE,82074090,NOS,0,0,0
ASTTL427,T1232BL0A/D01033,,BUFFER,Asset,TOOL SPARE,STORE,82074090,NOS,0,0,0
ASTTL428,T1232BL0A/D01033,,DIE INSERT,Asset,TOOL SPARE,STORE,82074090,NOS,0,0,0
ASTTL429,T1232BL0A/D01033,,EJECTOR PIN,Asset,TOOL SPARE,STORE,82074090,NOS,0,0,0
ASTTL43,T2219BL0A/B14004,,PHP,Asset,TOOL SPARE,STORE,82074090,NOS,0,0,0
ASTTL430,T1232BL0A/D01033,,SP,Asset,TOOL SPARE,STORE,82074090,NOS,0,0,0
ASTTL431,T1232BL0A/D01033,,ID PHP,Asset,TOOL SPARE,STORE,82074090,NOS,0,0,0
ASTTL432,T1232BL0A/D01033,,DP,Asset,TOOL SPARE,STORE,82074090,NOS,0,0,0
ASTTL433,T1227FM0A/D01033,,SP,Asset,TOOL SPARE,STORE,82074090,NOS,0,0,0
ASTTL434,T1227FM0A/D01033,,ID PHP,Asset,TOOL SPARE,STORE,82074090,NOS,0,0,0
ASTTL435,T1227FM0A/D01033,,PHP,Asset,TOOL SPARE,STORE,82074090,NOS,0,0,0
ASTTL436,T1484FM0A/D01034,,TOP PUNCH,Asset,TOOL SPARE,STORE,82074090,NOS,0,0,0
ASTTL437,T1484FM0A/D01034,,BOTTOM PUNCH,Asset,TOOL SPARE,STORE,82074090,NOS,0,0,0
ASTTL438,T1402BL0A/D01036,,PUNCH,Asset,TOOL SPARE,STORE,82074090,NOS,0,0,0
ASTTL439,T1402BL0A/D01036,,BUFFER,Asset,TOOL SPARE,STORE,82074090,NOS,0,0,0
ASTTL44,T2219BL0A/B14004,,SP,Asset,TOOL SPARE,STORE,82074090,NOS,0,0,0
ASTTL440,T1402BL0A/D01036,,ID PUNCH,Asset,TOOL SPARE,STORE,82074090,NOS,0,0,0
ASTTL441,T1402BL0A/D01036,,UPPER PUNCH,Asset,TOOL SPARE,STORE,82074090,NOS,0,0,0
ASTTL442,T1402BL0A/D01036,,LOWAR PUNCH,Asset,TOOL SPARE,STORE,82074090,NOS,0,0,0
ASTTL443,T1402BL0A/D01036,,DP,Asset,TOOL SPARE,STORE,82074090,NOS,0,0,0
ASTTL444,FM0A/D01037,,ID PHP,Asset,TOOL SPARE,STORE,82074090,NOS,0,0,0
ASTTL445,T1889BL0A/D01038,,ID PUNCH,Asset,TOOL SPARE,STORE,82074090,NOS,0,0,0
ASTTL446,T2004BL0A/D01039,,BUFFER,Asset,TOOL SPARE,STORE,82074090,NOS,0,0,0
ASTTL447,T2004BL0A/D01039,,ID PUCH,Asset,TOOL SPARE,STORE,82074090,NOS,0,0,0
ASTTL448,T2004BL0A/D01039,,PUNCH,Asset,TOOL SPARE,STORE,82074090,NOS,0,0,0
ASTTL449,T2004BL0A/D01039,,ID PHP,Asset,TOOL SPARE,STORE,82074090,NOS,0,0,0
ASTTL45,T2219BL0A/B14004,,IDPHP,Asset,TOOL SPARE,STORE,82074090,NOS,0,0,0
ASTTL450,T2004BL0A/D01039,,DP,Asset,TOOL SPARE,STORE,82074090,NOS,0,0,0
ASTTL451,T2004BL0A/D01039,,SP,Asset,TOOL SPARE,STORE,82074090,NOS,0,0,0
ASTTL452,T2004BL0A/D01039,,PHP,Asset,TOOL SPARE,STORE,82074090,NOS,0,0,0
ASTTL453,T2019FM0A/D01042,,ID PUNCH,Asset,TOOL SPARE,STORE,82074090,NOS,0,0,0
ASTTL454,T2365BL0A/D01043,,STRIPPER PLATE,Asset,TOOL SPARE,STORE,82074090,NOS,0,0,0
ASTTL455,T2365BL0A/D01043,,DIE PLATE,Asset,TOOL SPARE,STORE,82074090,NOS,0,0,0
ASTTL456,T2365BL0A/D01043,,BUFFER,Asset,TOOL SPARE,STORE,82074090,NOS,0,0,0
ASTTL457,T2365BL0A/D01043,,PUNCH,Asset,TOOL SPARE,STORE,82074090,NOS,0,0,0
ASTTL458,T2365BL0A/D01043,,ID PUNCH,Asset,TOOL SPARE,STORE,82074090,NOS,0,0,0
ASTTL459,T2365BL0A/D01043,,SP,Asset,TOOL SPARE,STORE,82074090,NOS,0,0,0
ASTTL46,T2219BL0A/B14004,,DP,Asset,TOOL SPARE,STORE,82074090,NOS,0,0,0
ASTTL460,T2386FM0A/D01044,,UPPER PUNCH,Asset,TOOL SPARE,STORE,82074090,NOS,0,0,0
ASTTL461,T2386FM0A/D01044,,LOWAR PUNCH,Asset,TOOL SPARE,STORE,82074090,NOS,0,0,0
ASTTL462,T2440FM0A/D01045,,ID PUNCH,Asset,TOOL SPARE,STORE,82074090,NOS,0,0,0
ASTTL463,T2440FM0A/D01045,,BUFFER INSERT,Asset,TOOL SPARE,STORE,82074090,NOS,0,0,0
ASTTL464,T2430FM0A/D01046,,UPPRE PUNCH,Asset,TOOL SPARE,STORE,82074090,NOS,0,0,0
ASTTL465,T2430FM0A/D01046,,LOWAR PUNCH,Asset,TOOL SPARE,STORE,82074090,NOS,0,0,0
ASTTL466,T4166PR0A/D14001,,SLOT PIN INSERT,Asset,TOOL SPARE,STORE,82074090,NOS,0,0,0
ASTTL467,T4166PR0A/D14001,,CORPPING PUNCH,Asset,TOOL SPARE,STORE,82074090,NOS,0,0,0
ASTTL468,T4166PR0A/D14001,,BUSH,Asset,TOOL SPARE,STORE,82074090,NOS,0,0,0
ASTTL469,T4166PR0A/D14001,,CUTTING PUNCH,Asset,TOOL SPARE,STORE,82074090,NOS,0,0,0
ASTTL47,T2627FM2A/B14004,,PUNCH,Asset,TOOL SPARE,STORE,82074090,NOS,0,0,0
ASTTL470,T4166PR0A/D14001,,SLOT PUNCH,Asset,TOOL SPARE,STORE,82074090,NOS,0,0,0
ASTTL471,T4166PR0A/D14001,,PIERCING PUNCH,Asset,TOOL SPARE,STORE,82074090,NOS,0,0,0
ASTTL472,T4166PR0A/D14001,,PILAT PIN,Asset,TOOL SPARE,STORE,82074090,NOS,0,0,0
ASTTL473,T4166PR0A/D14001,,SHEARING PUNCH,Asset,TOOL SPARE,STORE,82074090,NOS,0,0,0
ASTTL474,T4374FM0A/R22003,,MANDREL,Asset,TOOL SPARE,STORE,82074090,NOS,0,0,0
ASTTL475,T4163BLOA/D17001,,BUFFER,Asset,TOOL SPARE,STORE,82074090,NOS,0,0,0
ASTTL476,T4008BL0A/E18016,,PUNCH,Asset,TOOL SPARE,STORE,82074090,NOS,0,0,0
ASTTL477,T4008BL0A/E18016,,ID PUNCH,Asset,TOOL SPARE,STORE,82074090,NOS,0,0,0
ASTTL478,T4008BL0A/E18016,,BUFFER,Asset,TOOL SPARE,STORE,82074090,NOS,0,0,0
ASTTL479,T4008BL0A/E18016,,DIE PLATE,Asset,TOOL SPARE,STORE,82074090,NOS,0,0,0
ASTTL48,T2627FM2A/B14004,,BUFFER,Asset,TOOL SPARE,STORE,82074090,NOS,0,0,0
ASTTL480,T4008BL0A/E18016,,PHP,Asset,TOOL SPARE,STORE,82074090,NOS,0,0,0
ASTTL481,T3218BLOA/F01006,,PUNCH,Asset,TOOL SPARE,STORE,82074090,NOS,0,0,0
ASTTL482,T2001BL0A/F01007,,PUNCH,Asset,TOOL SPARE,STORE,82074090,NOS,0,0,0
ASTTL483,T2001BL0A/F01007,,DIE PLATE,Asset,TOOL SPARE,STORE,82074090,NOS,0,0,0
ASTTL484,T2001BL0A/F01007,,BUFFER,Asset,TOOL SPARE,STORE,82074090,NOS,0,0,0
ASTTL485,T2001BL0A/F01007,,ID PUNCH,Asset,TOOL SPARE,STORE,82074090,NOS,0,0,0
ASTTL486,T2001BL0A/F01007,,ID PHP,Asset,TOOL SPARE,STORE,82074090,NOS,0,0,0
ASTTL487,T2001BL0A/F01007,,PHP,Asset,TOOL SPARE,STORE,82074090,NOS,0,0,0
ASTTL488,T2001BL0A/F01007,,STRIPPER PLATE,Asset,TOOL SPARE,STORE,82074090,NOS,0,0,0
ASTTL489,T2100BL0A/F01007,,ID PUNCH,Asset,TOOL SPARE,STORE,82074090,NOS,0,0,0
ASTTL49,T2627FM2A/B14004,,ID ARROW PUNCH,Asset,TOOL SPARE,STORE,82074090,NOS,0,0,0
ASTTL490,T1472BLOA/F01007,,LOWER PUNCH,Asset,TOOL SPARE,STORE,82074090,NOS,0,0,0
ASTTL491,T1482BLOA/F01007,,BUFFER,Asset,TOOL SPARE,STORE,82074090,NOS,0,0,0
ASTTL492,T1482BLOA/F01007,,PUNCH,Asset,TOOL SPARE,STORE,82074090,NOS,0,0,0
ASTTL493,T1482BLOA/F01007,,DIE BUSH,Asset,TOOL SPARE,STORE,82074090,NOS,0,0,0
ASTTL494,T1482BLOA/F01007,,DP,Asset,TOOL SPARE,STORE,82074090,NOS,0,0,0
ASTTL495,T1482BLOA/F01007,,BOTTOM,Asset,TOOL SPARE,STORE,82074090,NOS,0,0,0
ASTTL496,T1068BL0A/F01009,,PUNCH,Asset,TOOL SPARE,STORE,82074090,NOS,0,0,0
ASTTL497,T1068BL0A/F01009,,ID PUNCH,Asset,TOOL SPARE,STORE,82074090,NOS,0,0,0
ASTTL498,T1294BLOA/F01009,,DISC WASHER PUNCH,Asset,TOOL SPARE,STORE,82074090,NOS,0,0,0
ASTTL499,T1372BL0A/F01010,,PUNCH,Asset,TOOL SPARE,STORE,82074090,NOS,0,0,0
ASTTL5,BLANKING/B01048,,BUFFER,Asset,TOOL SPARE,STORE,82074090,NOS,0,0,0
ASTTL50,T2627FM2A/B14004,,BUFFER INSERT,Asset,TOOL SPARE,STORE,82074090,NOS,0,0,0
ASTTL500,T1372BL0A/F01010,,ID PUNCH,Asset,TOOL SPARE,STORE,82074090,NOS,0,0,0
ASTTL501,T1372BL0A/F01010,,BUFFER,Asset,TOOL SPARE,STORE,82074090,NOS,0,0,0
ASTTL502,T1372BL0A/F01010,,ID PHP,Asset,TOOL SPARE,STORE,82074090,NOS,0,0,0
ASTTL503,T1372BL0A/F01010,,DP,Asset,TOOL SPARE,STORE,82074090,NOS,0,0,0
ASTTL504,T2188BL0A/F01010,,PUNCH,Asset,TOOL SPARE,STORE,82074090,NOS,0,0,0
ASTTL505,T2188BL0A/F01010,,BUFFER,Asset,TOOL SPARE,STORE,82074090,NOS,0,0,0
ASTTL506,T2135BL0A/F01010,,ID PUNCH,Asset,TOOL SPARE,STORE,82074090,NOS,0,0,0
ASTTL507,T2135BL0A/F01010,,ID PUNCH (OLD),Asset,TOOL SPARE,STORE,82074090,NOS,0,0,0
ASTTL508,T2135BL0A/F01010,,PUNCH,Asset,TOOL SPARE,STORE,82074090,NOS,0,0,0
ASTTL509,T2135BL0A/F01010,,DIE INSERT,Asset,TOOL SPARE,STORE,82074090,NOS,0,0,0
ASTTL51,T2627FM2A/B14004,,EJECTOR PUNCH,Asset,TOOL SPARE,STORE,82074090,NOS,0,0,0
ASTTL510,T2135BL0A/F01010,,PHP,Asset,TOOL SPARE,STORE,82074090,NOS,0,0,0
ASTTL511,T2135BL0A/F01010,,DIE BUTTON,Asset,TOOL SPARE,STORE,82074090,NOS,0,0,0
ASTTL512,T2135BL0A/F01010,,SP,Asset,TOOL SPARE,STORE,82074090,NOS,0,0,0
ASTTL513,T2135BL0A/F01010,,DIE PLATE,Asset,TOOL SPARE,STORE,82074090,NOS,0,0,0
ASTTL514,T2135BL0A/F01010,,BUSH,Asset,TOOL SPARE,STORE,82074090,NOS,0,0,0
ASTTL515,T3218BL0A/F01010,,PUNCH,Asset,TOOL SPARE,STORE,82074090,NOS,0,0,0
ASTTL516,T3617BLOA/F01010,,ID PUNCH,Asset,TOOL SPARE,STORE,82074090,NOS,0,0,0
ASTTL517,T1341 FMOA/F01010,,UPPER PUNCH H P,Asset,TOOL SPARE,STORE,82074090,NOS,0,0,0
ASTTL518,T1499BL0A/F01012,,BUFFER,Asset,TOOL SPARE,STORE,82074090,NOS,0,0,0
ASTTL519,T1499BL0A/F01012,,DIE BUSH,Asset,TOOL SPARE,STORE,82074090,NOS,0,0,0
ASTTL52,T2627FM2A/B14004,,DP,Asset,TOOL SPARE,STORE,82074090,NOS,0,0,0
ASTTL520,T1499BL0A/F01012,,PUNCH,Asset,TOOL SPARE,STORE,82074090,NOS,0,0,0
ASTTL521,T1866BL0A/F01013,,ID PUNCH,Asset,TOOL SPARE,STORE,82074090,NOS,0,0,0
ASTTL522,T1866BL0A/F01013,,DP,Asset,TOOL SPARE,STORE,82074090,NOS,0,0,0
ASTTL523,T1866BL0A/F01013,,PUNCH,Asset,TOOL SPARE,STORE,82074090,NOS,0,0,0
ASTTL524,T1866BL0A/F01013,,BUFFER,Asset,TOOL SPARE,STORE,82074090,NOS,0,0,0
ASTTL525,T1866BL0A/F01013,,IDPHP,Asset,TOOL SPARE,STORE,82074090,NOS,0,0,0
ASTTL526,T1866BL0A/F01013,,STRIPPER PLATE,Asset,TOOL SPARE,STORE,82074090,NOS,0,0,0
ASTTL527,T1661BL0A/F01013,,DIE BUSH,Asset,TOOL SPARE,STORE,82074090,NOS,0,0,0
ASTTL528,T1661BL0A/F01013,,ID PUNCH,Asset,TOOL SPARE,STORE,82074090,NOS,0,0,0
ASTTL529,T1661BL0A/F01013,,BUFFER,Asset,TOOL SPARE,STORE,82074090,NOS,0,0,0
ASTTL53,T2627FM2A/B14004,,ID PHP,Asset,TOOL SPARE,STORE,82074090,NOS,0,0,0
ASTTL530,T1666BLOA/F01013,,PUNCH,Asset,TOOL SPARE,STORE,82074090,NOS,0,0,0
ASTTL531,T1660BL0A/F01014,,PUNCH,Asset,TOOL SPARE,STORE,82074090,NOS,0,0,0
ASTTL532,T1660BL0A/F01014,,ID PUNCH,Asset,TOOL SPARE,STORE,82074090,NOS,0,0,0
ASTTL533,T1660BL0A/F01014,,BUFFER,Asset,TOOL SPARE,STORE,82074090,NOS,0,0,0
ASTTL534,T1660BL0A/F01014,,DIE BUSH,Asset,TOOL SPARE,STORE,82074090,NOS,0,0,0
ASTTL535,T1428BL0A/F01014,,DP,Asset,TOOL SPARE,STORE,82074090,NOS,0,0,0
ASTTL536,T2058FM0A/F01014,,DP,Asset,TOOL SPARE,STORE,82074090,NOS,0,0,0
ASTTL537,T1690BL0A/F01015,,PUNCH,Asset,TOOL SPARE,STORE,82074090,NOS,0,0,0
ASTTL538,T1690BL0A/F01015,,ID PUNCH,Asset,TOOL SPARE,STORE,82074090,NOS,0,0,0
ASTTL539,T1688FM0A/F01016,,BOTTOM PLATE,Asset,TOOL SPARE,STORE,82074090,NOS,0,0,0
ASTTL54,T2627FM2A/B14004,,PHP,Asset,TOOL SPARE,STORE,82074090,NOS,0,0,0
ASTTL540,T1688FM0A/F01016,,TOP PLATE,Asset,TOOL SPARE,STORE,82074090,NOS,0,0,0
ASTTL541,T1688FM0A/F01016,,DIE PLATE,Asset,TOOL SPARE,STORE,82074090,NOS,0,0,0
ASTTL542,T1688FM0A/F01016,,BP,Asset,TOOL SPARE,STORE,82074090,NOS,0,0,0
ASTTL543,T1688FM0A/F01016,,DPBP,Asset,TOOL SPARE,STORE,82074090,NOS,0,0,0
ASTTL544,T1688FM0A/F01016,,PHP,Asset,TOOL SPARE,STORE,82074090,NOS,0,0,0
ASTTL545,T1688FM0A/F01016,,PUNCH,Asset,TOOL SPARE,STORE,82074090,NOS,0,0,0
ASTTL546,T1688FM0A/F01016,,PUNCH INSERT,Asset,TOOL SPARE,STORE,82074090,NOS,0,0,0
ASTTL547,T1688FM0A/F01016,,BUFFER,Asset,TOOL SPARE,STORE,82074090,NOS,0,0,0
ASTTL548,T1341 FMOA/F01016,,UPHP,Asset,TOOL SPARE,STORE,82074090,NOS,0,0,0
ASTTL549,T3625BLOA/F01016,,DIE PLATE,Asset,TOOL SPARE,STORE,82074090,NOS,0,0,0
ASTTL55,T2241BL0A/B14005/23,,DP,Asset,TOOL SPARE,STORE,82074090,NOS,0,0,0
ASTTL550,T3625BLOA/F01016,,PHBP,Asset,TOOL SPARE,STORE,82074090,NOS,0,0,0
ASTTL551,T3625BLOA/F01016,,PHPH,Asset,TOOL SPARE,STORE,82074090,NOS,0,0,0
ASTTL552,T3625BLOA/F01016,,ID PIN,Asset,TOOL SPARE,STORE,82074090,NOS,0,0,0
ASTTL553,T4155BLOA/F01016,,BUFFER,Asset,TOOL SPARE,STORE,82074090,NOS,0,0,0
ASTTL554,T1694 BLOA/F01016,,DP,Asset,TOOL SPARE,STORE,82074090,NOS,0,0,0
ASTTL555,T1694 BLOA/F01016,,ID PHP,Asset,TOOL SPARE,STORE,82074090,NOS,0,0,0
ASTTL556,T1694 BLOA/F01016,,PHP,Asset,TOOL SPARE,STORE,82074090,NOS,0,0,0
ASTTL557,T1694 BLOA/F01016,,DP 2C,Asset,TOOL SPARE,STORE,82074090,NOS,0,0,0
ASTTL558,T1694 BLOA/F01016,,PHP 2C,Asset,TOOL SPARE,STORE,82074090,NOS,0,0,0
ASTTL559,T1694 BLOA/F01016,,PBP,Asset,TOOL SPARE,STORE,82074090,NOS,0,0,0
ASTTL56,T2231FM1A/B14005/23,,PUNCH INSERT,Asset,TOOL SPARE,STORE,82074090,NOS,0,0,0
ASTTL560,T1694 BLOA/F01016,,INSERT,Asset,TOOL SPARE,STORE,82074090,NOS,0,0,0
ASTTL561,T1694 BLOA/F01016,,PUNCH INSERT,Asset,TOOL SPARE,STORE,82074090,NOS,0,0,0
ASTTL562,T1694 BLOA/F01016,,BUFFER INSERT,Asset,TOOL SPARE,STORE,82074090,NOS,0,0,0
ASTTL563,T1694 BLOA/F01016,,PUNCH,Asset,TOOL SPARE,STORE,82074090,NOS,0,0,0
ASTTL564,T1694 BLOA/F01016,,ID PIN,Asset,TOOL SPARE,STORE,82074090,NOS,0,0,0
ASTTL565,T2115BL0B(2C)/F01017,,BUFFER,Asset,TOOL SPARE,STORE,82074090,NOS,0,0,0
ASTTL566,T2115BL0B(2C)/F01017,,PHP,Asset,TOOL SPARE,STORE,82074090,NOS,0,0,0
ASTTL567,T2115BL0B(2C)/F01017,,ID PHP,Asset,TOOL SPARE,STORE,82074090,NOS,0,0,0
ASTTL568,T2115BL0B(2C)/F01017,,DIE PLATE,Asset,TOOL SPARE,STORE,82074090,NOS,0,0,0
ASTTL569,T2115BL0B(2C)/F01017,,ID PIN,Asset,TOOL SPARE,STORE,82074090,NOS,0,0,0
ASTTL57,T2231FM1A/B14005/23,,PUNCH,Asset,TOOL SPARE,STORE,82074090,NOS,0,0,0
ASTTL570,T1716BL0A/F01017,,DP,Asset,TOOL SPARE,STORE,82074090,NOS,0,0,0
ASTTL571,T1716BL0A/F01017,,PHP,Asset,TOOL SPARE,STORE,82074090,NOS,0,0,0
ASTTL572,T1716BL0A/F01017,,ID PHP,Asset,TOOL SPARE,STORE,82074090,NOS,0,0,0
ASTTL573,T1716BL0A/F01017,,SP,Asset,TOOL SPARE,STORE,82074090,NOS,0,0,0
ASTTL574,T2277BL0A/F01019,,ID PUNCH,Asset,TOOL SPARE,STORE,82074090,NOS,0,0,0
ASTTL575,T2277BL0A/F01019,,DP,Asset,TOOL SPARE,STORE,82074090,NOS,0,0,0
ASTTL576,T2277BL0A/F01019,,BUFFER,Asset,TOOL SPARE,STORE,82074090,NOS,0,0,0
ASTTL577,T2277BL0A/F01019,,PUNCH,Asset,TOOL SPARE,STORE,82074090,NOS,0,0,0
ASTTL578,T1780BL0A/F01020,,BUFFER,Asset,TOOL SPARE,STORE,82074090,NOS,0,0,0
ASTTL579,T1780BL0A/F01020,,DP,Asset,TOOL SPARE,STORE,82074090,NOS,0,0,0
ASTTL58,T2231FM1A/B14005/23,,SLIDING BLOCK,Asset,TOOL SPARE,STORE,82074090,NOS,0,0,0
ASTTL580,T1780BL0A/F01020,,ID PUNCH,Asset,TOOL SPARE,STORE,82074090,NOS,0,0,0
ASTTL581,T1780BL0A/F01020,,PUNCH,Asset,TOOL SPARE,STORE,82074090,NOS,0,0,0
ASTTL582,T1778FM0A/F01020,,PUNCH,Asset,TOOL SPARE,STORE,82074090,NOS,0,0,0
ASTTL583,T1778FM0A/F01020,,TOP PUNCH,Asset,TOOL SPARE,STORE,82074090,NOS,0,0,0
ASTTL584,T1818FM0A/F01021,,PUNCH INSERT,Asset,TOOL SPARE,STORE,82074090,NOS,0,0,0
ASTTL585,T1818FM0A/F01021,,DP,Asset,TOOL SPARE,STORE,82074090,NOS,0,0,0
ASTTL586,T1818FM0A/F01021,,PHP,Asset,TOOL SPARE,STORE,82074090,NOS,0,0,0
ASTTL587,T1821BL0A/F01021,,PUNCH,Asset,TOOL SPARE,STORE,82074090,NOS,0,0,0
ASTTL588,T1866BL0A/F01022,,PHP,Asset,TOOL SPARE,STORE,82074090,NOS,0,0,0
ASTTL589,T1866BL0A/F01022,,SP,Asset,TOOL SPARE,STORE,82074090,NOS,0,0,0
ASTTL59,T2231FM1A/B14005/23,,DIE INSERT,Asset,TOOL SPARE,STORE,82074090,NOS,0,0,0
ASTTL590,T1866BL0A/F01022,,ID PUNCH,Asset,TOOL SPARE,STORE,82074090,NOS,0,0,0
ASTTL591,T1866BL0A/F01022,,PUNCH,Asset,TOOL SPARE,STORE,82074090,NOS,0,0,0
ASTTL592,T1866BL0A/F01022,,BUFFER,Asset,TOOL SPARE,STORE,82074090,NOS,0,0,0
ASTTL593,T1866BL0A/F01022,,DP,Asset,TOOL SPARE,STORE,82074090,NOS,0,0,0
ASTTL594,T1780 BLOA/F01022,,ID PUNCH,Asset,TOOL SPARE,STORE,82074090,NOS,0,0,0
ASTTL595,T1661BL0A/F01022,,DIE BUSH,Asset,TOOL SPARE,STORE,82074090,NOS,0,0,0
ASTTL596,T1661BL0A/F01022,,PUNCH,Asset,TOOL SPARE,STORE,82074090,NOS,0,0,0
ASTTL597,T1661BL0A/F01022,,ID PUNCH,Asset,TOOL SPARE,STORE,82074090,NOS,0,0,0
ASTTL598,T1934FM0A/F01022,,PUNCH TOP,Asset,TOOL SPARE,STORE,82074090,NOS,0,0,0
ASTTL599,T1934FM0A/F01022,,LOWER PUNCH,Asset,TOOL SPARE,STORE,82074090,NOS,0,0,0
ASTTL6,T2220BL0A/B14002,,BUFFER,Asset,TOOL SPARE,STORE,82074090,NOS,0,0,0
ASTTL60,T2231FM1A/B14005/23,,BUFFER INSERT,Asset,TOOL SPARE,STORE,82074090,NOS,0,0,0
ASTTL600,T1934FM0A/F01022,,PUNCH BUSH,Asset,TOOL SPARE,STORE,82074090,NOS,0,0,0
ASTTL601,T1972BL0A/F01023,,DP,Asset,TOOL SPARE,STORE,82074090,NOS,0,0,0
ASTTL602,T1972BL0A/F01023,,SP,Asset,TOOL SPARE,STORE,82074090,NOS,0,0,0
ASTTL603,T1972BL0A/F01023,,ID PHP,Asset,TOOL SPARE,STORE,82074090,NOS,0,0,0
ASTTL604,T1972BL0A/F01023,,ID PUNCH,Asset,TOOL SPARE,STORE,82074090,NOS,0,0,0
ASTTL605,T1972BL0A/F01023,,BUFFER,Asset,TOOL SPARE,STORE,82074090,NOS,0,0,0
ASTTL606,T1972BL0A/F01023,,PUNCH,Asset,TOOL SPARE,STORE,82074090,NOS,0,0,0
ASTTL607,T1972BL0A/F01023,,EJECTOR BUSH,Asset,TOOL SPARE,STORE,82074090,NOS,0,0,0
ASTTL608,T2042BL0A/F01026,,PUNCH,Asset,TOOL SPARE,STORE,82074090,NOS,0,0,0
ASTTL609,T2042BL0A/F01026,,BUFFER,Asset,TOOL SPARE,STORE,82074090,NOS,0,0,0
ASTTL61,T2231FM1A/B14005/23,,PUNCH HOLDER PLATE,Asset,TOOL SPARE,STORE,82074090,NOS,0,0,0
ASTTL610,T2042BL0A/F01026,,ID PUNCH,Asset,TOOL SPARE,STORE,82074090,NOS,0,0,0
ASTTL611,T2042BL0A/F01026,,STIPPER PLATE,Asset,TOOL SPARE,STORE,82074090,NOS,0,0,0
ASTTL612,T2045BL0A/F01027,,DP,Asset,TOOL SPARE,STORE,82074090,NOS,0,0,0
ASTTL613,T2045BL0A/F01027,,STIPPER PLATE,Asset,TOOL SPARE,STORE,82074090,NOS,0,0,0
ASTTL614,T2045BL0A/F01027,,PHP,Asset,TOOL SPARE,STORE,82074090,NOS,0,0,0
ASTTL615,T2045BL0A/F01027,,BUFFER,Asset,TOOL SPARE,STORE,82074090,NOS,0,0,0
ASTTL616,T2045BL0A/F01027,,ID PUNCH,Asset,TOOL SPARE,STORE,82074090,NOS,0,0,0
ASTTL617,T2045BL0A/F01027,,PUNCH,Asset,TOOL SPARE,STORE,82074090,NOS,0,0,0
ASTTL618,T2176BL0A/F01029,,ID PUNCH,Asset,TOOL SPARE,STORE,82074090,NOS,0,0,0
ASTTL619,T2176BL0A/F01029,,PUNCH,Asset,TOOL SPARE,STORE,82074090,NOS,0,0,0
ASTTL62,T2236FM2A/B14005/23,,BUFFER,Asset,TOOL SPARE,STORE,82074090,NOS,0,0,0
ASTTL620,T2176BL0A/F01029,,DP,Asset,TOOL SPARE,STORE,82074090,NOS,0,0,0
ASTTL621,T2176BL0A/F01029,,ID PHP,Asset,TOOL SPARE,STORE,82074090,NOS,0,0,0
ASTTL622,T2192BL0A/F01030,,ID PHP,Asset,TOOL SPARE,STORE,82074090,NOS,0,0,0
ASTTL623,T2192BL0A/F01030,,DP,Asset,TOOL SPARE,STORE,82074090,NOS,0,0,0
ASTTL624,T2192BL0A/F01030,,STIPPER PLATE,Asset,TOOL SPARE,STORE,82074090,NOS,0,0,0
ASTTL625,T2192BL0A/F01030,,BUFFER,Asset,TOOL SPARE,STORE,82074090,NOS,0,0,0
ASTTL626,T2192BL0A/F01030,,PHP,Asset,TOOL SPARE,STORE,82074090,NOS,0,0,0
ASTTL627,T2192BL0A/F01030,,ID PUNCH,Asset,TOOL SPARE,STORE,82074090,NOS,0,0,0
ASTTL628,T2192BL0A/F01030,,PUNCH,Asset,TOOL SPARE,STORE,82074090,NOS,0,0,0
ASTTL629,T2193 BLOA/F01030,,ID PUNCH,Asset,TOOL SPARE,STORE,82074090,NOS,0,0,0
ASTTL63,T2236FM2A/B14005/23,,PUNCH,Asset,TOOL SPARE,STORE,82074090,NOS,0,0,0
ASTTL630,T2193 BLOA/F01030,,PUNCH,Asset,TOOL SPARE,STORE,82074090,NOS,0,0,0
ASTTL631,T2175FM0A/F01030,,PUNCH,Asset,TOOL SPARE,STORE,82074090,NOS,0,0,0
ASTTL632,T2206BL0A/F01031,,ID PUNCH,Asset,TOOL SPARE,STORE,82074090,NOS,0,0,0
ASTTL633,T2206BL0A/F01031,,BUFFER,Asset,TOOL SPARE,STORE,82074090,NOS,0,0,0
ASTTL634,T2206BL0A/F01031,,PUNCH,Asset,TOOL SPARE,STORE,82074090,NOS,0,0,0
ASTTL635,T2206BL0A/F01031,,DIE PLATE,Asset,TOOL SPARE,STORE,82074090,NOS,0,0,0
ASTTL636,T2209BL0A/F01032,,STRIPPER PLATE,Asset,TOOL SPARE,STORE,82074090,NOS,0,0,0
ASTTL637,T2209BL0A/F01032,,ID PHP,Asset,TOOL SPARE,STORE,82074090,NOS,0,0,0
ASTTL638,T2209BL0A/F01032,,BUFFER,Asset,TOOL SPARE,STORE,82074090,NOS,0,0,0
ASTTL639,T2209BL0A/F01032,,DIE PATLE,Asset,TOOL SPARE,STORE,82074090,NOS,0,0,0
ASTTL64,T2236FM2A/B14005/23,,INSERT,Asset,TOOL SPARE,STORE,82074090,NOS,0,0,0
ASTTL640,T2209BL0A/F01032,,PUNCH,Asset,TOOL SPARE,STORE,82074090,NOS,0,0,0
ASTTL641,T2209BL0A/F01032,,ID PUNCH,Asset,TOOL SPARE,STORE,82074090,NOS,0,0,0
ASTTL642,T2529BL0A/F01035,,BUFFER,Asset,TOOL SPARE,STORE,82074090,NOS,0,0,0
ASTTL643,T2529BL0A/F01035,,PUNCH,Asset,TOOL SPARE,STORE,82074090,NOS,0,0,0
ASTTL644,T2529BL0A/F01035,,ID PUNCH,Asset,TOOL SPARE,STORE,82074090,NOS,0,0,0
ASTTL645,T2529BL0A/F01035,,STIPPER PLATE,Asset,TOOL SPARE,STORE,82074090,NOS,0,0,0
ASTTL646,T2529BL0A/F01035,,DIE PLATE,Asset,TOOL SPARE,STORE,82074090,NOS,0,0,0
ASTTL647,T2529BL0A/F01035,,BIG PUNCH,Asset,TOOL SPARE,STORE,82074090,NOS,0,0,0
ASTTL648,T2529BL0A/F01035,,ID PHP,Asset,TOOL SPARE,STORE,82074090,NOS,0,0,0
ASTTL649,T2794BL0A/F01038,,SP INSERT,Asset,TOOL SPARE,STORE,82074090,NOS,0,0,0
ASTTL65,T2236FM2A/B14005/23,,PHP,Asset,TOOL SPARE,STORE,82074090,NOS,0,0,0
ASTTL650,T2794BL0A/F01038,,PIERCING PUNCH,Asset,TOOL SPARE,STORE,82074090,NOS,0,0,0
ASTTL651,T2794BL0A/F01038,,PUNCH INSENT,Asset,TOOL SPARE,STORE,82074090,NOS,0,0,0
ASTTL652,T2794BL0A/F01038,,PUNCH,Asset,TOOL SPARE,STORE,82074090,NOS,0,0,0
ASTTL653,VMC PROTO/F01038,,PUNCH,Asset,TOOL SPARE,STORE,82074090,NOS,0,0,0
ASTTL654,VMC PROTO/F01038,,DIE INSERT,Asset,TOOL SPARE,STORE,82074090,NOS,0,0,0
ASTTL655,T2577BL0A/F01039,,PUNCH,Asset,TOOL SPARE,STORE,82074090,NOS,0,0,0
ASTTL656,T2577BL0A/F01039,,ID PUNCH,Asset,TOOL SPARE,STORE,82074090,NOS,0,0,0
ASTTL657,T2577BL0A/F01039,,DIE PLATE,Asset,TOOL SPARE,STORE,82074090,NOS,0,0,0
ASTTL658,T2577BL0A/F01039,,BUFFER,Asset,TOOL SPARE,STORE,82074090,NOS,0,0,0
ASTTL659,T2577BL0A/F01039,,UPPER PUNCH,Asset,TOOL SPARE,STORE,82074090,NOS,0,0,0
ASTTL66,T2237BL0A/B14006,,PUNCH,Asset,TOOL SPARE,STORE,82074090,NOS,0,0,0
ASTTL660,T2608BL0A/F01040,,PUNCH,Asset,TOOL SPARE,STORE,82074090,NOS,0,0,0
ASTTL661,T2608BL0A/F01040,,STIPPER PLATE,Asset,TOOL SPARE,STORE,82074090,NOS,0,0,0
ASTTL662,T2608BL0A/F01040,,DP,Asset,TOOL SPARE,STORE,82074090,NOS,0,0,0
ASTTL663,T2608BL0A/F01040,,PHP,Asset,TOOL SPARE,STORE,82074090,NOS,0,0,0
ASTTL664,T3458BLOA/F01040,,ID PUNCH,Asset,TOOL SPARE,STORE,82074090,NOS,0,0,0
ASTTL665,T2727 BLOA/F01040,,DIE PLATE,Asset,TOOL SPARE,STORE,82074090,NOS,0,0,0
ASTTL666,T2840FM0A/F01040,,LOCATING PIN,Asset,TOOL SPARE,STORE,82074090,NOS,0,0,0
ASTTL667,T2646BL0A/F01041,,PUNCH,Asset,TOOL SPARE,STORE,82074090,NOS,0,0,0
ASTTL668,T2646BL0A/F01041,,PHP,Asset,TOOL SPARE,STORE,82074090,NOS,0,0,0
ASTTL669,T2646BL0A/F01041,,STIPPER PLATE,Asset,TOOL SPARE,STORE,82074090,NOS,0,0,0
ASTTL67,T2237BL0A/B14006,,DIE PLATE,Asset,TOOL SPARE,STORE,82074090,NOS,0,0,0
ASTTL670,T2646BL0A/F01041,,DIE PLATE,Asset,TOOL SPARE,STORE,82074090,NOS,0,0,0
ASTTL671,T2794 BLOA/F01041,,PRACING PUNCH,Asset,TOOL SPARE,STORE,82074090,NOS,0,0,0
ASTTL672,T2794 BLOA/F01041,,BK PUNCH,Asset,TOOL SPARE,STORE,82074090,NOS,0,0,0
ASTTL673,T2794 BLOA/F01041,,STIPPER PLATE INSERT,Asset,TOOL SPARE,STORE,82074090,NOS,0,0,0
ASTTL674,T2859BL0A/F01042,,PUNCH,Asset,TOOL SPARE,STORE,82074090,NOS,0,0,0
ASTTL675,T2859BL0A/F01042,,BUFFER,Asset,TOOL SPARE,STORE,82074090,NOS,0,0,0
ASTTL676,T2859BL0A/F01042,,PHP,Asset,TOOL SPARE,STORE,82074090,NOS,0,0,0
ASTTL677,T2859BL0A/F01042,,DIE PLATE,Asset,TOOL SPARE,STORE,82074090,NOS,0,0,0
ASTTL678,T2852 BLOA/F01042,,PUNCH,Asset,TOOL SPARE,STORE,82074090,NOS,0,0,0
ASTTL679,T2783FM0A/F01042,,BUFFER INSERT,Asset,TOOL SPARE,STORE,82074090,NOS,0,0,0
ASTTL68,T2233FM0A/B14006,,BUFFER,Asset,TOOL SPARE,STORE,82074090,NOS,0,0,0
ASTTL680,T2840FM0A/F01044,,LOCATER,Asset,TOOL SPARE,STORE,82074090,NOS,0,0,0
ASTTL681,T2840FM0A/F01044,,BUFFER,Asset,TOOL SPARE,STORE,82074090,NOS,0,0,0
ASTTL682,T2840FM0A/F01044,,PUNCH,Asset,TOOL SPARE,STORE,82074090,NOS,0,0,0
ASTTL683,T2840FM0A/F01044,,BWBP,Asset,TOOL SPARE,STORE,82074090,NOS,0,0,0
ASTTL684,T2840FM0A/F01044,,BWP,Asset,TOOL SPARE,STORE,82074090,NOS,0,0,0
ASTTL685,T2840FM0A/F01044,,SLOT PUNCH,Asset,TOOL SPARE,STORE,82074090,NOS,0,0,0
ASTTL686,T2840FM0A/F01044,,DIE INSERT,Asset,TOOL SPARE,STORE,82074090,NOS,0,0,0
ASTTL687,T2840FM0A/F01044,,GAUGE PLATE,Asset,TOOL SPARE,STORE,82074090,NOS,0,0,0
ASTTL688,T2840FM0A/F01044,,DIE PLATE,Asset,TOOL SPARE,STORE,82074090,NOS,0,0,0
ASTTL689,T4810 FMOA/F01044,,UPPER PUNCH,Asset,TOOL SPARE,STORE,82074090,NOS,0,0,0
ASTTL69,T2233FM0A/B14006,,INSERT,Asset,TOOL SPARE,STORE,82074090,NOS,0,0,0
ASTTL690,T4810 FMOA/F01044,,LOWER PUNCH,Asset,TOOL SPARE,STORE,82074090,NOS,0,0,0
ASTTL691,T4810 FMOA/F01044,,GAUGE PLATE,Asset,TOOL SPARE,STORE,82074090,NOS,0,0,0
ASTTL692,T4812 HLOA/F01044,,GAUGE PLATE,Asset,TOOL SPARE,STORE,82074090,NOS,0,0,0
ASTTL693,T1821BL0A/F01044,,BUFFER,Asset,TOOL SPARE,STORE,82074090,NOS,0,0,0
ASTTL694,T1821BL0A/F01044,,PUNCH,Asset,TOOL SPARE,STORE,82074090,NOS,0,0,0
ASTTL695,T1821BL0A/F01044,,ID PUNCH,Asset,TOOL SPARE,STORE,82074090,NOS,0,0,0
ASTTL696,T1821BL0A/F01044,,DP,Asset,TOOL SPARE,STORE,82074090,NOS,0,0,0
ASTTL697,T1821BL0A/F01044,,PHP,Asset,TOOL SPARE,STORE,82074090,NOS,0,0,0
ASTTL698,T2895SZ0A/F01044,,SIZING TOOL,Asset,TOOL SPARE,STORE,82074090,NOS,0,0,0
ASTTL699,T2895SZ0A/F01044,,LOWER PUNCH,Asset,TOOL SPARE,STORE,82074090,NOS,0,0,0
ASTTL7,T2220BL0A/B14002,,ID PHP,Asset,TOOL SPARE,STORE,82074090,NOS,0,0,0
ASTTL70,T2252BL0A/B14007/5,,BUFFER,Asset,TOOL SPARE,STORE,82074090,NOS,0,0,0
ASTTL700,T2895SZ0A/F01044,,BOTTOM PUNCH,Asset,TOOL SPARE,STORE,82074090,NOS,0,0,0
ASTTL701,T4497 BLOA/F01044,,IJECTOR PIN,Asset,TOOL SPARE,STORE,82074090,NOS,0,0,0
ASTTL702,T2265BL0A/F01045,,PUNCH,Asset,TOOL SPARE,STORE,82074090,NOS,0,0,0
ASTTL703,T2265BL0A/F01045,,STRIPPER PLATE,Asset,TOOL SPARE,STORE,82074090,NOS,0,0,0
ASTTL704,T2265BL0A/F01045,,PHP,Asset,TOOL SPARE,STORE,82074090,NOS,0,0,0
ASTTL705,T2265BL0A/F01045,,DP,Asset,TOOL SPARE,STORE,82074090,NOS,0,0,0
ASTTL706,T2265BL0A/F01045,,BUFFER,Asset,TOOL SPARE,STORE,82074090,NOS,0,0,0
ASTTL707,T2265BL0A/F01045,,ID PUNCH,Asset,TOOL SPARE,STORE,82074090,NOS,0,0,0
ASTTL708,T2265BL0A/F01046/H16046,,GUIDE PIN,Asset,TOOL SPARE,STORE,82074090,NOS,0,0,0
ASTTL709,T1550BL0A/F01046/H16046,,PUNCH,Asset,TOOL SPARE,STORE,82074090,NOS,0,0,0
ASTTL71,T2252BL0A/B14007/5,,ID PUNCH,Asset,TOOL SPARE,STORE,82074090,NOS,0,0,0
ASTTL710,T1550BL0A/F01046/H16046,,PHP,Asset,TOOL SPARE,STORE,82074090,NOS,0,0,0
ASTTL711,T1550BL0A/F01046/H16046,,BUFFER,Asset,TOOL SPARE,STORE,82074090,NOS,0,0,0
ASTTL712,T2909FM0A/F01047/86,,GIDE PIN,Asset,TOOL SPARE,STORE,82074090,NOS,0,0,0
ASTTL713,T1813BL0A/F01047/86,,ID PUNCH,Asset,TOOL SPARE,STORE,82074090,NOS,0,0,0
ASTTL714,T1813BL0A/F01047/86,,ID PUNCH PLAIN,Asset,TOOL SPARE,STORE,82074090,NOS,0,0,0
ASTTL715,T1813BL0A/F01047/86,,PHP,Asset,TOOL SPARE,STORE,82074090,NOS,0,0,0
ASTTL716,T1813BL0A/F01047/86,,PUNCH,Asset,TOOL SPARE,STORE,82074090,NOS,0,0,0
ASTTL717,T1813BL0A/F01047/86,,BUFFER,Asset,TOOL SPARE,STORE,82074090,NOS,0,0,0
ASTTL718,T1813BL0A/F01047/86,,SP,Asset,TOOL SPARE,STORE,82074090,NOS,0,0,0
ASTTL719,T1813BL0A/F01047/86,,DIE PLATE,Asset,TOOL SPARE,STORE,82074090,NOS,0,0,0
ASTTL72,T2252BL0A/B14007/5,,DIE PLATE,Asset,TOOL SPARE,STORE,82074090,NOS,0,0,0
ASTTL720,T1813BL0A/F01047/86,,IDPHP,Asset,TOOL SPARE,STORE,82074090,NOS,0,0,0
ASTTL721,T1808BL0A/F01048,,PUNCH,Asset,TOOL SPARE,STORE,82074090,NOS,0,0,0
ASTTL722,T1808BL0A/F01048,,ID PUNCH,Asset,TOOL SPARE,STORE,82074090,NOS,0,0,0
ASTTL723,T1808BL0A/F01048,,PHP,Asset,TOOL SPARE,STORE,82074090,NOS,0,0,0
ASTTL724,T1808BL0A/F01048,,ID PHP,Asset,TOOL SPARE,STORE,82074090,NOS,0,0,0
ASTTL725,T1808BL0A/F01048,,BUFFER,Asset,TOOL SPARE,STORE,82074090,NOS,0,0,0
ASTTL726,T1808BL0A/F01048,,DIE P,Asset,TOOL SPARE,STORE,82074090,NOS,0,0,0
ASTTL727,T3022BL0A/F01049,,DP,Asset,TOOL SPARE,STORE,82074090,NOS,0,0,0
ASTTL728,T3128BL0A/F01054,,PUNCH,Asset,TOOL SPARE,STORE,82074090,NOS,0,0,0
ASTTL729,T3130BL0A/F01055,,ID PUNCH,Asset,TOOL SPARE,STORE,82074090,NOS,0,0,0
ASTTL73,T2252BL0A/B14007/5,,SP,Asset,TOOL SPARE,STORE,82074090,NOS,0,0,0
ASTTL730,T3130BL0A/F01055,,PUNCH,Asset,TOOL SPARE,STORE,82074090,NOS,0,0,0
ASTTL731,T3130BL0A/F01055,,BUFFER,Asset,TOOL SPARE,STORE,82074090,NOS,0,0,0
ASTTL732,T3130BL0A/F01055,,DP,Asset,TOOL SPARE,STORE,82074090,NOS,0,0,0
ASTTL733,T3131BL0A/F01056,,ID PUNCH,Asset,TOOL SPARE,STORE,82074090,NOS,0,0,0
ASTTL734,T3131BL0A/F01056,,BUFFER,Asset,TOOL SPARE,STORE,82074090,NOS,0,0,0
ASTTL735,T3131BL0A/F01056,,PUNCH,Asset,TOOL SPARE,STORE,82074090,NOS,0,0,0
ASTTL736,T3131BL0A/F01056,,DP,Asset,TOOL SPARE,STORE,82074090,NOS,0,0,0
ASTTL737,T3131BL0A/F01056,,PHP,Asset,TOOL SPARE,STORE,82074090,NOS,0,0,0
ASTTL738,T3131BL0A/F01056,,STIPPER PLATE,Asset,TOOL SPARE,STORE,82074090,NOS,0,0,0
ASTTL739,T3134SV0A/F01056,,PUNCH,Asset,TOOL SPARE,STORE,82074090,NOS,0,0,0
ASTTL74,T2252BL0A/B14007/5,,ID PHP,Asset,TOOL SPARE,STORE,82074090,NOS,0,0,0
ASTTL740,T3134SV0A/F01056,,DP,Asset,TOOL SPARE,STORE,82074090,NOS,0,0,0
ASTTL741,T3134SV0A/F01056,,STIPPER PLATE,Asset,TOOL SPARE,STORE,82074090,NOS,0,0,0
ASTTL742,T3132SV0B/F01056,,BUFFER,Asset,TOOL SPARE,STORE,82074090,NOS,0,0,0
ASTTL743,T3132SV0B/F01056,,DP,Asset,TOOL SPARE,STORE,82074090,NOS,0,0,0
ASTTL744,T3548SV0C/F01056,,DP,Asset,TOOL SPARE,STORE,82074090,NOS,0,0,0
ASTTL745,T3548SV0C/F01056,,GAUGE PLATE,Asset,TOOL SPARE,STORE,82074090,NOS,0,0,0
ASTTL746,T3548SV0C/F01056,,ID PUCNH,Asset,TOOL SPARE,STORE,82074090,NOS,0,0,0
ASTTL747,T3025SV0A/F01057,,PUNCH,Asset,TOOL SPARE,STORE,82074090,NOS,0,0,0
ASTTL748,T3025SV0A/F01057,,STIPPER PLATE,Asset,TOOL SPARE,STORE,82074090,NOS,0,0,0
ASTTL749,T3025SV0A/F01057,,DP,Asset,TOOL SPARE,STORE,82074090,NOS,0,0,0
ASTTL75,T2252BL0A/B14007/5,,PHP,Asset,TOOL SPARE,STORE,82074090,NOS,0,0,0
ASTTL750,T3046BL0A/F01057,,OD PUNCH,Asset,TOOL SPARE,STORE,82074090,NOS,0,0,0
ASTTL751,T3046BL0A/F01057,,ID PUNCH,Asset,TOOL SPARE,STORE,82074090,NOS,0,0,0
ASTTL752,T3046BL0A/F01057,,CROPPING PUNCH,Asset,TOOL SPARE,STORE,82074090,NOS,0,0,0
ASTTL753,T3615BL0A/F01066,,PHP,Asset,TOOL SPARE,STORE,82074090,NOS,0,0,0
ASTTL754,T3615BL0A/F01066,,DP,Asset,TOOL SPARE,STORE,82074090,NOS,0,0,0
ASTTL755,T3615BL0A/F01066,,SP,Asset,TOOL SPARE,STORE,82074090,NOS,0,0,0
ASTTL756,T3615BL0A/F01066,,INSERT,Asset,TOOL SPARE,STORE,82074090,NOS,0,0,0
ASTTL757,T3615BL0A/F01066,,ID PHP,Asset,TOOL SPARE,STORE,82074090,NOS,0,0,0
ASTTL758,T3615BL0A/F01066,,EIJETOR PLATE,Asset,TOOL SPARE,STORE,82074090,NOS,0,0,0
ASTTL759,T3218BL0A/F01066,,BUFFER,Asset,TOOL SPARE,STORE,82074090,NOS,0,0,0
ASTTL76,T2246FM1A/B14007/5,,PUNCH,Asset,TOOL SPARE,STORE,82074090,NOS,0,0,0
ASTTL760,T3218BL0A/F01066,,DP,Asset,TOOL SPARE,STORE,82074090,NOS,0,0,0
ASTTL761,T3218BL0A/F01066,,ID PHP,Asset,TOOL SPARE,STORE,82074090,NOS,0,0,0
ASTTL762,T3218BL0A/F01066,,ID PUNCH,Asset,TOOL SPARE,STORE,82074090,NOS,0,0,0
ASTTL763,T3218BL0A/F01066,,INSERT,Asset,TOOL SPARE,STORE,82074090,NOS,0,0,0
ASTTL764,T3218BL0A/F01066,,INSERT BIG,Asset,TOOL SPARE,STORE,82074090,NOS,0,0,0
ASTTL765,T3218BL0A/F01066,,INSERT HOLDER PLATE,Asset,TOOL SPARE,STORE,82074090,NOS,0,0,0
ASTTL766,T3218BL0A/F01066,,PHP,Asset,TOOL SPARE,STORE,82074090,NOS,0,0,0
ASTTL767,T3218BL0A/F01066,,PUNCH,Asset,TOOL SPARE,STORE,82074090,NOS,0,0,0
ASTTL768,T3218BL0A/F01066,,PUNCH INSERT,Asset,TOOL SPARE,STORE,82074090,NOS,0,0,0
ASTTL769,T3218BL0A/F01066,,EJECTOR PLATE,Asset,TOOL SPARE,STORE,82074090,NOS,0,0,0
ASTTL77,T2262FM2A/B14007/5,,BUFFR,Asset,TOOL SPARE,STORE,82074090,NOS,0,0,0
ASTTL770,T3218BL0A/F01066,,STIPPER PLATE,Asset,TOOL SPARE,STORE,82074090,NOS,0,0,0
ASTTL771,T3610BL0A/F01076,,DP,Asset,TOOL SPARE,STORE,82074090,NOS,0,0,0
ASTTL772,T3610BL0A/F01076,,SP,Asset,TOOL SPARE,STORE,82074090,NOS,0,0,0
ASTTL773,T3610BL0A/F01076,,PHP,Asset,TOOL SPARE,STORE,82074090,NOS,0,0,0
ASTTL774,T3610BL0A/F01076,,IDPHP,Asset,TOOL SPARE,STORE,82074090,NOS,0,0,0
ASTTL775,T3610BL0A/F01076,,BUFFER,Asset,TOOL SPARE,STORE,82074090,NOS,0,0,0
ASTTL776,T3610BL0A/F01076,,PUNCH,Asset,TOOL SPARE,STORE,82074090,NOS,0,0,0
ASTTL777,T3610BL0A/F01076,,ID PUNCH,Asset,TOOL SPARE,STORE,82074090,NOS,0,0,0
ASTTL778,T1678 BLOA/F01076,,ID PUNCH,Asset,TOOL SPARE,STORE,82074090,NOS,0,0,0
ASTTL779,T1678 BLOA/F01076,,PHP,Asset,TOOL SPARE,STORE,82074090,NOS,0,0,0
ASTTL78,T2262FM2A/B14007/5,,PUNCH,Asset,TOOL SPARE,STORE,82074090,NOS,0,0,0
ASTTL780,T1678 BLOA/F01076,,BUFFER,Asset,TOOL SPARE,STORE,82074090,NOS,0,0,0
ASTTL781,T1678 BLOA/F01076,,PUNCH,Asset,TOOL SPARE,STORE,82074090,NOS,0,0,0
ASTTL782,T3617BL0A/F01077,,PUNCH,Asset,TOOL SPARE,STORE,82074090,NOS,0,0,0
ASTTL783,T3617BL0A/F01077,,ID PUNCH,Asset,TOOL SPARE,STORE,82074090,NOS,0,0,0
ASTTL784,T3617BL0A/F01077,,SP,Asset,TOOL SPARE,STORE,82074090,NOS,0,0,0
ASTTL785,T3617BL0A/F01077,,DP,Asset,TOOL SPARE,STORE,82074090,NOS,0,0,0
ASTTL786,T3617BL0A/F01077,,ID PHP,Asset,TOOL SPARE,STORE,82074090,NOS,0,0,0
ASTTL787,T3617BL0A/F01077,,BUFFER,Asset,TOOL SPARE,STORE,82074090,NOS,0,0,0
ASTTL788,T3617BL0A/F01077,,PHP,Asset,TOOL SPARE,STORE,82074090,NOS,0,0,0
ASTTL789,T3825BL0A/F01079,,PUNCH,Asset,TOOL SPARE,STORE,82074090,NOS,0,0,0
ASTTL79,T2248FM1A/B14008,,BUFFER,Asset,TOOL SPARE,STORE,82074090,NOS,0,0,0
ASTTL790,T3825BL0A/F01079,,BUFFER,Asset,TOOL SPARE,STORE,82074090,NOS,0,0,0
ASTTL791,T3825BL0A/F01079,,DP,Asset,TOOL SPARE,STORE,82074090,NOS,0,0,0
ASTTL792,T3672FM0A/F01079,,BUFFER,Asset,TOOL SPARE,STORE,82074090,NOS,0,0,0
ASTTL793,T4327BL0A/F01091,,PUNCH,Asset,TOOL SPARE,STORE,82074090,NOS,0,0,0
ASTTL794,T4327BL0A/F01091,,ID PUNCH,Asset,TOOL SPARE,STORE,82074090,NOS,0,0,0
ASTTL795,T4327BL0A/F01091,,BUFFER,Asset,TOOL SPARE,STORE,82074090,NOS,0,0,0
ASTTL796,T4128BL0A/F01088,,PUNCH,Asset,TOOL SPARE,STORE,82074090,NOS,0,0,0
ASTTL797,T4128BL0A/F01088,,DP,Asset,TOOL SPARE,STORE,82074090,NOS,0,0,0
ASTTL798,T2657FM0A/F01096,,DP,Asset,TOOL SPARE,STORE,82074090,NOS,0,0,0
ASTTL799,T4257BLOA/F02003,,PUNCH,Asset,TOOL SPARE,STORE,82074090,NOS,0,0,0
ASTTL8,T2220BL0A/B14002,,PHP,Asset,TOOL SPARE,STORE,82074090,NOS,0,0,0
ASTTL80,T2248FM1A/B14008,,PUNCH,Asset,TOOL SPARE,STORE,82074090,NOS,0,0,0
ASTTL800,T4257BLOA/F02003,,BUFFER,Asset,TOOL SPARE,STORE,82074090,NOS,0,0,0
ASTTL801,T4257BLOA/F02003,,DIE PLATE,Asset,TOOL SPARE,STORE,82074090,NOS,0,0,0
ASTTL802,HOLING/F02005,,GUAGE PLATE,Asset,TOOL SPARE,STORE,82074090,NOS,0,0,0
ASTTL803,HOLING/F02005,,HOLING PIN,Asset,TOOL SPARE,STORE,82074090,NOS,0,0,0
ASTTL804,T1901BL0A/F02005,,PUNCH,Asset,TOOL SPARE,STORE,82074090,NOS,0,0,0
ASTTL805,BLK/F02010,,BUFFER,Asset,TOOL SPARE,STORE,82074090,NOS,0,0,0
ASTTL806,BLK/F02013,,SLOT CUTTING DIR INSERT,Asset,TOOL SPARE,STORE,82074090,NOS,0,0,0
ASTTL807,T4110BLOA/F08008,,BUFFER,Asset,TOOL SPARE,STORE,82074090,NOS,0,0,0
ASTTL808,T4110BLOA/F08008,,ID PUNCH,Asset,TOOL SPARE,STORE,82074090,NOS,0,0,0
ASTTL809,T1368BL0A/H01003,,PUNCH,Asset,TOOL SPARE,STORE,82074090,NOS,0,0,0
ASTTL81,T2279FM2A/B14008,,PUNCH,Asset,TOOL SPARE,STORE,82074090,NOS,0,0,0
ASTTL810,T1264SV0A/H01003,,PUNCH,Asset,TOOL SPARE,STORE,82074090,NOS,0,0,0
ASTTL811,T1264SV0A/H01003,,ID GUIDE PIN,Asset,TOOL SPARE,STORE,82074090,NOS,0,0,0
ASTTL812,T1501BL0A/H01004,,PUNCH,Asset,TOOL SPARE,STORE,82074090,NOS,0,0,0
ASTTL813,T1953SV0A/H01004,,PUNCH,Asset,TOOL SPARE,STORE,82074090,NOS,0,0,0
ASTTL814,T1953SV0A/H01004,,DP,Asset,TOOL SPARE,STORE,82074090,NOS,0,0,0
ASTTL815,ID INSERT/H01004,,PUNCH,Asset,TOOL SPARE,STORE,82074090,NOS,0,0,0
ASTTL816,T1503BL0A/H01006,,PUNCH,Asset,TOOL SPARE,STORE,82074090,NOS,0,0,0
ASTTL817,T1503BL0A/H01006,,BUFFER0,Asset,TOOL SPARE,STORE,82074090,NOS,0,0,0
ASTTL818,T1969SV0A/H01006,,PUNCH,Asset,TOOL SPARE,STORE,82074090,NOS,0,0,0
ASTTL819,T1225FM0A/H01007,,BUSH,Asset,TOOL SPARE,STORE,82074090,NOS,0,0,0
ASTTL82,T2279FM2A/B14008,,PAD STOPPER BUFFER,Asset,TOOL SPARE,STORE,82074090,NOS,0,0,0
ASTTL820,T2427BL0A/H01010,,PUNCH,Asset,TOOL SPARE,STORE,82074090,NOS,0,0,0
ASTTL821,T2427BL0A/H01010,,ID PUNCH,Asset,TOOL SPARE,STORE,82074090,NOS,0,0,0
ASTTL822,T1535BL0A/H01012,,PUNCH,Asset,TOOL SPARE,STORE,82074090,NOS,0,0,0
ASTTL823,T1535BL0A/H01012,,GAP CATTING PUNCH,Asset,TOOL SPARE,STORE,82074090,NOS,0,0,0
ASTTL824,T1535BL0A/H01012,,ID PUNCH,Asset,TOOL SPARE,STORE,82074090,NOS,0,0,0
ASTTL825,T1535BL0A/H01012,,BUFFER,Asset,TOOL SPARE,STORE,82074090,NOS,0,0,0
ASTTL826,T1710BL0A/H01012,,PUNCH,Asset,TOOL SPARE,STORE,82074090,NOS,0,0,0
ASTTL827,T1710BL0A/H01012,,CROPPING PUNCH,Asset,TOOL SPARE,STORE,82074090,NOS,0,0,0
ASTTL828,T1710BL0A/H01012,,ID PUNCH,Asset,TOOL SPARE,STORE,82074090,NOS,0,0,0
ASTTL829,T1710BL0A/H01012,,BUFFER,Asset,TOOL SPARE,STORE,82074090,NOS,0,0,0
ASTTL83,T2276BL0A/B14010,,ID PUNCH,Asset,TOOL SPARE,STORE,82074090,NOS,0,0,0
ASTTL830,T1710BL0A/H01012,,CUTTING PUNCH,Asset,TOOL SPARE,STORE,82074090,NOS,0,0,0
ASTTL831,T1710BL0A/H01012,,BUSH,Asset,TOOL SPARE,STORE,82074090,NOS,0,0,0
ASTTL832,T1710BL0A/H01012,,EJECTOR,Asset,TOOL SPARE,STORE,82074090,NOS,0,0,0
ASTTL833,T1710BL0A/H01012,,DP,Asset,TOOL SPARE,STORE,82074090,NOS,0,0,0
ASTTL834,T1710BL0A/H01012,,SP,Asset,TOOL SPARE,STORE,82074090,NOS,0,0,0
ASTTL835,T1710BL0A/H01012,,LINER PLATE,Asset,TOOL SPARE,STORE,82074090,NOS,0,0,0
ASTTL836,BLOA/H01012,,LINER,Asset,TOOL SPARE,STORE,82074090,NOS,0,0,0
ASTTL837,T0004BL0A/H01014,,PUNCH,Asset,TOOL SPARE,STORE,82074090,NOS,0,0,0
ASTTL838,T0004BL0A/H01014,,BUFFER,Asset,TOOL SPARE,STORE,82074090,NOS,0,0,0
ASTTL839,T0004BL0A/H01014,,ID PUNCH,Asset,TOOL SPARE,STORE,82074090,NOS,0,0,0
ASTTL84,T2276BL0A/B14010,,DIE PLATE,Asset,TOOL SPARE,STORE,82074090,NOS,0,0,0
ASTTL840,T0004BL0A/H01014,,DP,Asset,TOOL SPARE,STORE,82074090,NOS,0,0,0
ASTTL841,T2164BLOA/H01016,,DIE PLATE,Asset,TOOL SPARE,STORE,82074090,NOS,0,0,0
ASTTL842,T2164BLOA/H01016,,BUFFER,Asset,TOOL SPARE,STORE,82074090,NOS,0,0,0
ASTTL843,T2164BLOA/H01016,,SP,Asset,TOOL SPARE,STORE,82074090,NOS,0,0,0
ASTTL844,T1165BL0A/H01016,,ID PUNCH,Asset,TOOL SPARE,STORE,82074090,NOS,0,0,0
ASTTL845,T1165BL0A/H01016,,BUFFER,Asset,TOOL SPARE,STORE,82074090,NOS,0,0,0
ASTTL846,T1165BL0A/H01016,,PUNCH,Asset,TOOL SPARE,STORE,82074090,NOS,0,0,0
ASTTL847,T1135BL0A/H01016,,ID PUNCH,Asset,TOOL SPARE,STORE,82074090,NOS,0,0,0
ASTTL848,T1970BL0A/H01017,,PUNCH,Asset,TOOL SPARE,STORE,82074090,NOS,0,0,0
ASTTL849,T1970BL0A/H01017,,DP,Asset,TOOL SPARE,STORE,82074090,NOS,0,0,0
ASTTL85,T2276BL0A/B14010,,PHP,Asset,TOOL SPARE,STORE,82074090,NOS,0,0,0
ASTTL850,T1970BL0A/H01017,,ID PHP,Asset,TOOL SPARE,STORE,82074090,NOS,0,0,0
ASTTL851,T2118BL0A/H01017,,PUNCH,Asset,TOOL SPARE,STORE,82074090,NOS,0,0,0
ASTTL852,T2118BL0A/H01017,,ID PUNCH,Asset,TOOL SPARE,STORE,82074090,NOS,0,0,0
ASTTL853,T2118BL0A/H01017,,BUFFER,Asset,TOOL SPARE,STORE,82074090,NOS,0,0,0
ASTTL854,T2118BL0A/H01017,,DP,Asset,TOOL SPARE,STORE,82074090,NOS,0,0,0
ASTTL855,T2118BL0A/H01017,,PHP,Asset,TOOL SPARE,STORE,82074090,NOS,0,0,0
ASTTL856,T2118BL0A/H01017,,ID PHP,Asset,TOOL SPARE,STORE,82074090,NOS,0,0,0
ASTTL857,T0007BLOA/H01017,,DP,Asset,TOOL SPARE,STORE,82074090,NOS,0,0,0
ASTTL858,T1152BL0A/H01018,,BUFFER,Asset,TOOL SPARE,STORE,82074090,NOS,0,0,0
ASTTL859,T1152BL0A/H01018,,DP,Asset,TOOL SPARE,STORE,82074090,NOS,0,0,0
ASTTL86,T2276BL0A/B14010,,ID PHP,Asset,TOOL SPARE,STORE,82074090,NOS,0,0,0
ASTTL860,T2120BL0A/H01018,,DP,Asset,TOOL SPARE,STORE,82074090,NOS,0,0,0
ASTTL861,T2120BL0A/H01018,,SP,Asset,TOOL SPARE,STORE,82074090,NOS,0,0,0
ASTTL862,T1361FM1A/H01019,,DIE INSERT,Asset,TOOL SPARE,STORE,82074090,NOS,0,0,0
ASTTL863,T1362FM2A/H01019,,PUNCH,Asset,TOOL SPARE,STORE,82074090,NOS,0,0,0
ASTTL864,T1362FM2A/H01019,,DIE INSERT,Asset,TOOL SPARE,STORE,82074090,NOS,0,0,0
ASTTL865,T1362FM2A/H01019,,DP,Asset,TOOL SPARE,STORE,82074090,NOS,0,0,0
ASTTL866,T1362FM2A/H01019,,PHP,Asset,TOOL SPARE,STORE,82074090,NOS,0,0,0
ASTTL867,T1362FM2A/H01019,,DIE INSERT,Asset,TOOL SPARE,STORE,82074090,NOS,0,0,0
ASTTL868,T2093BL0A/H01019,,PIERCING PUNCH (SMALL),Asset,TOOL SPARE,STORE,82074090,NOS,0,0,0
ASTTL869,T2093BL0A/H01019,,PIERCING PUNCH (BIG ),Asset,TOOL SPARE,STORE,82074090,NOS,0,0,0
ASTTL87,T2254FM1A/B14010,,BUFFER INSERT,Asset,TOOL SPARE,STORE,82074090,NOS,0,0,0
ASTTL870,T2093BL0A/H01019,,LINER,Asset,TOOL SPARE,STORE,82074090,NOS,0,0,0
ASTTL871,T1971BL0A/H01020,,LINER,Asset,TOOL SPARE,STORE,82074090,NOS,0,0,0
ASTTL872,T1971BL0A/H01020,,PUNCH (CUTTING),Asset,TOOL SPARE,STORE,82074090,NOS,0,0,0
ASTTL873,T1971BL0A/H01020,,PUNCH (CUTTING),Asset,TOOL SPARE,STORE,82074090,NOS,0,0,0
ASTTL874,T1971BL0A/H01020,,DP,Asset,TOOL SPARE,STORE,82074090,NOS,0,0,0
ASTTL875,T1466BL0A/H01021,,PUNCH,Asset,TOOL SPARE,STORE,82074090,NOS,0,0,0
ASTTL876,T1466BL0A/H01021,,ID PUNCH,Asset,TOOL SPARE,STORE,82074090,NOS,0,0,0
ASTTL877,T1466BL0A/H01021,,PUNCH,Asset,TOOL SPARE,STORE,82074090,NOS,0,0,0
ASTTL878,T1677BL0A/H01022,,PUNCH,Asset,TOOL SPARE,STORE,82074090,NOS,0,0,0
ASTTL879,T1677BL0A/H01022,,ID PUNCH,Asset,TOOL SPARE,STORE,82074090,NOS,0,0,0
ASTTL88,T2254FM1A/B14010,,ARROW PUNCH,Asset,TOOL SPARE,STORE,82074090,NOS,0,0,0
ASTTL880,T1677BL0A/H01022,,CROPPING,Asset,TOOL SPARE,STORE,82074090,NOS,0,0,0
ASTTL881,T1677BL0A/H01022,,REVETING PUNCH,Asset,TOOL SPARE,STORE,82074090,NOS,0,0,0
ASTTL882,T1677BL0A/H01022,,PRERCING PUNCH,Asset,TOOL SPARE,STORE,82074090,NOS,0,0,0
ASTTL883,T1677BL0A/H01022,,PIERCING PIN,Asset,TOOL SPARE,STORE,82074090,NOS,0,0,0
ASTTL884,T1677BL0A/H01022,,BUFFER,Asset,TOOL SPARE,STORE,82074090,NOS,0,0,0
ASTTL885,T1677BL0A/H01022,,DP,Asset,TOOL SPARE,STORE,82074090,NOS,0,0,0
ASTTL886,T1677BL0A/H01022,,PHP,Asset,TOOL SPARE,STORE,82074090,NOS,0,0,0
ASTTL887,T1677BL0A/H01022,,SP,Asset,TOOL SPARE,STORE,82074090,NOS,0,0,0
ASTTL888,T1677BL0A/H01022,,LINER PLATE,Asset,TOOL SPARE,STORE,82074090,NOS,0,0,0
ASTTL889,T1077BLOA/H01022,,DIE PLATE (OLD),Asset,TOOL SPARE,STORE,82074090,NOS,0,0,0
ASTTL89,T2254FM1A/B14010,,UPPER PUNCH,Asset,TOOL SPARE,STORE,82074090,NOS,0,0,0
ASTTL890,T2333BL0A/H01022,,CROPPING PUNCH,Asset,TOOL SPARE,STORE,82074090,NOS,0,0,0
ASTTL891,T1506BL0A/H01023,,PUNCH,Asset,TOOL SPARE,STORE,82074090,NOS,0,0,0
ASTTL892,T2410BL0B/H01023,,BUFFER,Asset,TOOL SPARE,STORE,82074090,NOS,0,0,0
ASTTL893,T1377BL0A/H01025,,PUNCH,Asset,TOOL SPARE,STORE,82074090,NOS,0,0,0
ASTTL894,T1377BL0A/H01025,,PHP(6C),Asset,TOOL SPARE,STORE,82074090,NOS,0,0,0
ASTTL895,T1706BL0A/H01025,,PUNCH,Asset,TOOL SPARE,STORE,82074090,NOS,0,0,0
ASTTL896,T1706BL0A/H01025,,DP,Asset,TOOL SPARE,STORE,82074090,NOS,0,0,0
ASTTL897,T1706BL0A/H01025,,PHP,Asset,TOOL SPARE,STORE,82074090,NOS,0,0,0
ASTTL898,T2303BL0A/H01026,,PUNCH,Asset,TOOL SPARE,STORE,82074090,NOS,0,0,0
ASTTL899,T2010GC0A/H01026,,PUNCH,Asset,TOOL SPARE,STORE,82074090,NOS,0,0,0
ASTTL9,T2220BL0A/B14002,,PUNCH,Asset,TOOL SPARE,STORE,82074090,NOS,0,0,0
ASTTL90,T2254FM1A/B14010,,INSERT,Asset,TOOL SPARE,STORE,82074090,NOS,0,0,0
ASTTL900,T2010GC0A/H01026,,GAUGE PLATE,Asset,TOOL SPARE,STORE,82074090,NOS,0,0,0
ASTTL901,T1389BL0A/H01027,,BUFFER,Asset,TOOL SPARE,STORE,82074090,NOS,0,0,0
ASTTL902,T1389BL0A/H01027,,ID PUNCH,Asset,TOOL SPARE,STORE,82074090,NOS,0,0,0
ASTTL903,T1389BL0A/H01027,,PUNCH,Asset,TOOL SPARE,STORE,82074090,NOS,0,0,0
ASTTL904,T2414BL0A/H01027,,DP,Asset,TOOL SPARE,STORE,82074090,NOS,0,0,0
ASTTL905,BL0A/H01028,,PUNCH,Asset,TOOL SPARE,STORE,82074090,NOS,0,0,0
ASTTL906,BL0A/H01028,,ID PUNCH,Asset,TOOL SPARE,STORE,82074090,NOS,0,0,0
ASTTL907,T1988BL0A/H01029,,BUFFER,Asset,TOOL SPARE,STORE,82074090,NOS,0,0,0
ASTTL908,T1200BL0A/H01029,,PUNCH,Asset,TOOL SPARE,STORE,82074090,NOS,0,0,0
ASTTL909,T1260BL0A/H01029,,DP,Asset,TOOL SPARE,STORE,82074090,NOS,0,0,0
ASTTL91,T2254FM1A/B14010,,PUNCH,Asset,TOOL SPARE,STORE,82074090,NOS,0,0,0
ASTTL910,T1260BL0A/H01029,,PHP,Asset,TOOL SPARE,STORE,82074090,NOS,0,0,0
ASTTL911,T1802BL0A/H01031,,PUNCH,Asset,TOOL SPARE,STORE,82074090,NOS,0,0,0
ASTTL912,T1802BL0A/H01031,,BUFFER,Asset,TOOL SPARE,STORE,82074090,NOS,0,0,0
ASTTL913,T1802BL0A/H01031,,ID PUNCH,Asset,TOOL SPARE,STORE,82074090,NOS,0,0,0
ASTTL914,T1502BL0A/H01031,,BUFFER,Asset,TOOL SPARE,STORE,82074090,NOS,0,0,0
ASTTL915,T2153BL0A/H01031,,PUNCH,Asset,TOOL SPARE,STORE,82074090,NOS,0,0,0
ASTTL916,T1261BL0A/H01032,,PUNCH,Asset,TOOL SPARE,STORE,82074090,NOS,0,0,0
ASTTL917,T1261BL0A/H01032,,ID PUNCH,Asset,TOOL SPARE,STORE,82074090,NOS,0,0,0
ASTTL918,T1261BL0A/H01032,,DP,Asset,TOOL SPARE,STORE,82074090,NOS,0,0,0
ASTTL919,T1261BL0A/H01032,,BUFFER,Asset,TOOL SPARE,STORE,82074090,NOS,0,0,0
ASTTL92,T2254FM1A/B14010,,INSERT HOLDER BACK PLATE,Asset,TOOL SPARE,STORE,82074090,NOS,0,0,0
ASTTL920,T1434BL0A/H01034,,PUNCH,Asset,TOOL SPARE,STORE,82074090,NOS,0,0,0
ASTTL921,T1434BL0A/H01034,,BUFFER,Asset,TOOL SPARE,STORE,82074090,NOS,0,0,0
ASTTL922,T1434BL0A/H01034,,ID PUNCH,Asset,TOOL SPARE,STORE,82074090,NOS,0,0,0
ASTTL923,T1434BL0A/H01034,,DP,Asset,TOOL SPARE,STORE,82074090,NOS,0,0,0
ASTTL924,T1434BL0A/H01034,,PHP,Asset,TOOL SPARE,STORE,82074090,NOS,0,0,0
ASTTL925,T1434BL0A/H01034,,ID PHP,Asset,TOOL SPARE,STORE,82074090,NOS,0,0,0
ASTTL926,T3387BL0A/H01034,,DP,Asset,TOOL SPARE,STORE,82074090,NOS,0,0,0
ASTTL927,T2275BL0A/H01034,,PUNCH,Asset,TOOL SPARE,STORE,82074090,NOS,0,0,0
ASTTL928,T2275BL0A/H01034,,ID PUNCH,Asset,TOOL SPARE,STORE,82074090,NOS,0,0,0
ASTTL929,T2275BL0A/H01034,,DP,Asset,TOOL SPARE,STORE,82074090,NOS,0,0,0
ASTTL93,T2254FM1A/B14010,,PHP,Asset,TOOL SPARE,STORE,82074090,NOS,0,0,0
ASTTL930,T1350BL0A/H01035,,PUNCH,Asset,TOOL SPARE,STORE,82074090,NOS,0,0,0
ASTTL931,T2470FM0A/H01035,,DIE INSERT,Asset,TOOL SPARE,STORE,82074090,NOS,0,0,0
ASTTL932,T2470FM0A/H01035,,BUFFER,Asset,TOOL SPARE,STORE,82074090,NOS,0,0,0
ASTTL933,T2470FM0A/H01035,,PUNCH,Asset,TOOL SPARE,STORE,82074090,NOS,0,0,0
ASTTL934,T2470FM0A/H01035,,DP,Asset,TOOL SPARE,STORE,82074090,NOS,0,0,0
ASTTL935,T1018FM0B/H01035,,BUFFER,Asset,TOOL SPARE,STORE,82074090,NOS,0,0,0
ASTTL936,T1018FM0B/H01035,,PUNCH,Asset,TOOL SPARE,STORE,82074090,NOS,0,0,0
ASTTL937,T1018FM0B/H01035,,GAUGE PLATE,Asset,TOOL SPARE,STORE,82074090,NOS,0,0,0
ASTTL938,T1510BL0A/H01036,,PUNCH,Asset,TOOL SPARE,STORE,82074090,NOS,0,0,0
ASTTL939,T1926BL0A/H01038,,PUNCH,Asset,TOOL SPARE,STORE,82074090,NOS,0,0,0
ASTTL94,T2280FM2A/B14010,,BUFFER,Asset,TOOL SPARE,STORE,82074090,NOS,0,0,0
ASTTL940,T1926BL0A/H01038,,BUFFER,Asset,TOOL SPARE,STORE,82074090,NOS,0,0,0
ASTTL941,T1926BL0A/H01038,,ID PUNCH,Asset,TOOL SPARE,STORE,82074090,NOS,0,0,0
ASTTL942,T1926BL0A/H01038,,DP,Asset,TOOL SPARE,STORE,82074090,NOS,0,0,0
ASTTL943,T0040BL0B/H01038,,ID PUNCH,Asset,TOOL SPARE,STORE,82074090,NOS,0,0,0
ASTTL944,T0040BL0B/H01038,,DP,Asset,TOOL SPARE,STORE,82074090,NOS,0,0,0
ASTTL945,T0040BL0B/H01038,,SP,Asset,TOOL SPARE,STORE,82074090,NOS,0,0,0
ASTTL946,T0040BL0B/H01038,,ID PHP,Asset,TOOL SPARE,STORE,82074090,NOS,0,0,0
ASTTL947,T0040BL0B/H01038,,PHP,Asset,TOOL SPARE,STORE,82074090,NOS,0,0,0
ASTTL948,T1985BL0A/H01039,,ID PUNCH,Asset,TOOL SPARE,STORE,82074090,NOS,0,0,0
ASTTL949,T1985BL0A/H01039,,DP,Asset,TOOL SPARE,STORE,82074090,NOS,0,0,0
ASTTL95,T2280FM2A/B14010,,BUFFER INSERT,Asset,TOOL SPARE,STORE,82074090,NOS,0,0,0
ASTTL950,T1385BL0A/H01039,,DP,Asset,TOOL SPARE,STORE,82074090,NOS,0,0,0
ASTTL951,T1956BL0A/H01039,,DP (3C),Asset,TOOL SPARE,STORE,82074090,NOS,0,0,0
ASTTL952,T1956BL0A/H01039,,ID PHP (3C),Asset,TOOL SPARE,STORE,82074090,NOS,0,0,0
ASTTL953,T1956BL0A/H01039,,PHP,Asset,TOOL SPARE,STORE,82074090,NOS,0,0,0
ASTTL954,T1956BL0A/H01039,,SP,Asset,TOOL SPARE,STORE,82074090,NOS,0,0,0
ASTTL955,T1956BL0A/H01039,,BUFFER,Asset,TOOL SPARE,STORE,82074090,NOS,0,0,0
ASTTL956,T1505BL0A/H01040,,PUNCH,Asset,TOOL SPARE,STORE,82074090,NOS,0,0,0
ASTTL957,T1505BL0A/H01040,,ID PUNCH,Asset,TOOL SPARE,STORE,82074090,NOS,0,0,0
ASTTL958,T1505BL0A/H01040,,BUFFER,Asset,TOOL SPARE,STORE,82074090,NOS,0,0,0
ASTTL959,T2278BL0B/H01040,,ID PUNCH,Asset,TOOL SPARE,STORE,82074090,NOS,0,0,0
ASTTL96,T2280FM2A/B14010,,SLIDING BLOCK,Asset,TOOL SPARE,STORE,82074090,NOS,0,0,0
ASTTL960,T2278BL0B/H01040,,BUFFER,Asset,TOOL SPARE,STORE,82074090,NOS,0,0,0
ASTTL961,T1456BL0A/H01042,,PUNCH,Asset,TOOL SPARE,STORE,82074090,NOS,0,0,0
ASTTL962,T1496BL0A/H01042,,PUNCH,Asset,TOOL SPARE,STORE,82074090,NOS,0,0,0
ASTTL963,T1496BL0A/H01042,,BUFFFER,Asset,TOOL SPARE,STORE,82074090,NOS,0,0,0
ASTTL964,T1512BL0A/H01043,,PUNCH,Asset,TOOL SPARE,STORE,82074090,NOS,0,0,0
ASTTL965,T1512BL0A/H01043,,ID PUNCH,Asset,TOOL SPARE,STORE,82074090,NOS,0,0,0
ASTTL966,T1702BL0A/H01045,,BUFFER,Asset,TOOL SPARE,STORE,82074090,NOS,0,0,0
ASTTL967,T1702BL0A/H01045,,PUNCH,Asset,TOOL SPARE,STORE,82074090,NOS,0,0,0
ASTTL968,T1702BL0A/H01045,,ID PUNCH,Asset,TOOL SPARE,STORE,82074090,NOS,0,0,0
ASTTL969,T1702BL0A/H01045,,DP,Asset,TOOL SPARE,STORE,82074090,NOS,0,0,0
ASTTL97,T2280FM2A/B14010,,DIE PLTE,Asset,TOOL SPARE,STORE,82074090,NOS,0,0,0
ASTTL970,T1255BL0A/H01046,,PUNCH,Asset,TOOL SPARE,STORE,82074090,NOS,0,0,0
ASTTL971,T1255BL0A/H01046,,DP,Asset,TOOL SPARE,STORE,82074090,NOS,0,0,0
ASTTL972,T1927BL0A/H01047,,PUNCH,Asset,TOOL SPARE,STORE,82074090,NOS,0,0,0
ASTTL973,T1927BL0A/H01047,,ID PUNCH,Asset,TOOL SPARE,STORE,82074090,NOS,0,0,0
ASTTL974,T1927BL0A/H01047,,PHP,Asset,TOOL SPARE,STORE,82074090,NOS,0,0,0
ASTTL975,T1859FM0A/H01047,,BOTTAM PUNCH,Asset,TOOL SPARE,STORE,82074090,NOS,0,0,0
ASTTL976,T1859FM0A/H01047,,TOP PUNCH,Asset,TOOL SPARE,STORE,82074090,NOS,0,0,0
ASTTL977,T1802BL0A/H01051,,PUNCH,Asset,TOOL SPARE,STORE,82074090,NOS,0,0,0
ASTTL978,T2477BL0A/H01051,,DP,Asset,TOOL SPARE,STORE,82074090,NOS,0,0,0
ASTTL979,T1998BL0A/H01063,,PUNCH,Asset,TOOL SPARE,STORE,82074090,NOS,0,0,0
ASTTL98,T2242BL0A/B14011,,PUNCH,Asset,TOOL SPARE,STORE,82074090,NOS,0,0,0
ASTTL980,T1998BL0A/H01063,,BUFFER,Asset,TOOL SPARE,STORE,82074090,NOS,0,0,0
ASTTL981,T1994FM0A/H01063,,PUNCH,Asset,TOOL SPARE,STORE,82074090,NOS,0,0,0
ASTTL982,T1994FM0A/H01063,,BUFFER,Asset,TOOL SPARE,STORE,82074090,NOS,0,0,0
ASTTL983,T1992FM1A/H01063,,PUNCH,Asset,TOOL SPARE,STORE,82074090,NOS,0,0,0
ASTTL984,T1992FM1A/H01063,,BUFFER,Asset,TOOL SPARE,STORE,82074090,NOS,0,0,0
ASTTL985,T1992FM1A/H01063,,DIE INSERT,Asset,TOOL SPARE,STORE,82074090,NOS,0,0,0
ASTTL986,T1992FM1A/H01063,,PUNCH INSERT,Asset,TOOL SPARE,STORE,82074090,NOS,0,0,0
ASTTL987,T1992FM1A/H01063,,LANCING PUNCH,Asset,TOOL SPARE,STORE,82074090,NOS,0,0,0
ASTTL988,T1992FM1A/H01063,,DP,Asset,TOOL SPARE,STORE,82074090,NOS,0,0,0
ASTTL989,T2000FM2A/H01064,,PUNCH,Asset,TOOL SPARE,STORE,82074090,NOS,0,0,0
ASTTL99,T2242BL0A/B14011,,BUFFER,Asset,TOOL SPARE,STORE,82074090,NOS,0,0,0
ASTTL990,T2000FM2A/H01064,,BUFFER,Asset,TOOL SPARE,STORE,82074090,NOS,0,0,0
ASTTL991,T2050FM1A/H01064,,INSERT,Asset,TOOL SPARE,STORE,82074090,NOS,0,0,0
ASTTL992,T2050FM1A/H01064,,BUFFER,Asset,TOOL SPARE,STORE,82074090,NOS,0,0,0
ASTTL993,T2126HL0A/H01066,,GAUGE PLATE,Asset,TOOL SPARE,STORE,82074090,NOS,0,0,0
ASTTL994,T2119BL0A/H01066,,INSERT,Asset,TOOL SPARE,STORE,82074090,NOS,0,0,0
ASTTL995,T3270SV0A/H01067,,PUNCH,Asset,TOOL SPARE,STORE,82074090,NOS,0,0,0
ASTTL996,T3270SV0A/H01067,,BUFFER,Asset,TOOL SPARE,STORE,82074090,NOS,0,0,0
ASTTL997,T3270SV0A/H01067,,ID PUNCH,Asset,TOOL SPARE,STORE,82074090,NOS,0,0,0
ASTTL998,T3270SV0A/H01067,,DP,Asset,TOOL SPARE,STORE,82074090,NOS,0,0,0
ASTTL999,T1533BL0A/H01067,,PUNCH,Asset,TOOL SPARE,STORE,82074090,NOS,0,0,0
B01048,1160508,,RIDGE LOCK WASHER,FG,FINISHED GOODS,STORE,73182200,NOS,0.3,0,0
B12001,360187,,C RING,FG,FINISHED GOODS,STORE,73201019,NOS,1.04,0,0
B14002,20W00412,,PAD SPRING,FG,FINISHED GOODS,STORE,73201019,NOS,3.72,0,0
B14003,P6370366,,PAD STOPPER,FG,FINISHED GOODS,STORE,73201019,NOS,2.62,0,0
B14004,P6370236,,PAD STOPPER,FG,FINISHED GOODS,STORE,73201019,NOS,2.78,0,0
B14005,PD 8623,,WEAR PAD - KTM,FG,FINISHED GOODS,STORE,73201019,NOS,5,0,0
B14006,20W00400,,PAD SPRING,FG,FINISHED GOODS,STORE,73201019,NOS,7.41,0,0
B14007,20W03710,,PAD STOPPER,FG,FINISHED GOODS,STORE,73201019,NOS,2.83,0,0
B14008,20W03720,,PAD STOPPER,FG,FINISHED GOODS,STORE,73201019,NOS,2.83,0,0
B14010,20W00410,,PAD SPRING,FG,FINISHED GOODS,STORE,73201019,NOS,5.01,0,0
B14011,10W05713,,PRIMARY WASHER,FG,FINISHED GOODS,STORE,73182200,NOS,0.9,0,0
B14012,10.4264.21,,WASHER 0.15M,FG,FINISHED GOODS,STORE,73182200,NOS,0,0,0
B14013,10.4264.22,,WASHER 0.15,FG,FINISHED GOODS,STORE,73182200,NOS,0,0,0
B14014,10.4264.23,,WASHER 0.15MM,FG,FINISHED GOODS,STORE,73182200,NOS,0,0,0
B14015,10.4264.24,,WASHER 0.15M.,FG,FINISHED GOODS,STORE,73182200,NOS,0,0,0
B14016,05W05851,,CIRCLIP,FG,FINISHED GOODS,STORE,73182910,NOS,1.77,0,0
B14019,10W05715,,PRIMARY WASHER,FG,FINISHED GOODS,STORE,73182200,NOS,0.94,0,0
B14020,10W05717,,PRIMARY WASHER,FG,FINISHED GOODS,STORE,73182200,NOS,0.99,0,0
B14021,P7570210,,CIRCLIP,FG,FINISHED GOODS,STORE,73182910,NOS,1.35,0,0
B14022,P7570022,,CIRCLIP B16X1.0MM,FG,FINISHED GOODS,STORE,73182910,NOS,1.4,0,0
B14023,20W03730,,WEAR PAD,FG,FINISHED GOODS,STORE,73201019,NOS,5.45,0,0
B14024,05W05884,,CIRCLIP,FG,FINISHED GOODS,STORE,73182910,NOS,0.81,0,0
B14026,05W05886,,CIRCLIP,FG,FINISHED GOODS,STORE,73182910,NOS,1.19,0,0
B14027,05W05887,,CIRCLIP,FG,FINISHED GOODS,STORE,73182910,NOS,1.27,0,0
B14028,P6570127,,CIRCLIP,FG,FINISHED GOODS,STORE,73182910,NOS,0.8,0,0
B14029,20W03735,,WEAR PAD,FG,FINISHED GOODS,STORE,73201019,NOS,5.49,0,0
B14030,P7370092PL,,CLIP HOSE,FG,FINISHED GOODS,STORE,73201019,NOS,2.26,0,0
B14032,07W04710,,BRAKE PAD SHIM LH SIDE,FG,FINISHED GOODS,STORE,73201019,NOS,9.5,0,0
B14033,20W00420,,PAD SPRING,FG,FINISHED GOODS,STORE,73201019,NOS,10.35,0,0
B14034,20W03738,,WEAR PAD,FG,FINISHED GOODS,STORE,73201019,NOS,6.5,0,0
B14035,P6380103,,SHIM,FG,FINISHED GOODS,STORE,73201019,NOS,7.44,0,0
B14036,7355175,,SHEET SPRING,FG,FINISHED GOODS,STORE,73201019,NOS,2.58,0,0
B14037,P6380094,,SHIM,FG,FINISHED GOODS,STORE,73201019,NOS,7.44,0,0
B14038,M5080000,,CIRCLIP,FG,FINISHED GOODS,STORE,73182910,NOS,1.95,0,0
B14039,M50002030000,,PLATE REFLECTION,FG,FINISHED GOODS,STORE,73201019,NOS,1.25,0,0
B14041,20W00414,,PAD SPRING,FG,FINISHED GOODS,STORE,73201019,NOS,10.86,0,0
B14044,10W05714,,PRIMARY WASHER 0,FG,FINISHED GOODS,STORE,73182200,NOS,1.4,0,0
B14045,P6370014,,WEAR PAD 0,FG,FINISHED GOODS,STORE,73201019,NOS,2.64,0,0
B14046,20W00415,,PAD SPRING 0,FG,FINISHED GOODS,STORE,73201019,NOS,4.26,0,0
B14047,20W03732,,WEAR PAD 0.7,FG,FINISHED GOODS,STORE,73201019,NOS,6.75,0,0
B14049,20W00416,,PAD SPRING,FG,FINISHED GOODS,STORE,73201019,NOS,8.64,0,0
B14050,20W03727,,PAD STOPPER,FG,FINISHED GOODS,STORE,73201019,NOS,3.43,0,0
B14052,07W04712,,BRAKE PAD,FG,FINISHED GOODS,STORE,73201019,NOS,9.05,0,0
B14055,XB9DN38,,SPRING,FG,FINISHED GOODS,STORE,73201019,NOS,0,0,0
B14057,20W00401,,PAD SPRING,FG,FINISHED GOODS,STORE,73201019,NOS,12.05,0,0
B14058,20W03739,,PAD STOPPER,FG,FINISHED GOODS,STORE,73201019,NOS,3.6,0,0
B14060,07W04718,,SHIM,FG,FINISHED GOODS,STORE,73201019,NOS,15,0,0
B14061,07W04719,,SHIM,FG,FINISHED GOODS,STORE,73201019,NOS,15,0,0
B14062,07W04720,,SHIM,FG,FINISHED GOODS,STORE,73201019,NOS,16,0,0
B14063,20W00413,,PAD SPRING,FG,FINISHED GOODS,STORE,73201019,NOS,14,0,0
B14080,07W04724,,SHIM,FG,FINISHED GOODS,STORE,73201019,NOS,15.2,0,0
B14081,07W04725,,SHIM,FG,FINISHED GOODS,STORE,73201019,NOS,15.2,0,0
B14092,20W03740,,WEAR PAD,FG,FINISHED GOODS,STORE,73201019,NOS,8,0,0
B18003,29321823,,"CLIP, WEAR INDICATOR",FG,FINISHED GOODS,STORE,73182910,NOS,7.05,0,0
B18004,29321824,,"CLIP, WEAR INDICATOR",FG,FINISHED GOODS,STORE,73182910,NOS,7.05,0,0
B18005,29466584,,"CLIP,BRAKE HOSE",FG,FINISHED GOODS,STORE,73182910,NOS,64.95,0,0
B18007,29322086,,SPRING,FG,FINISHED GOODS,STORE,73182910,NOS,40.86,0,0
B18021,29329786,,Circlip,FG,FINISHED GOODS,STORE,73182910,NOS,3.15,0,0
BO0,,,NEW TABLE ARM SUITABLE FOR PNEUMATIC SQUARE CYLINDER,BOP,OTHERS,STORE,29051100,SET,10900,1,0
BO1,,,FIRE EXTINGUISHER CAP - 06 KG,BOP,OTHERS,STORE,29051100,NOS,0,1,0
BO2,,,FIRE EXTINGUISHER CAP - 4.5 KG,BOP,OTHERS,STORE,29051100,NOS,0,1,0
BO22004,,,SPRING WASHER M 14 BOLT,BOP,BOUGHT OUT,PIANO STORE,29051100,NOS,0,1,0
BO22005,,,PART NO-520MD017020 (H16056) SPRING BELLEVILLE K-70,BOP,BOUGHT OUT,PIANO STORE,29051100,NOS,0,1,0
BO22006,,,SPRING WASHER M 16 BOLT,BOP,BOUGHT OUT,PIANO STORE,29051100,NOS,0,1,0
BO22007,,,LOCK WASHER,BOP,BOUGHT OUT,PIANO STORE,29051100,NOS,0,1,0
BO22008,,,ITEM CODE- A06004 CIRCLIP,BOP,BOUGHT OUT,PIANO STORE,29051100,NOS,0,1,0
CON0,,,COUNTER METER,Consumable,BOUGHT OUT,PIANO STORE,29051100,NOS,0,1,0
CON00001,CON00001,,CNC CUT 6000,Consumable,CUTTING OIL,PIANO STORE,27101990,LTR,148,0,0
CON00002,CON00002,,STAMPING OIL/DEEP DRAW OIL GRADE : SPL VP 50 (MORTEL EV 10),Consumable,GENERAL CONSUMABLES,PIANO STORE,27101990,LTR,197,0,0
CON00003,CON00003,,HYDRAULIC OIL 32 (HP ENKLO 32),Consumable,GENERAL CONSUMABLES,PIANO STORE,27101990,LTR,0,0,0
CON00004,CON00004,,HYDRAULIC OIL 46 HPCL,Consumable,GENERAL CONSUMABLES,PIANO STORE,27101979,LTR,0,0,0
CON00005,CON00005,,HYDRAULIC OIL 68 (HP ENKLO 68),Consumable,GENERAL CONSUMABLES,PIANO STORE,29051100,LTR,0,1,0
CON00006,CON00006,,BLASOCUT 4000 STRONG OIL CUTTING OIL,Consumable,OILS GRINDING,PIANO STORE,34039900,LTR,455,0,0
CON00007,CON00007,,HPCL HYLUBE HDX MG 20W40,Consumable,OILS HEAT TREATMENT,PIANO STORE,27101980,LTR,0,0,0
CON00008,,,ANTICORIT DFW 6101,Consumable,OILS PACKING,PIANO STORE,27101980,LTR,245,1,0
CON00009,,,HIQUENCH M F,Consumable,OILS GRINDING,PIANO STORE,29051100,LTR,114,1,0
CON00010,CON00010,,MOBIL CUT 100 BRAND: MOBIL,Consumable,GRINDING OIL,PIANO STORE,27101989,LTR,170,0,0
CON00011,,,LITHIUM EP 1 GREASE 30 KG PER,Consumable,OILS HEAT TREATMENT,PIANO STORE,27101990,LTR,275,1,0
CON00012,CON00012,,LITHIUM EP 00 GREASE,Consumable,OILS HEAT TREATMENT,PIANO STORE,27101990,KG,275,0,0
CON00013,CON00013,,CASTROL LUBRICANTS - 0610/21 HONILO 981,Consumable,OILS GRINDING,PIANO STORE,29051100,LTR,265,1,0
CON00014,,,RUST PREVENTIVE OIL Grade:- 902,Consumable,CONSUMABLE,PIANO STORE,29051100,LTR,187,1,0
CON00015,,,SPEEDFAM LAPPING OIL SFLO 210,Consumable,GENERAL CONSUMABLES,PIANO STORE,27101990,LTR,125,1,0
CON00016,,,SPEEDFAM LAPPING ABRASIVE SFB LA,Consumable,GENERAL CONSUMABLES,PIANO STORE,28492090,Select,450,1,0
CON00017,CON00017,,SPEEDFAM CROSS HATCHED LAP PLATE FOR DSW 15B - 5L-IV (ONE SET OF 2 NOS),Consumable,OTHERS,PIANO STORE,84669310,SET,160000,0,0
CON00018,CON00018,,SPEEDFAM CONDITIONING CARRIER FOR DSM 15B-5L-IV (ONE SET OF 4 NOS),Consumable,OTHERS,PIANO STORE,84669310,SET,47750,0,0
CON00019,CON00019,,SUN GEAR SPEEDFAM FOR DSM 15B - 5L,Consumable,OTHERS,PIANO STORE,84669310,NOS,25000,0,0
CON00020,,,AQUA MOUNT COLD LIQUID,Consumable,GENERAL CONSUMABLES,PIANO STORE,29161400,LTR,1320,1,0
CON00021,,,AQUA MOUNT COLD POWDER,Consumable,GENERAL CONSUMABLES,PIANO STORE,39069090,Select,1320,1,0
CON00022,,,METHANOL,Consumable,CHEMICAL FINISHING,PIANO STORE,29051100,LTR,0,1,0
CON00023,CON00023,,WHITE PASTE (CHEMICAL) SS MATERIAL,Consumable,GENERAL CONSUMABLES,PIANO STORE,19030000,KG,36,0,0
CON00024,,,B.F.C - 130 50KG PACKING SIZE,Consumable,CHEMICAL FINISHING,PIANO STORE,3402,Select,80,1,0
CON00025,,,HYDROCHLORIC ACID,Consumable,CHEMICAL FINISHING,PIANO STORE,29051100,Select,7,1,0
CON00026,CON00026,,SILICA GEL 2 GRM POUCH,Consumable,GENERAL CONSUMABLES,PIANO STORE,29051100,KGS,225,1,0
CON00027,,,SILICA GEL 5 GRM POUCH,Consumable,GENERAL CONSUMABLES,PIANO STORE,29051100,Select,225,1,0
CON00028,,,COOLANT POWDER RUST PREVENTIVE GRINDING PROTECTO 7030,Consumable,CHEMICAL FINISHING,PIANO STORE,38119000,KGS,135,1,0
CON00029,,,ANTI STICKING BALL PRODUCT - I Q,Consumable,GENERAL CONSUMABLES,PIANO STORE,29051100,KGS,250,1,0
CON00030,CON00030,,FOSCLEAN KC - 25 HM,Consumable,GENERAL CONSUMABLES,PIANO STORE,3402,KGS,199,1,0
CON00031,CON00031,,CORN COB 10/16 WHITE,Consumable,CHEMICAL FINISHING,PIANO STORE,14040000,KGS,27,0,0
CON00032,CON00032,,CAUSTIC SODA FLAKES,Consumable,CHEMICAL FINISHING,PIANO STORE,2815,KGS,0,0,0
CON00033,CON00033,,SPL ROLLEX LUBE WD II (GEAR GREASE) PACKING SIZE-18KG,Consumable,GENERAL CONSUMABLES,PIANO STORE,0,KGS,260,0,0
CON00034,,,EMERY STONE (GRINDING STONE),Consumable,GENERAL CONSUMABLES,PIANO STORE,29051100,KGS,32,1,0
CON00035,CON00035,,ARGON GAS GRADE-I 7 CUB MTR,Consumable,GENERAL CONSUMABLES,PIANO STORE,28042100,NOS,0,0,0
CON00036,CON00036,,SHOT PEENING METAL BALL ( SIZE- 0.6MM) PACKING SIZE-25KG,Consumable,GENERAL CONSUMABLES,PIANO STORE,720510,KGS,0,0,0
CON00037,CON00037,,MET L GARD RP 631 MAKE: ITW,Consumable,FINISHED GOODS,PIANO STORE,27101990,LTR,250,0,0
CON00038,CON00038,,MET L GARD RP 602CR MAKE: ITW,Consumable,FINISHED GOODS,PIANO STORE,27101990,LTR,225,0,0
CON00039,,,"CORRUGATED BOXES 10"" X 10"" X 3.75""BIG PIZZA BOX",Consumable,PACKING MATERIAL,PIANO STORE,48191010,NOS,0,1,0
CON00040,,,"CORRUGATED BOXES 10"" X 10"" X 8""",Consumable,PACKING MATERIAL,PIANO STORE,48191010,NOS,0,1,0
CON00041,CON00041,,"CORRUGATED BOXES 10"" X 8"" X 3.25"" SMALL PIZZA BOX",Consumable,PACKING MATERIAL,PIANO STORE,48191010,NOS,0,0,0
CON00042,,,"CORRUGATED BOXES 12"" X 11"" X 10""",Consumable,PACKING MATERIAL,PIANO STORE,48191010,NOS,0,1,0
CON00043,,,"CORRUGATED BOXES 10"" X 8"" X 7""",Consumable,PACKING MATERIAL,PIANO STORE,48191010,NOS,0,1,0
CON00044,,,"CORRUGATED BOXES 11"" X 6"" X 4""",Consumable,PACKING MATERIAL,PIANO STORE,48191010,NOS,0,1,0
CON00045,,,"CORRUGATED BOXES 7"" X 4.75"" X 4.75"" CONTAINER",Consumable,PACKING MATERIAL,PIANO STORE,48191010,NOS,0,1,0
CON00046,,,"CORRUGATED BOXES 13"" X 12"" X 11""",Consumable,PACKING MATERIAL,PIANO STORE,48191010,NOS,0,1,0
CON00047,,,"CORRUGATED BOXES 15"" X 13"" X 11""",Consumable,PACKING MATERIAL,PIANO STORE,48191010,NOS,0,1,0
CON00048,,,"CORRUGATED BOXES 15"" X 4"" X 3""",Consumable,PACKING MATERIAL,PIANO STORE,48191010,NOS,0,1,0
CON00049,,,"CORRUGATED BOXES 19"" X 4"" X 3""",Consumable,PACKING MATERIAL,PIANO STORE,48191010,NOS,0,1,0
CON00050,CON00050,,"CORRUGATED BOXES 6.5"" X 3.25 ""X 3.25""",Consumable,PACKING MATERIAL,PIANO STORE,48191010,NOS,0,0,0
CON00051,CON00051,,"CORRUGATED BOXES 25"" X 13.75"" X 11.5",Consumable,PACKING MATERIAL,PIANO STORE,48191010,NOS,0,0,0
CON00052,CON00052,,"5"" X 5"" CERAMIC TRINGLE ANGLE CUT WITH MORE EMERY PERCENTAGE (BLACK)",Consumable,GENERAL CONSUMABLES,PIANO STORE,68043010,KGS,48.75,0,0
CON00053,CON00053,,"13"" X 13"" CERAMIC TRINGLE ANGLE CUT WITH MORE EMERY PERCENTAGE (GREY)",Consumable,GENERAL CONSUMABLES,PIANO STORE,68043010,KGS,38,0,0
CON00054,CON00054,,"10"" X 10"" CERAMIC TRINGLE STRAIGHT CUT WITH MORE EMERY PERCENTAGE (GREY)",Consumable,GENERAL CONSUMABLES,PIANO STORE,68043010,KGS,38,0,0
CON00055,CON00055,,"7"" X 12"" CERAMIC TRIANGLE STRAIGHT CUT WITH MORE EMERY PERCENTAGE (BLACK)",Consumable,GENERAL CONSUMABLES,PIANO STORE,68043010,KGS,44.5,0,0
CON00056,CON00056,,EMERY POWDER,Consumable,GENERAL CONSUMABLES,PIANO STORE,68043010,KGS,27,0,0
CON00057,CON00057,,"6"" X 6"" CERAMIC TRINGLE ANGLE CUT WITH MORE EMERY PERCENTAGE (BLACK)",Consumable,GENERAL CONSUMABLES,PIANO STORE,68043010,KGS,48.75,0,0
CON00058,CON00058,,"3"" X 3"" CERAMIC TRINGLE ANGLE CUR GREY TRINGLE ANGLE CUR (GREY) HIGH ABRASIVE",Consumable,GENERAL CONSUMABLES,PIANO STORE,68043010,KGS,49,0,0
CON00059,CON00059,,BARCODE LABEL SIZE: 75 MM X 100 MM,Consumable,PACKING MATERIAL,PIANO STORE,48219010,ROLL,0,0,0
CON00060,CON00060,,PRINTING CARTRIDGE RIBBON SIZE: 80 X 300 METERS,Consumable,PACKING MATERIAL,PIANO STORE,96121090,ROLL,0,0,0
CON00061,,,"LD BAG 3"" X 4""",Consumable,PACKING MATERIAL,PIANO STORE,39232990,KGS,0,1,0
CON00062,,,"LD BAG 4"" X 6""",Consumable,PACKING MATERIAL,PIANO STORE,39232990,KGS,0,1,0
CON00063,,,"LD BAG 5"" X 7""",Consumable,PACKING MATERIAL,PIANO STORE,39232990,KGS,0,1,0
CON00064,,,"LD BAG 6"" X 9”",Consumable,PACKING MATERIAL,PIANO STORE,39232990,KGS,0,1,0
CON00065,,,"LD BAG 7"" X 9""",Consumable,PACKING MATERIAL,PIANO STORE,39232990,KGS,0,1,0
CON00066,,,"LD BAG 7"" X 11""",Consumable,PACKING MATERIAL,PIANO STORE,39232990,KGS,0,1,0
CON00067,,,LD BAG 8” X 12”,Consumable,PACKING MATERIAL,PIANO STORE,39232990,KGS,0,1,0
CON00068,,,"LD BAG 9"" X 13""",Consumable,PACKING MATERIAL,PIANO STORE,39232990,KGS,0,1,0
CON00069,,,LD BAG 10” X 14”,Consumable,PACKING MATERIAL,PIANO STORE,39232990,KGS,0,1,0
CON00070,,,LD BAG 18” X 24”,Consumable,PACKING MATERIAL,PIANO STORE,39232990,KGS,0,1,0
CON00071,,,LD BAG 30” X 30”,Consumable,PACKING MATERIAL,PIANO STORE,39232990,KGS,0,1,0
CON00072,,,LD BAG 11” X 14”,Consumable,PACKING MATERIAL,PIANO STORE,39232990,KGS,0,1,0
CON00073,,,LD BAG 12” X 16”,Consumable,PACKING MATERIAL,PIANO STORE,39232990,KGS,0,1,0
CON00074,,,LD BAG 6” X 8”,Consumable,PACKING MATERIAL,PIANO STORE,39232990,KGS,0,1,0
CON00075,,,LD BAG 7 1/2” X 10”,Consumable,PACKING MATERIAL,PIANO STORE,39232990,KGS,0,1,0
CON00076,,,LD BAG 8” X 15”,Consumable,PACKING MATERIAL,PIANO STORE,39232990,KGS,0,1,0
CON00077,,,"PLASTIC SHEET LD ROLL 24""",Consumable,PACKING MATERIAL,PIANO STORE,29051100,KGS,0,1,0
CON00078,CON00078,,"PLASTIC LD ROLL 105 MM (4"")",Consumable,PACKING MATERIAL,PIANO STORE,39172110,KGS,0,0,0
CON00079,CON00079,,"PLASTIC LD ROLL 130 MM (5"")",Consumable,PACKING MATERIAL,PIANO STORE,39172110,KG,0,0,0
CON00080,CON00080,,"BOPP SELF ADHPESIVE TAPES 2"" SIZE : 48 mm X 65 Meters (PLAIN BROWN TAPE) in 1 BOX = 48 PCS",Consumable,PACKING MATERIAL,PIANO STORE,39199090,PER BOX,1900,0,0
CON00081,CON00081,,"BOPP SELF ADHPESIVE TAPES 2"" SIZE : 48 mm X 65 Meters (PLAIN TRANSPARENT) in 1 BOX = 48 PCS",Consumable,PACKING MATERIAL,PIANO STORE,39199090,PER BOX,1900,0,0
CON00082,CON00082,,"BOPP SELF ADHPESIVE TAPES 3"" SIZE : 48 mm X 65 Meters (BROWN TAPE)",Consumable,PACKING MATERIAL,PIANO STORE,39199090,PER BOX,1900,0,0
CON00083,CON00083,,"BOPP SELF ADHPESIVE TAPES 3"" SIZE : 48 mm X 65 Meters (TRANSPARENT) in 1 BOX = 48 PCS",Consumable,PACKING MATERIAL,PIANO STORE,39199090,PER BOX,1900,0,0
CON00084,CON00084,,STRAPPING ROLL SIZE : 12 mm X 6 Kg (VIRGIN PRINTED),Consumable,PACKING MATERIAL,PIANO STORE,39201011,ROLL,1000,0,0
CON00085,CON00085,,STRAPPING ROLL SIZE : 12 MM X 7.5 KG PLAIN WITHOUT PRINT 1 ROLL,Consumable,PACKING MATERIAL,PIANO STORE,39199090,KG,90,1,0
CON00086,CON00086,,"BOPP TAPE 3"" (MACHINE ROLL) SIZE : 72 mm X 650 Meters (BROWN)",Consumable,PACKING MATERIAL,PIANO STORE,39199090,ROLL,430,0,0
CON00087,CON00087,,"PLASTIC STRETCH FILM ROLLS SIZE: 12""",Consumable,PACKING MATERIAL,PIANO STORE,39209992,KG,0,0,0
CON00088,,,"PLASTIC STRETCH FILM ROLLS SIZE: 18""",Consumable,PACKING MATERIAL,PIANO STORE,39209992,Select,0,1,0
CON00089,CON00089,,"PLASTIC CONTAINER 7"" HEIGHT X 4.75"" WIDTH",Consumable,PACKING MATERIAL,PIANO STORE,3924,NO,25,0,0
CON00090,CON00090,,PLASTIC TUBE FOR WASHER MATERIAL PROCESS : BOLW MOLDING (SAPPHIRE BLUE COLOUR,Consumable,PACKING MATERIAL,PIANO STORE,3923,NO,8.27,0,0
CON00091,CON00091,,PLASTIC SHRINK 35MM (W) 26-27 MIC 500 MTR PER ROLL,Consumable,PACKING MATERIAL,PIANO STORE,39172990,MTR,0,0,0
CON00092,CON00092,,PLASTIC SHRINK 45MM (W) 26-27 MIC 500 MTR PER ROLL,Consumable,PACKING MATERIAL,PIANO STORE,39172990,MTR,0,0,0
CON00093,CON00093,,PLASTIC SHRINK 55MM (W) 26-27 MIC APPROX 2KG PER ROLL,Consumable,PACKING MATERIAL,PIANO STORE,39172990,KG,0,0,0
CON00094,CON00094,,PLASTIC SHRINK 65MM (W) 26-27 MIC APPROX 2.5KG PER ROLL,Consumable,PACKING MATERIAL,PIANO STORE,39172990,KG,0,0,0
CON00095,CON00095,,PLASTIC SHRINK 75MM (W) 26-27 MIC APPROX 2.7KG PER ROLL,Consumable,PACKING MATERIAL,PIANO STORE,39172990,KG,0,0,0
CON00096,CON00096,,PLASTIC SHRINK 90MM (W) 26-27 MIC APPROX 3.1KG PER ROLL,Consumable,PACKING MATERIAL,PIANO STORE,39172990,KG,0,0,0
CON00097,CON00097,,PLASTIC SHRINK 130MM (W) 26-27 MIC APPROX 5KG PER ROLL,Consumable,PACKING MATERIAL,PIANO STORE,39172990,KG,0,0,0
CON00098,CON00098,,PLASTIC SHRINK 140MM (W) 26-27 MIC APPROX 5.2KG PER ROLL,Consumable,PACKING MATERIAL,PIANO STORE,39172990,KG,0,0,0
CON00099,CON00099,,REGULAR GRADE SIC PAPER - WITH PSA10” POLISH PAPER WITH PSA 220 GRIT,Consumable,GENERAL CONSUMABLES,PIANO STORE,68052010,NOS,55,0,0
CON00100,CON00100,,REGULAR GRADE SIC PAPER - WITH PSA10” POLISH PAPER WITH PSA 320 GRIT,Consumable,GENERAL CONSUMABLES,PIANO STORE,68052010,NOS,55,0,0
CON00101,CON00101,,REGULAR GRADE SIC PAPER - WITH PSA10” POLISH PAPER WITH PSA 800 GRIT,Consumable,GENERAL CONSUMABLES,PIANO STORE,68052010,NOS,55,0,0
CON00102,CON00102,,REGULAR GRADE SIC PAPER - WITH PSA10” POLISH PAPER WITH PSA 1000 GRIT,Consumable,GENERAL CONSUMABLES,PIANO STORE,68052010,NOS,55,0,0
CON00103,CON00103,,REGULAR GRADE SIC PAPER - WITH PSA10” POLISH PAPER WITH PSA 1500 GRIT,Consumable,GENERAL CONSUMABLES,PIANO STORE,68052010,NOS,55,0,0
CON00104,CON00104,,METAL CLIPS ITEM CODE:- M163 (FOR: ASIAN NITRIDING PART) (METALAB),Consumable,MOULD-OTHERS,PIANO STORE,82074090,NOS,0,0,0
CON00105,CON00105,,M.S. WIRE 18 GAUGE,Consumable,TYING-OTHERS,PIANO STORE,29051100,KGS,0,1,0
CON00106,CON00106,,G. I. WIRE 24 GAUGE,Consumable,TYING-OTHERS,PIANO STORE,29051100,KGS,0,1,0
CON00107,,,M. S. ROD DIA 4MM,Consumable,PACKING MATERIAL,PIANO STORE,29051100,KGS,0,1,0
CON00108,,,M. S. ROD DIA 5MM,Consumable,PACKING MATERIAL,PIANO STORE,29051100,KGS,0,1,0
CON00109,,,M. S. ROD DIA 7MM,Consumable,PACKING MATERIAL,PIANO STORE,29051100,KGS,0,1,0
CON00110,CON00110,,"HAND GLOVES 8"" BLUE COTTON 30GM",Consumable,GENERAL CONSUMABLES,PIANO STORE,61169200,PAIR,7.75,0,0
CON00111,CON00111,,"HAND GLOVES 8"" BLUE COTTON 70GM",Consumable,GENERAL CONSUMABLES,PIANO STORE,61169200,PAIR,9.5,0,0
CON00112,CON00112,,"HAND GLOVES 14"" LEATHER",Consumable,GENERAL CONSUMABLES,PIANO STORE,61169200,PAIR,46,0,0
CON00113,CON00113,,"HAND GLOVES RUBBER YELLOW 18""",Consumable,GENERAL CONSUMABLES,PIANO STORE,29051100,PAIR,140,1,0
CON00114,CON00114,,SURGICAL HAND GLOVES WHITE,Consumable,GENERAL CONSUMABLES,PIANO STORE,9018,BOX,0,1,0
CON00115,CON00115,,SURGICAL HAND GLOVES BLUE,Consumable,GENERAL CONSUMABLES,PIANO STORE,9018,NOS,0,0,0
CON00116,CON00116,,HAND GLOVES 18 INCH COLOUR:- DARK YELLOW SUPRIME MAKE,Consumable,GENERAL CONSUMABLES,PIANO STORE,40159030,PAIR,0,0,0
CON00117,,,"POLYTHANE TUBE RUBBER GREEN OD:20MM , ID:10MM , LENGTH 300MM",Consumable,TOOL MATERIAL,PIANO STORE,29051100,NOS,127,1,0
CON00118,,,"POLYTHANE TUBE RUBBER GREEN OD:25MM , ID:10MM , LENGTH 300MM",Consumable,TOOL MATERIAL,PIANO STORE,29051100,NOS,207,1,0
CON00119,,,"POLYTHANE TUBE RUBBER GREEN OD:30MM , ID:10MM , LENGTH 300MM",Consumable,TOOL MATERIAL,PIANO STORE,29051100,NOS,293,1,0
CON00120,CON00120,,"POLYTHANE TUBE RUBBER GREEN OD:35MM , ID:10MM , LENGTH 300MM",Consumable,TOOL MATERIAL,PIANO STORE,29051100,NOS,414,1,0
CON00121,CON00121,,"POLYTHANE TUBE RUBBER GREEN OD:40MM , ID:10MM , LENGTH 300MM",Consumable,TOOL MATERIAL,PIANO STORE,29051100,NOS,558,1,0
CON00122,CON00122,,"POLYTHANE TUBE RUBBER YELLOW OD:25MM , ID:10MM , LENGTH 300MM",Consumable,TOOL MATERIAL,PIANO STORE,3917,NOS,207,0,0
CON00123,CON00123,,"POLYTHANE TUBE RUBBER YELLOW OD:30MM , ID:10MM , LENGTH 300MM",Consumable,TOOL MATERIAL,PIANO STORE,3917,NOS,293,0,0
CON00124,CON00124,,"HEXAGON BOLT 1/2"" x 4"" X 21MM HARD TEMPERED",Consumable,TOOL FIXTURE,PIANO STORE,73182300,KGS,0,1,0
CON00125,CON00125,,"NUT 1/2"" SOFT",Consumable,TOOL FIXTURE,PIANO STORE,73182300,KGS,0,0,0
CON00126,CON00126,,"NUT WITH BOLT 1""X4""X38 MM HARD TEMPER HEXGAON FULL THREAD",Consumable,TOOL FIXTURE,PIANO STORE,73182300,KGS,0,0,0
CON00127,CON00127,,"NUT WITH BOLT 1""X6""X38 MM HARD TEMPER HEXGAON FULL THREAD",Consumable,TOOL FIXTURE,PIANO STORE,73182300,KGS,0,0,0
CON00128,CON00128,,"NUT & BOLT HARD TEMPER SIZE: 1/2"" X 7"" X 21 MM HARD & TEMPER",Consumable,TOOL FIXTURE,PIANO STORE,73182300,KGS,0,0,0
CON00129,CON00129,,"BOLT SOFT CONDITION 3/8"" X 2"" X 15 MM (FOR: I04099)",Consumable,TOOL FIXTURE,PIANO STORE,73182300,KGS,0,0,0
CON00130,CON00130,,"M S NUT 3/8"" SOFT",Consumable,TOOL FIXTURE,PIANO STORE,73182300,KGS,0,0,0
CON00131,CON00131,,"BOLT 5/8"" X 2 1/2"" X 24MM SOFT CONDITION",Consumable,TOOL FIXTURE,PIANO STORE,73182300,KGS,0,0,0
CON00132,CON00132,,"NUT 5/8"" HARD TEMPERED (24 MM OUT SIDE)",Consumable,TOOL FIXTURE,PIANO STORE,73182300,KGS,0,1,0
CON00133,CON00133,,"SOFT BOLT 5/8"" X 3/1/2"" (88MM )",Consumable,TOOL FIXTURE,PIANO STORE,73182300,KGS,0,0,0
CON00134,,,NONWOVEN FILTER PAPER ROLLS FOR: DOUBLE DISC GRINDING MACHINE YHM700 (700MM WIDTH) & MACHINE YHM-580 (700MM WIDTH),Consumable,GENERAL CONSUMABLES,PIANO STORE,5603,ROLL,1700,1,0
CON00135,,,NONWOVEN FILTER PAPER ROLLS FOR: DOUBLE DISC GRINDING MACHINE MODEL : YHM750 (960MM WIDTH) &,Consumable,GENERAL CONSUMABLES,PIANO STORE,5603,ROLL,1800,1,0
CON00136,,,FILTER (BIG) FILTER CARTRIDGE WITH SIDE NIPPLE DIMENSION :- 300 X 59 X 500,Consumable,GENERAL CONSUMABLES,PIANO STORE,29051100,NOS,4100,1,0
CON00137,CON00137,,"VCI PLASTIC BAG - 18"" X 24"" GRADE :- 75 MICRONS /BLUE COLOR",Consumable,PACKING MATERIAL,PIANO STORE,39232100,NOS,0,0,0
CON00138,CON00138,,"VCI PLASTIC BAG - 6"" X 9"" GRADE :- 75 MICRONS /BLUE COLOR",Consumable,PACKING MATERIAL,PIANO STORE,39232100,NOS,0,0,0
CON00139,CON00139,,"VCI PE LAMINATED PAPER GERMANY GRADE :- FERROGATED 50B, GSM :- 74 ± 5(1 X 500 MTR.)",Consumable,PACKING MATERIAL,PIANO STORE,29051100,MTR,26,1,0
CON00140,CON00140,,AOMT123608PEER-H-VP15TF MAKE (MITSUBISHI),Consumable,TOOL MATERIAL,PIANO STORE,82090010,NOS,622,0,0
CON00141,CON00141,,RPMT1204M0E-JS-VP15TF MAKE (MITSUBISHI),Consumable,TOOL MATERIAL,PIANO STORE,82090010,NOS,472,0,0
CON00142,CON00142,,INSERT TNMG 160404 MP TT5080 MAKE: TAEGUTEC,Consumable,TOOL MATERIAL,PIANO STORE,82090010,NOS,0,0,0
CON00143,,,INSERT DCMT 070202 FA TT9080 MAKE: TAEGUTEC,Consumable,TOOL MATERIAL,PIANO STORE,29051100,NOS,0,1,0
CON00144,CON00144,,INSERT WNMG 060404 M T T T 5080 MAKE: TAEGUTEC,Consumable,TOOL MATERIAL,PIANO STORE,82090010,NOS,0,0,0
CON00145,CON00145,,INSERT DCMT 070204 FG TT5080 MAKE: TAEGUTEC,Consumable,TOOL MATERIAL,PIANO STORE,82090010,NOS,0,0,0
CON00146,CON00146,,INSERT TNMG 160408 EM TT5080 MAKE: TAEGUTEC,Consumable,TOOL MATERIAL,PIANO STORE,82090010,NOS,0,0,0
CON00147,CON00147,,INSERT CNMG 120404 MP TT5080 MAKE: TAEGUTEC,Consumable,TOOL MATERIAL,PIANO STORE,82090010,NOS,0,0,0
CON00148,CON00148,,CCMT 060204-TT-5080 MAKE: TAEGUTEC,Consumable,TOOL MATERIAL,PIANO STORE,82090010,NOS,0,0,0
CON00149,CON00149,,INSERT VNGG 160402 ML TT5080 MAKE: TAEGUTEC,Consumable,TOOL MATERIAL,PIANO STORE,82090010,NOS,0,0,0
CON00150,CON00150,,SCREW - SO 25065I MAKE: TAEGUTEC,Consumable,TOOL MATERIAL,PIANO STORE,82090010,NOS,0,0,0
CON00151,CON00151,,SCREW SO 25050I MAKE: TAEGUTEC,Consumable,TOOL MATERIAL,PIANO STORE,82090010,NOS,0,0,0
CON00152,CON00152,,S10K SDQCR 07 BOARING BAR,Consumable,TOOL MATERIAL,PIANO STORE,82090010,NOS,0,0,0
CON00153,CON00153,,S12M SDQCR 07 BOARING BAR,Consumable,TOOL MATERIAL,PIANO STORE,82090010,NOS,0,0,0
CON00154,CON00154,,FOR : TWLNR 2020-K06 HOLDER SCREW: DLS 3,Consumable,TOOL MATERIAL,PIANO STORE,82090010,NOS,0,0,0
CON00155,CON00155,,INSERT QOGT11 R 0.8 MAKE : IMPORTED DOLFIN,Consumable,TOOL MATERIAL,PIANO STORE,82079090,NOS,0,0,0
CON00156,CON00156,,CUTTER BODY DIE 20MM X R 0.8 MAKE : IMPORTED DOLFIN,Consumable,TOOL MATERIAL,PIANO STORE,82090010,NOS,0,0,0
CON00157,CON00157,,VBMT 110302 VF PR1425 MAKE: KYOCERA,Consumable,TOOL MATERIAL,PIANO STORE,82090010,NOS,0,0,0
CON00158,,,INSERT WNMG 060404 N-LUW T15OOA MAKE: MOTHERSON,Consumable,TOOL MATERIAL,PIANO STORE,82090010,NOS,0,1,0
CON00159,CON00159,,INSERT VBMT 110302 NSU AC530U MAKE: MOTHERSON,Consumable,TOOL MATERIAL,PIANO STORE,82090010,NOS,0,0,0
CON00160,CON00160,,INSERT VBMT 110304 NSU AC530U MAKE: MOTHERSON,Consumable,TOOL MATERIAL,PIANO STORE,82090010,NOS,0,0,0
CON00161,,,INSERT TNMG 160404 N-SU T200Z MAKE: MOTHERSON,Consumable,TOOL MATERIAL,PIANO STORE,82090010,NOS,0,1,0
CON00162,CON00162,,CNMG 120404 NSU AC8025P MAKE:- SUMITOMO,Consumable,TOOL MATERIAL,PIANO STORE,82090010,NOS,0,0,0
CON00163,,,INSERT CNMG 120402 N-SU-T1500Z MAKE:- SUMITOMO,Consumable,TOOL MATERIAL,PIANO STORE,82090010,NOS,0,1,0
CON00164,CON00164,,INSERT WBGT 0601014 FY AC 1030U MAKE:- SUMITOMO,Consumable,TOOL MATERIAL,PIANO STORE,82090010,NOS,0,0,0
CON00165,CON00165,,JDMT 070208 RJM 4160,Consumable,TOOL MATERIAL,PIANO STORE,29051100,NOS,580,1,0
CON00166,CON00166,,BORING BAR S16K-FSVJBR11 MAKE:- E-CHAIN,Consumable,TOOL MATERIAL,PIANO STORE,82090010,NOS,0,0,0
CON00167,CON00167,,S10K SCLCR 06 BOARING BAR MAKE :- WIDAX TOOL MATERIAL HOLDER,Consumable,TOOL MATERIAL,PIANO STORE,82090010,NOS,0,0,0
CON00168,CON00168,,INSERT 16LR 1.5 ISO HS5125 MAKE :- HADSTO,Consumable,TOOL MATERIAL,PIANO STORE,82090010,NOS,0,0,0
CON00169,CON00169,,HOLDER TTER - 25252-T17 MAKE :- TAKISA,Consumable,TOOL MATERIAL,PIANO STORE,82090010,NOS,0,0,0
CON00170,CON00170,,4B-312-INSERT CLAMP SCREW MAKE :- KOBTEK,Consumable,TOOL MATERIAL,PIANO STORE,82090010,NOS,0,0,0
CON00171,CON00171,,ER25 COLLET 7-8 MM MAKE KTA,Consumable,TOOL MATERIAL,PIANO STORE,84661010,NOS,0,0,0
CON00172,CON00172,,COLLET ER 25 9-10 MM MAKE KTA,Consumable,TOOL MATERIAL,PIANO STORE,84661010,NOS,0,0,0
CON00173,CON00173,,COLLET ER 25 4MM MAKE KTA,Consumable,TOOL MATERIAL,PIANO STORE,84661010,NOS,0,0,0
CON00174,CON00174,,COLLET ER 25 14-15MM MAKE KTA,Consumable,TOOL MATERIAL,PIANO STORE,84661010,NOS,0,0,0
CON00175,CON00175,,COLLET ER 25 5MM MAKE KTA,Consumable,TOOL MATERIAL,PIANO STORE,84661010,NOS,0,0,0
CON00176,CON00176,,COLLET ER 25 3MM MAKE KTA,Consumable,TOOL MATERIAL,PIANO STORE,84661010,NOS,0,0,0
CON00177,CON00177,,COLLET ER 25 6-7MM MAKE KTA,Consumable,TOOL MATERIAL,PIANO STORE,84661010,NOS,0,0,0
CON00178,CON00178,,COLLET ER-32 :- 3 TO 4MM MAKE KTA,Consumable,TOOL MATERIAL,PIANO STORE,84661010,NOS,0,0,0
CON00179,CON00179,,HOLDER SLN R/R 1616-16 MAKE: E-CHAIN,Consumable,TOOL MATERIAL,PIANO STORE,29051100,NOS,0,1,0
CON00180,CON00180,,FOR: CMC LATHE (P20014) FOR: HOLDER T-CLAMP TTER 2020-2T17 REQUIRED 2MM INSERT TDJ 2-0.2 TG 4325 MAKE: TOSS- KOREA,Consumable,TOOL MATERIAL,PIANO STORE,84661010,NOS,0,0,0
CON00181,CON00181,,INSERT 11IR A60-B-AH725 INTERNAL PARTIRAL PROFILE0-2 MM INSERT CODE:- 11IR A60 (0.5-1.5 PITCH MAKE: TANGALOY,Consumable,TOOL MATERIAL,PIANO STORE,84661010,NOS,0,0,0
CON00182,,,CARBIDE DRILL DIE 14.5 (DIA 14.5 X FLUTE LENGTH120 X TOTAL LENGTH 160),Consumable,TOOL MATERIAL,PIANO STORE,29051100,NOS,0,1,0
CON00183,CON00183,,BALL NOSED DIE 2 X 2 FLUTE LENGTH 10MM,Consumable,TOOL MATERIAL,PIANO STORE,82079090,NOS,0,0,0
CON00184,CON00184,,BALL NOSED DIE 3 X 2 FLUTE,Consumable,TOOL MATERIAL,PIANO STORE,82079090,NOS,0,0,0
CON00185,CON00185,,BALL NOSED DIE 3MM X 4 FLUTE MAKE : GERMAN,Consumable,TOOL MATERIAL,PIANO STORE,82079090,NOS,0,0,0
CON00186,CON00186,,BALL NOSED DIE 4MM X 2 FLUTE LENGTH 18MM,Consumable,TOOL MATERIAL,PIANO STORE,82079090,NOS,0,0,0
CON00187,CON00187,,BALL NOSED DIE 4MM X 4 FLUTE MAKE : GERMAN,Consumable,TOOL MATERIAL,PIANO STORE,82079090,NOS,0,0,0
CON00188,CON00188,,BALL NOSED DIE 1MM X 2 FLUTE,Consumable,TOOL MATERIAL,PIANO STORE,82079090,NOS,0,0,0
CON00189,CON00189,,END MILL DIA 1MM X 5MM LENGTH 4 FLUTE,Consumable,TOOL MATERIAL,PIANO STORE,82079090,NOS,0,0,0
CON00190,CON00190,,END MILL DIA 1MM X 10MM LENGTH 4 FLUTE,Consumable,TOOL MATERIAL,PIANO STORE,82079090,NOS,0,0,0
CON00191,CON00191,,END MILL DIE 1 X 4 FLUTE X LENGTH 10 MM,Consumable,TOOL MATERIAL,PIANO STORE,82079090,NOS,0,0,0
CON00192,CON00192,,END MILL DIA 2MM X FLUTE 2MM LENGTH 15MM,Consumable,TOOL MATERIAL,PIANO STORE,82079090,NOS,0,0,0
CON00193,CON00193,,END MILL DIE 2MM X 2 FLUTE (10MM LONG ),Consumable,TOOL MATERIAL,PIANO STORE,82079090,NOS,0,0,0
CON00194,CON00194,,END MILL DIE 2 X 4 FLUTE X LENGTH 10 MM,Consumable,TOOL MATERIAL,PIANO STORE,82079090,NOS,0,0,0
CON00195,CON00195,,END MILL DIE 2 X 4 FLUTE X LENGTH 15 MM,Consumable,TOOL MATERIAL,PIANO STORE,82079090,NOS,0,0,0
CON00196,CON00196,,END MILL DIE 3MM X 4 FLUTE,Consumable,TOOL MATERIAL,PIANO STORE,29051100,NOS,0,1,0
CON00197,CON00197,,END MILL DIE 4MM X 4 FLUTE,Consumable,TOOL MATERIAL,PIANO STORE,82079090,NOS,0,0,0
CON00198,CON00198,,END MILL DIE 5MM X 4 FLUTE,Consumable,TOOL MATERIAL,PIANO STORE,29051100,NOS,0,1,0
CON00199,CON00199,,END MILLS DIE 6 MM X 4 FLUTE,Consumable,TOOL MATERIAL,PIANO STORE,29051100,NOS,0,1,0
CON00200,CON00200,,END MILLS DIE 8 MM X 4 FLUTE,Consumable,TOOL MATERIAL,PIANO STORE,29051100,NOS,0,1,0
CON00201,CON00201,,END MILLS DIE 10 MM X 4 FLUTE,Consumable,TOOL MATERIAL,PIANO STORE,29051100,NOS,0,1,0
CON00202,CON00202,,END MILLS DIE 12 MM X 4 FLUTE,Consumable,TOOL MATERIAL,PIANO STORE,82079090,NOS,0,0,0
CON00203,CON00203,,END MILLS DIE 16 MM X 4 FLUTE,Consumable,TOOL MATERIAL,PIANO STORE,82079090,NOS,0,0,0
CON00204,CON00204,,BALL NOSED 6 X 2 FLUTE (G8A2060) MAKE: YG,Consumable,TOOL MATERIAL,PIANO STORE,8204,NOS,0,0,0
CON00205,CON00205,,BALL NOSED DIE 5 X 2 FLUTE MAKE: YG,Consumable,TOOL MATERIAL,PIANO STORE,8204,NOS,0,0,0
CON00206,CON00206,,BALLNOSED DIA 6MM X 4 FLUTE FOR 70 HRC MAKE :-GERMAN (ALUMINIA),Consumable,TOOL MATERIAL,PIANO STORE,82079090,NOS,0,0,0
CON00207,,,PM- SPIRAL FLUTED TAPS A-SFT 6HX M8X1.25 DIN371 6HX M8 X 1.25 PITCH MAKE: OSG/ASFT,Consumable,TOOL MATERIAL,PIANO STORE,8207,NOS,0,1,0
CON00208,CON00208,,HSS TAP 1/4 INCH (3PCS PER SET) MAKE :- TOTEM,Consumable,TOOL MATERIAL,PIANO STORE,8207,SET,0,0,0
CON00209,CON00209,,H S S TAP M8 X 1.25 (3PCS IN 1 SET) MAKE :- TOTEM,Consumable,TOOL MATERIAL,PIANO STORE,8207,SET,0,0,0
CON00210,CON00210,,H S S TAP M5 X 0.8 (3PCS IN 1 SET) MAKE :- TOTEM,Consumable,TOOL MATERIAL,PIANO STORE,8207,SET,0,0,0
CON00211,CON00211,,H S S TAP M10 X 1.5 (SET OF 3PCS) MAKE :- TOTEM,Consumable,TOOL MATERIAL,PIANO STORE,8207,SET,0,0,0
CON00212,CON00212,,H.S.S TAP,Consumable,TOOL MATERIAL,PIANO STORE,8207,SET,0,1,0
CON00213,CON00213,,TAP M4 X 0.7 - 6H SP. FLUTE TIN DIN -371 MAKE - EMKAYY TOOL MATERIALS,Consumable,TOOL MATERIAL,PIANO STORE,8207,NOS,0,0,0
CON00214,CON00214,,TAP M5 X 0.8 -6G SP.PT TIN DIN -371 MAKE - EMKAYY TOOL MATERIALS,Consumable,TOOL MATERIAL,PIANO STORE,8207,NOS,0,0,0
CON00215,CON00215,,TAP M8 X 1.25 6H SP FLUTE TIN- HSS-E MAKE - EMKAYY TOOL MATERIALS,Consumable,TOOL MATERIAL,PIANO STORE,8207,NOS,0,0,0
CON00216,CON00216,,TAP M6 X 1 - 6G SPPT TIN DIN - 371,Consumable,TOOL MATERIAL,PIANO STORE,8207,NOS,0,1,0
CON00217,CON00217,,CARBIDE TIP E12 TH20 MAKE: KENNAMETAL,Consumable,TOOL MATERIAL,PIANO STORE,8209,NOS,0,0,0
CON00218,CON00218,,CARBIDE TIPS TPKN 2204 PDR- TTMS MAKE: WIDIA,Consumable,TOOL MATERIAL,PIANO STORE,8207500,NOS,0,0,0
CON00219,CON00219,,CARBIDE TOOL MATERIAL 6 X 6 X 100 (WIDIA) MAKE: WIDIA,Consumable,TOOL MATERIAL,PIANO STORE,8207500,NOS,0,0,0
CON00220,CON00220,,H S S DRILL 2.0 MM MAKE: ADDISON,Consumable,TOOL MATERIAL,PIANO STORE,8207500,NOS,0,0,0
CON00221,CON00221,,HSS DRILL 2.5 MM (ST.SHANK DRILL) MAKE: ADDISON,Consumable,TOOL MATERIAL,PIANO STORE,8207500,NOS,0,0,0
CON00222,CON00222,,H S S DRILL 2.8 MM MAKE: ADDISON,Consumable,TOOL MATERIAL,PIANO STORE,8207500,NOS,0,0,0
CON00223,CON00223,,H S S DRILL 2.9 MM MAKE: ADDISON,Consumable,TOOL MATERIAL,PIANO STORE,8207500,NOS,0,0,0
CON00224,CON00224,,HSS DRILL 3.4 MM MAKE: ADDISON,Consumable,TOOL MATERIAL,PIANO STORE,8207500,NOS,0,0,0
CON00225,CON00225,,HSS DRILL 4 MM MAKE: ADDISON,Consumable,TOOL MATERIAL,PIANO STORE,8207500,NOS,0,0,0
CON00226,CON00226,,H S S DRILL 5.0 MM MAKE: ADDISON,Consumable,TOOL MATERIAL,PIANO STORE,8207500,NOS,0,0,0
CON00227,CON00227,,HSS DRILL 5.8 MM MAKE: ADDISON,Consumable,TOOL MATERIAL,PIANO STORE,8207500,NOS,0,0,0
CON00228,CON00228,,HSS DRILL 5.9 MM MAKE: ADDISON,Consumable,TOOL MATERIAL,PIANO STORE,8207500,NOS,0,0,0
CON00229,CON00229,,HSS DRILL 6.1 MM MAKE: ADDISON,Consumable,TOOL MATERIAL,PIANO STORE,8207500,NOS,0,0,0
CON00230,CON00230,,H S S DRILL 7 MM MAKE: ADDISON,Consumable,TOOL MATERIAL,PIANO STORE,8207500,NOS,0,0,0
CON00231,CON00231,,HSS DRILL 9 MM MAKE: ADDISON,Consumable,TOOL MATERIAL,PIANO STORE,8207500,NOS,0,0,0
CON00232,CON00232,,HSS DRILL 10 MM (HSS STRAIGHT SHANK DRILL 10 MM) MAKE: ADDISON,Consumable,TOOL MATERIAL,PIANO STORE,8207500,NOS,0,0,0
CON00233,CON00233,,HSS DRILL 10.1 MM,Consumable,TOOL MATERIAL,PIANO STORE,8207500,NOS,0,0,0
CON00234,CON00234,,HSS DRILL 11 MM (HSS STRAIGHT SHANK DRILL 11 MM),Consumable,TOOL MATERIAL,PIANO STORE,8207500,NOS,0,0,0
CON00235,CON00235,,CARBIDE TIP DRILL 4MM,Consumable,TOOL MATERIAL,PIANO STORE,8207500,NOS,0,0,0
CON00236,CON00236,,CARBIDE TIP DRILL 5MM,Consumable,TOOL MATERIAL,PIANO STORE,8207500,NOS,0,0,0
CON00237,CON00237,,CARBIDE TIP 10MM,Consumable,TOOL MATERIAL,PIANO STORE,8207500,NOS,0,0,0
CON00238,,,CARBIDE DRILL DIA 6MM,Consumable,TOOL MATERIAL,PIANO STORE,29051100,NOS,0,1,0
CON00239,,,CARBIDE DRILL DIA 7MM,Consumable,TOOL MATERIAL,PIANO STORE,29051100,NOS,0,1,0
CON00240,CON00240,,CARBIDE DRILL DIA 8MM,Consumable,TOOL MATERIAL,PIANO STORE,8207500,NOS,0,0,0
CON00241,CON00241,,CARBIDE DRILL DIA 11MM,Consumable,TOOL MATERIAL,PIANO STORE,8207500,NOS,0,0,0
CON00242,CON00242,,CARBIDE DRILL DIA 12MM,Consumable,TOOL MATERIAL,PIANO STORE,8207500,NOS,0,0,0
CON00243,,,DIAMOND DRESSER 1.5 CRT MAKE: STAR,Consumable,TOOL MATERIAL,PIANO STORE,29051100,NOS,1419,1,0
CON00244,CON00244,,DIAMOND DRESSER D G- 10 MAKE: STAR,Consumable,TOOL MATERIAL,PIANO STORE,8207500,NOS,0,0,0
CON00245,,,DIAMOND FILE H/ROUND,Consumable,TOOL MATERIAL,PIANO STORE,29051100,NOS,989,1,0
CON00246,,,DIAMOND FILE ROUND DIAMOND NEEDLE FILE 16 CM ROUND MAKE :- J K FILES & TOOL MATERIALS,Consumable,TOOL MATERIAL,PIANO STORE,29051100,NOS,989,1,0
CON00247,,,DIAMOND FILE H/ROUND DIAMOND NEEDLE FILE 16 CM HALF ROUND MAKE :- J K FILES & TOOL MATERIALS,Consumable,TOOL MATERIAL,PIANO STORE,29051100,NOS,989,1,0
CON00248,,,DIAMOND FILE FLAT DIAMOND NEEDLE FILE 16 CM FLAT MAKE :- J K FILES & TOOL MATERIALS,Consumable,TOOL MATERIAL,PIANO STORE,29051100,NOS,898,1,0
CON00249,CON00249,,"BASTARD FILE FLAT ( ROUGH ) 200 MM ( 8"" ) MAKE :- J K FILES & TOOL MATERIALS",Consumable,TOOL MATERIAL,PIANO STORE,29051100,NOS,265,1,0
CON00250,CON00250,,"BASTARD FILE H/ROUND 200 MM ( 8"" ) MAKE :- J K FILES & TOOL MATERIALS",Consumable,TOOL MATERIAL,PIANO STORE,8203,NOS,265,0,0
CON00251,CON00251,,COTTON CLOTH (RAGS) COTTON WASTE,Consumable,GENERAL CONSUMABLES,PIANO STORE,63101020,KGS,35,0,0
CON00252,CON00252,,COTTON CLOTH CHIPS,Consumable,GENERAL CONSUMABLES,PIANO STORE,5202,KGS,20,0,0
CON00253,CON00253,,PACKING CLIP 12MM GI,Consumable,PACKING MATERIAL,PIANO STORE,29051100,KGS,75,1,0
CON00254,,,"PLAIN EDM BRASS WIRE 0.25MM DIA SPOOL- EP 5 (5KG),TEMPER HARD 1000N/mmsqMAKE: MUCUT",Consumable,WIRECUT,PIANO STORE,29051100,KGS,0,1,0
CON00255,CON00255,,BRASS PIPE ELECTRODE 1.0 BRASS TUBES SINGLE HOLE 1 MM X 400 MM,Consumable,WIRECUT,PIANO STORE,74112900,NOS,20,0,0
CON00256,CON00256,,BRASS PIPE ELECTRODE DIE 0.50 BRASS TUBES SINGLE HOLE 0.50 MM X 400 MM,Consumable,WIRECUT,PIANO STORE,74112900,NOS,20,0,0
CON00257,CON00257,,EXCETEK/ACCUTEX WEDM GUIDE S103 ID = 0.255/ 0.26MM,Consumable,WIRECUT,PIANO STORE,84669390,NOS,6250,0,0
CON00258,CON00258,,GRINDING WHEEL 350 X 55 X 25.4 BDW (W) 130 AA80I,Consumable,WHEELS GRINDING,PIANO STORE,68042210,NOS,4360,0,0
CON00259,,,GRINDING WHEEL 400 X 100 X 254MM GRADE : AA 80H,Consumable,WHEELS GRINDING,PIANO STORE,68042210,NOS,6000,1,0
CON00260,,,GRINDING WHEEL 450 X 100 X 254 GRADE : AA80H,Consumable,WHEELS GRINDING,PIANO STORE,68042210,NOS,6665,1,0
CON00261,CON00261,,GRINDING WHEEL 250 X 25 X 76.20 GRADE :- 38A46-/54 K5V20,Consumable,WHEELS GRINDING,PIANO STORE,68042210,NOS,2354,0,0
CON00262,CON00262,,GRINDING WHEEL 200 X 20 X 50.8 GRADE :- 38A46/54 KV20,Consumable,WHEELS GRINDING,PIANO STORE,68042210,NOS,906,0,0
CON00263,CON00263,,GRINDING WHEEL 585 X 75 X 195 GRADE :- 38A60LB24X MAKE : GRINDWELL NORTON,Consumable,WHEELS GRINDING,PIANO STORE,68042210,NOS,32000,0,0
CON00264,CON00264,,GRINDING WHEEL 300 X 25 X 76.2 01/A GRADE :- 38A46-54K5VBE,Consumable,WHEELS GRINDING,PIANO STORE,68042210,NOS,2680,0,0
CON00265,,,GRINDING WHEEL 180X13X31.75 GRADE :- AA46/54 K5 V8 MAKE - CARBORANDUM,Consumable,WHEELS GRINDING,PIANO STORE,68042210,NOS,552,1,0
CON00266,,,GRINDING WHEEL 200X20X50.8 GRADE :- AA46/54 K5 V8 MAKE - CARBORANDUM,Consumable,WHEELS GRINDING,PIANO STORE,68042210,NOS,860,1,0
CON00267,CON00267,,GRINDING WHEEL 200 X 25 X 31.75 GC60 COLOUR :- GREEN WHEEL,Consumable,WHEELS GRINDING,PIANO STORE,68042210,NOS,2354,0,0
CON00268,CON00268,,GRINDING WHEEL 350 X 50 X 100 GRADE : C 60 K5 BS FOR SS JOB (N15030 / N15031 / N15032),Consumable,WHEELS GRINDING,PIANO STORE,68042210,NOS,1768,0,0
CON00269,CON00269,,GRINDING WHEEL 205 X 40 X 127 MM GRADE : AA220 H6 VC8 DIAMOND DRESSER WHEEL,Consumable,WHEELS GRINDING,PIANO STORE,68042210,NOS,4730,0,0
CON00270,CON00270,,GRINDING WHEEL 350 X 50 X 100 MM GRADE :- A60 P5 BS FOR SOFT COMPONENT,Consumable,WHEELS GRINDING,PIANO STORE,68042210,NOS,2295,0,0
CON00271,CON00271,,GRINDING WHEEL 350 X 50 X 100 MM GRADE :- AA80 K5 BS FOR SOFT COMPONENT,Consumable,WHEELS GRINDING,PIANO STORE,68042210,NOS,5145,0,0
CON00272,,,GRINDING WHEEL 350 X 50 X 100 MM GRADE :- AA 80 I + 5 BS,Consumable,WHEELS GRINDING,PIANO STORE,68042210,NOS,4116,1,0
CON00273,CON00273,,GRINDING WHEEL 350 X 50 X 100 MM GRADE :- BDW (B),Consumable,WHEELS GRINDING,PIANO STORE,68042210,NOS,4116,0,0
CON00274,CON00274,,GRINDING WHEEL 350 X 55 X 25 MM GRADE :- AA60 (TRIAL),Consumable,WHEELS GRINDING,PIANO STORE,68042210,NOS,2800,0,0
CON00275,CON00275,,ETHANOL(MIBKE) 500ML BOTTLE,Consumable,WHEELS GRINDING,PIANO STORE,68042210,NOS,3200,0,0
CON00276,CON00276,,SODIUM CHLORIDE (NACL) POWDER PACKING 6 X 5KG LR GRADE,Consumable,CHEMICAL FINISHING,PIANO STORE,29051100,NOS,380,1,0
CON00277,CON00277,,PARAFFIN LIQUID (500 ML) GRADE: LR LIGHT LIQUID,Consumable,CHEMICAL FINISHING,PIANO STORE,2501,KGS,174,0,0
CON00278,CON00278,,HYDROCHLORIC ACID HCL (500ML),Consumable,CHEMICAL FINISHING,PIANO STORE,29051100,NOS,320,1,0
CON00279,CON00279,,SILVER NITRATE SOL 0.1N ( 500ML) MAKE: JINS CHEMIELAB,Consumable,CHEMICAL FINISHING,PIANO STORE,28061000,NOS,240,0,0
CON00280,CON00280,,D(-)MANNITOL POWDER (250GM),Consumable,CHEMICAL FINISHING,PIANO STORE,2843,NOS,1850,0,0
CON00281,CON00281,,ETHYLENEDIAMINE TETRA ACETATED SODIUM DIHYDROGEN SOLUTION 0.1N (500ML),Consumable,CHEMICAL FINISHING,PIANO STORE,2905,NOS,675,0,0
CON00282,CON00282,,AMMONIA SOLUTION ABOUT 25%(500 ML) MAKE - JINS CHEMIELAB,Consumable,CHEMICAL FINISHING,PIANO STORE,2922,NOS,210,0,0
CON00283,CON00283,,ERIOCHROME BLACK T (25 GM),Consumable,CHEMICAL FINISHING,PIANO STORE,2814,NOS,200,0,0
CON00284,CON00284,,AMMONIUM CHLORIDE (500 GM) MAKE - JINS CHEMIELAB,Consumable,CHEMICAL FINISHING,PIANO STORE,3204,NOS,360,0,0
CON00285,CON00285,,COPPER SULPHATE POWDER PACKING SIZE: 4 X 500GM,Consumable,CHEMICAL FINISHING,PIANO STORE,2827,NOS,230,0,0
CON00286,CON00286,,"1 , 5-DIPHENYL CARBAZIDE 25GM JINS CHEMIELAB",Consumable,CHEMICAL FINISHING,PIANO STORE,2833,NOS,400,0,0
CON00287,CON00287,,SULPHURIC ACID(500ML) LR GRADE MAKE: JINS CHEMIELAB,Consumable,CHEMICAL FINISHING,PIANO STORE,2928,NOS,1100,0,0
CON00288,CON00288,,BEAKER (250 ML) MAKE:- BOROSIL,Consumable,CHEMICAL FINISHING,PIANO STORE,2807,NOS,320,0,0
CON00289,CON00289,,ISO PROPYL ALCOHOL GRADE: COMMERCIAL PACKING SIZE:- 1 X 5LTR,Consumable,CHEMICAL FINISHING,PIANO STORE,29051100,CAN,99,1,0
CON00290,CON00290,,ORTHOPHOSPHORIC ACID MAKE: ADITYA BIRLA,Consumable,CHEMICAL FINISHING,PIANO STORE,2905,LTR,220,0,0
CON00291,CON00291,,ACENTONE BOTTLE 500ML BOTTLE,Consumable,CHEMICAL FINISHING,PIANO STORE,2809,KGS,125,0,0
CON00292,CON00292,,SEPARATORY FUNNEL (500ML),Consumable,CHEMICAL FINISHING,PIANO STORE,2914,NOS,305,0,0
CON00293,CON00293,,BUFFER CAPSULES PH7,Consumable,CHEMICAL FINISHING,PIANO STORE,7017,NOS,1809,0,0
CON00294,CON00294,,BUFFER CAPSULES PH4,Consumable,CHEMICAL FINISHING,PIANO STORE,3822,NOS,200,0,0
CON00295,CON00295,,BARIUM CHLORIDE DIHYDRATE (500GM),Consumable,CHEMICAL FINISHING,PIANO STORE,3822,NOS,200,0,0
CON00296,CON00296,,WHATMAN FILTER PAPER NO-44,Consumable,CHEMICAL FINISHING,PIANO STORE,2827,NOS,240,0,0
CON00297,CON00297,,EN8 FLAT (IND) 32 X 285 X 285,Consumable,CHEMICAL FINISHING,PIANO STORE,4823,BOX,4845,0,0
CON00298,,,EN8 FLAT (IND) 40 X 250 MM,Consumable,TOOL MATERIAL,TOOL STORE,72149990,KGS,0,1,0
CON00299,CON00299,,EN8 ROUND DIA 130,Consumable,TOOL MATERIAL,TOOL STORE,72149990,KGS,90,0,0
CON00300,CON00300,,EN8 FLAT (IND) 20 X 80 MM,Consumable,TOOL MATERIAL,TOOL STORE,72149990,KGS,85,1,0
CON00301,,,EN8 FLAT (IND) 25 X 80 MM,Consumable,TOOL MATERIAL,TOOL STORE,72149990,KGS,90,1,0
CON00302,CON00302,,EN8 FLAT (IND) 32 X 80 MM,Consumable,TOOL MATERIAL,TOOL STORE,72149990,KGS,90,1,0
CON00303,CON00303,,EN8 FLAT (IND) 20 X 130 MM,Consumable,TOOL MATERIAL,TOOL STORE,72149990,KGS,90,1,0
CON00304,CON00304,,EN8 FLAT (IND) 40 X 200 MM,Consumable,TOOL MATERIAL,TOOL STORE,72149990,KGS,90,1,0
CON00305,CON00305,,EN8 FLAT (IND) 20 X 100 MM,Consumable,TOOL MATERIAL,TOOL STORE,72149990,KGS,90,1,0
CON00306,CON00306,,EN8 FLAT (IND) 20 X 250 MM,Consumable,TOOL MATERIAL,TOOL STORE,72149990,KGS,90,1,0
CON00307,CON00307,,EN8 FLAT(IND) 40 X 250 MM,Consumable,TOOL MATERIAL,TOOL STORE,72149990,KGS,90,1,0
CON00308,CON00308,,EN8 ROUND (IND) DIA 250 X 15 MM,Consumable,TOOL MATERIAL,TOOL STORE,72149990,KGS,90,0,0
CON00309,CON00309,,PIPE DIE 60 MM EN8 ID 40MM,Consumable,TOOL MATERIAL,TOOL STORE,72283019,KGS,85,0,0
CON00310,CON00310,,PIPE DIE OD 115 X ID 90 LENGTH 300 MM EN8,Consumable,TOOL MATERIAL,TOOL STORE,0,KGS,85,0,0
CON00311,CON00311,,EN8 DIA 28 MM,Consumable,TOOL MATERIAL,TOOL STORE,0,KGS,85,0,0
CON00312,CON00312,,EN8-M BRIGHT BAR DIA 25.40 X 5 FEET,Consumable,TOOL MATERIAL,TOOL STORE,72141010,KGS,85,0,0
CON00313,CON00313,,EN8 PIPE OD:- 55 ID:- 20,Consumable,TOOL MATERIAL,TOOL STORE,0,KGS,0,0,0
CON00314,CON00314,,ROUND DIE 70 EN8 70MM BAR,Consumable,TOOL MATERIAL,TOOL STORE,0,KGS,85,0,0
CON00315,CON00315,,EN8 20 X 180 X 270,Consumable,TOOL MATERIAL,TOOL STORE,72149990,KGS,85,0,0
CON00316,CON00316,,OHNS FLAT (IMP) 25 X 150 MM,Consumable,TOOL MATERIAL,TOOL STORE,72149990,KGS,0,0,0
CON00317,,,OHNS FLAT (IMP) 20 X 150 MM,Consumable,TOOL MATERIAL,TOOL STORE,72149990,KGS,280,1,0
CON00318,CON00318,,OHNS FLAT (IMP)16 X 200 MM,Consumable,TOOL MATERIAL,TOOL STORE,72149990,KGS,280,1,0
CON00319,CON00319,,OHNS ROUND (IMP) DIA 130 MM,Consumable,TOOL MATERIAL,TOOL STORE,72149990,KGS,280,0,0
CON00320,CON00320,,OHNS ROUND (IMP) DIA 200 MM,Consumable,TOOL MATERIAL,TOOL STORE,72149990,KGS,190,0,0
CON00321,CON00321,,OHNS FLAT (IMP) 10 X 80 MM,Consumable,TOOL MATERIAL,TOOL STORE,72283011,KGS,190,1,0
CON00322,CON00322,,OHNS FLAT (IMP) 10 X 130 MM,Consumable,TOOL MATERIAL,TOOL STORE,72283019,KGS,280,1,0
CON00323,,,OHNS FLAT (IMP) 10 X 150 MM,Consumable,TOOL MATERIAL,TOOL STORE,72283019,KGS,280,1,0
CON00324,,,OHNS FLAT (IMP) 20 X 100 MM,Consumable,TOOL MATERIAL,TOOL STORE,72283019,KGS,280,1,0
CON00325,CON00325,,OHNS FLAT (IMP) 10 X 130 MM,Consumable,TOOL MATERIAL,TOOL STORE,72283019,KGS,280,1,0
CON00326,,,OHNS FLAT (IMP) 20 X 250 MM,Consumable,TOOL MATERIAL,TOOL STORE,72283019,KGS,280,1,0
CON00327,CON00327,,OHNS FLAT (IMP) 25 X 100 MM,Consumable,TOOL MATERIAL,TOOL STORE,72283019,KGS,280,1,0
CON00328,CON00328,,OHNS FLAT (IMP) 25 X 130 MM,Consumable,TOOL MATERIAL,TOOL STORE,72283019,KGS,280,1,0
CON00329,CON00329,,OHNS FLAT (IMP) 32 X 80 MM,Consumable,TOOL MATERIAL,TOOL STORE,72283019,KGS,280,1,0
CON00330,CON00330,,OHNS FLAT (IMP) 32 X 100 MM,Consumable,TOOL MATERIAL,TOOL STORE,72283019,KGS,280,1,0
CON00331,CON00331,,OHNS FLAT (IMP) 32 X 130 MM,Consumable,TOOL MATERIAL,TOOL STORE,72283019,KGS,280,1,0
CON00332,CON00332,,OHNS FLAT (IMP) 32 X 150 MM,Consumable,TOOL MATERIAL,TOOL STORE,72283019,KGS,280,1,0
CON00333,,,OHNS FLAT (IMP) 13 X 130 MM,Consumable,TOOL MATERIAL,TOOL STORE,72283019,KGS,280,1,0
CON00334,CON00334,,OHNS FLAT (IMP) 13 X 150 MM,Consumable,TOOL MATERIAL,TOOL STORE,72283019,KGS,280,1,0
CON00335,CON00335,,OHNS FLAT (IMP) 13 X 200 MM,Consumable,TOOL MATERIAL,TOOL STORE,72283019,KGS,280,1,0
CON00336,CON00336,,OHNS FLAT (IMP) 16 X 100 MM,Consumable,TOOL MATERIAL,TOOL STORE,72283019,KGS,280,1,0
CON00337,CON00337,,OHNS FLAT (IMP) 16 X 130 MM,Consumable,TOOL MATERIAL,TOOL STORE,72283019,KGS,280,1,0
CON00338,CON00338,,OHNS FLAT (IMP) 16 X 150 MM,Consumable,TOOL MATERIAL,TOOL STORE,72283019,KGS,280,1,0
CON00339,CON00339,,OHNS ROUND (IMP) DIA 250 X 15MM,Consumable,TOOL MATERIAL,TOOL STORE,72283019,KGS,280,0,0
CON00340,CON00340,,OHNS ROUND (IMP) DIA 250 X 25MM,Consumable,TOOL MATERIAL,TOOL STORE,72283019,KGS,290,0,0
CON00341,CON00341,,OHNS ROUND (IMP) DIA 50 MM,Consumable,TOOL MATERIAL,TOOL STORE,72283019,KGS,290,0,0
CON00342,,,OHNS ROUND (IMP) DIA 25 MM,Consumable,TOOL MATERIAL,TOOL STORE,72283019,KGS,190,1,0
CON00343,CON00343,,OHNS ROUND (IMP) DIA 70 MM,Consumable,TOOL MATERIAL,TOOL STORE,72283019,KGS,190,0,0
CON00344,,,OHNS ROUND (IMP) DIA 16 MM,Consumable,TOOL MATERIAL,TOOL STORE,72283019,KGS,190,1,0
CON00345,CON00345,,OHNS ROUND (IMP) DIA 28 MM,Consumable,TOOL MATERIAL,TOOL STORE,72283019,KGS,240,0,0
CON00346,,,OHNS ROUND (IMP) DIA 32 MM,Consumable,TOOL MATERIAL,TOOL STORE,72283019,KGS,190,1,0
CON00347,,,OHNS ROUND (IMP) DIA 36 MM,Consumable,TOOL MATERIAL,TOOL STORE,72283011,KGS,190,1,0
CON00348,,,OHNS ROUND (IMP) DIA 40 MM,Consumable,TOOL MATERIAL,TOOL STORE,72283019,KGS,190,1,0
CON00349,,,OHNS ROUND (IMP) DIA 45 MM,Consumable,TOOL MATERIAL,TOOL STORE,72283019,KGS,190,1,0
CON00350,CON00350,,OHNS ROUND (IMP) DIA 55 MM,Consumable,TOOL MATERIAL,TOOL STORE,72283019,KGS,190,0,0
CON00351,CON00351,,OHNS ROUND (IMP) DIA 60 MM,Consumable,TOOL MATERIAL,TOOL STORE,72283019,KGS,190,0,0
CON00352,CON00352,,OHNS ROUND (IMP) DIA 80 MM,Consumable,TOOL MATERIAL,TOOL STORE,72283019,KGS,190,0,0
CON00353,CON00353,,OHNS ROUND (IMP) DIA 85 MM,Consumable,TOOL MATERIAL,TOOL STORE,72283019,KGS,190,0,0
CON00354,,,OHNS ROUND (IMP) DIA 22 MM,Consumable,TOOL MATERIAL,TOOL STORE,72283019,KGS,190,1,0
CON00355,CON00355,,OHNS FLAT (IMP) 25 X 50 MM,Consumable,TOOL MATERIAL,TOOL STORE,72283011,KGS,190,1,0
CON00356,CON00356,,OHNS FLAT (IMP) 16 X 130 MM,Consumable,TOOL MATERIAL,TOOL STORE,72283019,KGS,280,1,0
CON00357,CON00357,,OHNS FLAT (IMP) 16 X 150 MM,Consumable,TOOL MATERIAL,TOOL STORE,72283019,KGS,280,1,0
CON00358,,,EN8 FLAT (INDIAN) 40X250MM,Consumable,TOOL MATERIAL,TOOL STORE,72283019,KGS,280,1,0
CON00359,CON00359,,OHNS FLAT (IMP) 13 X 150 MM,Consumable,TOOL MATERIAL,TOOL STORE,72283019,KGS,280,1,0
CON00360,CON00360,,OHNS FLAT (IMP) 10 X 65 MM,Consumable,TOOL MATERIAL,TOOL STORE,72283019,KGS,280,1,0
CON00361,CON00361,,OHNS FLAT (IMP) 20 X 80 MM,Consumable,TOOL MATERIAL,TOOL STORE,72283019,KGS,280,1,0
CON00362,CON00362,,OHNS FLAT (IMP) 25 X 200 MM,Consumable,TOOL MATERIAL,TOOL STORE,72149990,KGS,280,1,0
CON00363,CON00363,,OHNS FLAT (IMP) 25 X 250 MM,Consumable,TOOL MATERIAL,TOOL STORE,72149990,KGS,280,1,0
CON00364,CON00364,,OHNS FLAT (IMP) 32 X 200 MM,Consumable,TOOL MATERIAL,TOOL STORE,72149990,KGS,280,1,0
CON00365,CON00365,,OHNS FLAT (IMP) 50 X 100 MM,Consumable,TOOL MATERIAL,TOOL STORE,72149990,KGS,280,1,0
CON00366,CON00366,,OHNS FLAT (IMP) 65 X 100 MM,Consumable,TOOL MATERIAL,TOOL STORE,72149990,KGS,280,1,0
CON00367,CON00367,,OHNS FLAT (IMP) 65 X 130 MM,Consumable,TOOL MATERIAL,TOOL STORE,72149990,KGS,280,1,0
CON00368,CON00368,,OHNS FLAT (IMP) 65 X 150 MM,Consumable,TOOL MATERIAL,TOOL STORE,72149990,KGS,280,1,0
CON00369,CON00369,,OHNS ROUND (IMP) DIA 100 MM,Consumable,TOOL MATERIAL,TOOL STORE,72149990,KGS,280,0,0
CON00370,CON00370,,OHNS ROUND (IMP) DIA 150 MM,Consumable,TOOL MATERIAL,TOOL STORE,72149990,KGS,280,0,0
CON00371,,,D2 ROUND DIA 250 X 33MM,Consumable,TOOL MATERIAL,TOOL STORE,72149990,KGS,280,1,0
CON00372,,,D2 ROUND (IMP) DIA 60 MM,Consumable,TOOL MATERIAL,TOOL STORE,72283019,KGS,380,1,0
CON00373,,,D2 ROUND (IMP) DIA 65 MM,Consumable,TOOL MATERIAL,TOOL STORE,72283019,KGS,330,1,0
CON00374,,,D2 ROUND (IMP) DIA 20 MM,Consumable,TOOL MATERIAL,TOOL STORE,72283019,KGS,330,1,0
CON00375,,,D2 ROUND (IMP) DIA 50 MM,Consumable,TOOL MATERIAL,TOOL STORE,29051100,KGS,330,1,0
CON00376,,,D2 ROUND (IMP) DIA 45 MM,Consumable,TOOL MATERIAL,TOOL STORE,72283019,KGS,330,1,0
CON00377,,,D2 ROUND (IMP) DIA 28 MM,Consumable,TOOL MATERIAL,TOOL STORE,72283019,KGS,330,1,0
CON00378,,,D2 ROUND (IMP) DIA 25 MM,Consumable,TOOL MATERIAL,TOOL STORE,72149990,KGS,330,1,0
CON00379,,,D2 ROUND (IMP) DIA 16 MM,Consumable,TOOL MATERIAL,TOOL STORE,72283019,KGS,330,1,0
CON00380,,,D2 ROUND (IMP) DIA 13 MM,Consumable,TOOL MATERIAL,TOOL STORE,72283019,KGS,380,1,0
CON00381,,,D2 ROUND (WPS) DIA 22 MM,Consumable,TOOL MATERIAL,TOOL STORE,72283019,KGS,380,1,0
CON00382,,,D2 ROUND (WPS) DIA 32 MM,Consumable,TOOL MATERIAL,TOOL STORE,72283019,KGS,330,1,0
CON00383,,,D2 ROUND (WPS) DIA 45 MM,Consumable,TOOL MATERIAL,TOOL STORE,72283019,KGS,330,1,0
CON00384,,,D2 ROUND (WPS) DIA 50 MM,Consumable,TOOL MATERIAL,TOOL STORE,72283019,KGS,330,1,0
CON00385,CON00385,,D2 ROUND (WPS) DIA 100 MM,Consumable,TOOL MATERIAL,TOOL STORE,72283019,KGS,330,0,0
CON00386,CON00386,,D2 ROUND (WPS) DIA 115 MM,Consumable,TOOL MATERIAL,TOOL STORE,72283019,KGS,330,0,0
CON00387,CON00387,,D2 FLAT IMPORTED 32 X 80 MM,Consumable,TOOL MATERIAL,TOOL STORE,72283019,KGS,330,0,0
CON00388,CON00388,,D2 FLAT IMPORTED 65 X80 MM,Consumable,TOOL MATERIAL,TOOL STORE,72269910,KGS,350,0,0
CON00389,CON00389,,D2 FLAT IMPORTED 32 X 100 MM,Consumable,TOOL MATERIAL,TOOL STORE,72269910,KGS,350,0,0
CON00390,CON00390,,D2 FLAT IMPORTED 32 X 130 MM,Consumable,TOOL MATERIAL,TOOL STORE,72269910,KGS,350,0,0
CON00391,CON00391,,D2 FLAT IMPORTED 32 X 150 MM,Consumable,TOOL MATERIAL,TOOL STORE,29051100,KGS,350,1,0
CON00392,CON00392,,D2 FLAT IMPORTED 32 X 200 MM,Consumable,TOOL MATERIAL,TOOL STORE,72269910,KGS,350,0,0
CON00393,CON00393,,D2 FLAT IMPORTED 50 X 250 X 353,Consumable,TOOL MATERIAL,TOOL STORE,72269910,KGS,350,0,0
CON00394,CON00394,,D2 FLAT IMPORTED 65 X 130 MM,Consumable,TOOL MATERIAL,TOOL STORE,72269910,KGS,0,0,0
CON00395,CON00395,,D2 FLAT IMPORTED 65 X 150 MM,Consumable,TOOL MATERIAL,TOOL STORE,72269910,KGS,350,0,0
CON00396,CON00396,,D2 FLAT (IMPORTED) 20X100MM,Consumable,TOOL MATERIAL,TOOL STORE,72269910,KGS,350,0,0
CON00397,CON00397,,D2 FLAT (IMPORTED) 20X130MM,Consumable,TOOL MATERIAL,TOOL STORE,72269910,KGS,350,0,0
CON00398,CON00398,,D2 FLAT (IMPORTED) 20X80MM,Consumable,TOOL MATERIAL,TOOL STORE,72269910,KGS,350,0,0
CON00399,CON00399,,D2 FLAT (IMPORTED) 25X80MM,Consumable,TOOL MATERIAL,TOOL STORE,72269910,KGS,350,0,0
CON00400,CON00400,,D2 FLAT (IMPORTED) 25X100MM,Consumable,TOOL MATERIAL,TOOL STORE,72269910,KGS,350,0,0
CON00401,CON00401,,D2 FLAT (IMPORTED) 25X130MM,Consumable,TOOL MATERIAL,TOOL STORE,72269910,KGS,350,0,0
CON00402,CON00402,,D2 FLAT (IMPORTED) 50X250X350MM,Consumable,TOOL MATERIAL,TOOL STORE,72269910,KGS,350,0,0
CON00403,CON00403,,D2 FLAT (IMPORTED) 65X150MM,Consumable,TOOL MATERIAL,TOOL STORE,72269910,KGS,0,0,0
CON00404,CON00404,,D2 FLAT (IMPORTED) 32X150MM,Consumable,TOOL MATERIAL,TOOL STORE,72269910,KGS,350,0,0
CON00405,CON00405,,D2 FLAT (IMPORTED) 32X130MM,Consumable,TOOL MATERIAL,TOOL STORE,72269910,KGS,350,0,0
CON00406,CON00406,,D2 FLAT IMPORTED 30 X 130 MM,Consumable,TOOL MATERIAL,TOOL STORE,72269910,KGS,350,0,0
CON00407,CON00407,,D2 FLAT IMPORTED 20 X 200 MM,Consumable,TOOL MATERIAL,TOOL STORE,72269910,KGS,350,0,0
CON00408,CON00408,,D2 FLAT (IMPORTED) 32 X 250MM,Consumable,TOOL MATERIAL,TOOL STORE,72269910,KGS,350,0,0
CON00409,CON00409,,D2 FLAT (IMPORTED) 32X250MM,Consumable,TOOL MATERIAL,TOOL STORE,72269910,KGS,350,0,0
CON00410,CON00410,,D2 FLAT (IMPORTED) 70X150MM,Consumable,TOOL MATERIAL,TOOL STORE,72269910,KGS,350,0,0
CON00411,CON00411,,D2 FLAT (IMPORTED) 32X200MM,Consumable,TOOL MATERIAL,TOOL STORE,72269910,KGS,350,0,0
CON00412,CON00412,,D2 FLAT (IMPORTED) 20X200X150MM,Consumable,TOOL MATERIAL,TOOL STORE,29051100,KGS,350,1,0
CON00413,CON00413,,D2 FLAT (IMPORTED) 65X150X150MM,Consumable,TOOL MATERIAL,TOOL STORE,72269910,KGS,350,0,0
CON00414,CON00414,,D2 FLAT (IMPORTED) 50X250X400MM,Consumable,TOOL MATERIAL,TOOL STORE,72269910,KGS,350,0,0
CON00415,CON00415,,D2 FLAT (IMPORTED) 70X200X250MM,Consumable,TOOL MATERIAL,TOOL STORE,72269910,KGS,0,0,0
CON00416,CON00416,,D2 FLAT (IMPORTED) 32X200X150MM,Consumable,TOOL MATERIAL,TOOL STORE,72269910,KGS,0,0,0
CON00417,CON00417,,D2 FLAT (IMPORTED) 20X180X280MM,Consumable,TOOL MATERIAL,TOOL STORE,72269910,KGS,0,0,0
CON00418,CON00418,,D2 FLAT (IMPORTED) 25X200MM,Consumable,TOOL MATERIAL,TOOL STORE,72269910,KGS,0,0,0
CON00419,CON00419,,D2 FLAT (IMPORTED) 40X130MM,Consumable,TOOL MATERIAL,TOOL STORE,72269910,KGS,0,0,0
CON00420,CON00420,,D2 FLAT (IMPORTED) 65X130MM,Consumable,TOOL MATERIAL,TOOL STORE,72269910,KGS,0,0,0
CON00421,CON00421,,D2 FLAT (IMPORTED) 10X130MM,Consumable,TOOL MATERIAL,TOOL STORE,72269910,KGS,350,0,0
CON00422,CON00422,,D2 FLAT (IMPORTED) 32X100MM,Consumable,TOOL MATERIAL,TOOL STORE,72269910,KGS,350,0,0
CON00423,CON00423,,D2 FLAT (IMPORTED) 32X80MM,Consumable,TOOL MATERIAL,TOOL STORE,72269910,KGS,350,0,0
CON00424,CON00424,,D2 FLAT (IMPORTED) 16X130MM,Consumable,TOOL MATERIAL,TOOL STORE,72269910,KGS,350,0,0
CON00425,CON00425,,D2 FLAT (IMPORTED) 13X130MM,Consumable,TOOL MATERIAL,TOOL STORE,72269910,KGS,350,0,0
CON00426,CON00426,,D2 FLAT (IMPORTED) 13X150MM,Consumable,TOOL MATERIAL,TOOL STORE,72269910,KGS,350,0,0
CON00427,CON00427,,D2 FLAT (IMPORTED) 16X150MM,Consumable,TOOL MATERIAL,TOOL STORE,72269910,KGS,350,0,0
CON00428,CON00428,,D2 FLAT (IMPORTED) 20X150MM,Consumable,TOOL MATERIAL,TOOL STORE,72269910,KGS,350,0,0
CON00429,CON00429,,D2 FLAT (IMPORTED) 32X50MM,Consumable,TOOL MATERIAL,TOOL STORE,72269910,KGS,350,0,0
CON00430,CON00430,,D2 FLAT (IMPORTED) 32X150X200MM,Consumable,TOOL MATERIAL,TOOL STORE,72269910,KGS,350,0,0
CON00431,CON00431,,D2 FLAT (IMPORTED) 32X150X563MM,Consumable,TOOL MATERIAL,TOOL STORE,72269910,KGS,350,0,0
CON00432,CON00432,,D2 FLAT (IMPORTED) 32X150X565MM,Consumable,TOOL MATERIAL,TOOL STORE,72269910,KGS,350,0,0
CON00433,CON00433,,D2 FLAT (IMPORTED) 13X100MM,Consumable,TOOL MATERIAL,TOOL STORE,72269910,KGS,350,0,0
CON00434,CON00434,,D2 FLAT (IMPORTED) 40X250MM,Consumable,TOOL MATERIAL,TOOL STORE,72269910,KGS,320,0,0
CON00435,CON00435,,D2 FLAT (IMPORTED) 25X150MM,Consumable,TOOL MATERIAL,TOOL STORE,72269910,KGS,320,0,0
CON00436,CON00436,,D2 FLAT (IMPORTED) 65X200MM,Consumable,TOOL MATERIAL,TOOL STORE,72269910,KGS,320,0,0
CON00437,CON00437,,D2 FLAT (IMPORTED) 50X150MM,Consumable,TOOL MATERIAL,TOOL STORE,72269910,KGS,350,0,0
CON00438,CON00438,,D2 FLAT (IMPORTED) 40X150MM,Consumable,TOOL MATERIAL,TOOL STORE,72269910,KGS,350,0,0
CON00439,CON00439,,D2 FLAT (IMPORTED) 70X130MM,Consumable,TOOL MATERIAL,TOOL STORE,72269910,KGS,350,0,0
CON00440,CON00440,,D2 FLAT (IMPORTED) 60X150MM,Consumable,TOOL MATERIAL,TOOL STORE,72269910,KGS,350,0,0
CON00441,CON00441,,D2 FLAT (IMPORTED) 13X200MM,Consumable,TOOL MATERIAL,TOOL STORE,72269910,KGS,350,0,0
CON00442,CON00442,,D2 FLAT (IMPORTED) 75X150MM,Consumable,TOOL MATERIAL,TOOL STORE,72269910,KGS,350,0,0
CON00443,CON00443,,D2 FLAT (IMPORTED) 40X200MM,Consumable,TOOL MATERIAL,TOOL STORE,72269910,KGS,350,0,0
CON00444,CON00444,,D2 FLAT (IMPORETD) 32X150MM,Consumable,TOOL MATERIAL,TOOL STORE,72269910,KGS,350,0,0
CON00445,CON00445,,D2 FLAT (IMPORTED) 33X200MM,Consumable,TOOL MATERIAL,TOOL STORE,72269910,KGS,350,0,0
CON00446,CON00446,,D2 FLAT (IMPORTED) 65X250X300MM,Consumable,TOOL MATERIAL,TOOL STORE,72269910,KGS,350,0,0
CON00447,CON00447,,D2 FLAT (IMPORTED) 32X170X320MM,Consumable,TOOL MATERIAL,TOOL STORE,72269910,KGS,350,0,0
CON00448,CON00448,,D2 FLAT (IMPORTED) 20X200MM,Consumable,TOOL MATERIAL,TOOL STORE,29051100,KGS,350,1,0
CON00449,CON00449,,D2 FLAT (IMPORTED) 60X200X300MM,Consumable,TOOL MATERIAL,TOOL STORE,72269910,KGS,350,0,0
CON00450,CON00450,,D2 FLAT (IMPORTED) 35X200X300MM,Consumable,TOOL MATERIAL,TOOL STORE,72269910,KGS,320,0,0
CON00451,CON00451,,D2 FLAT (IMPORTED) 65X200X300MM,Consumable,TOOL MATERIAL,TOOL STORE,72269910,KGS,320,0,0
CON00452,CON00452,,D2 FLAT (IMPORTED) 50X200X300MM,Consumable,TOOL MATERIAL,TOOL STORE,72269910,KGS,350,0,0
CON00453,CON00453,,D2 FLAT (IMPORTED) 25X180MM,Consumable,TOOL MATERIAL,TOOL STORE,72269910,KGS,320,0,0
CON00454,CON00454,,D2 FLAT (IMPORTED) 20X180MM,Consumable,TOOL MATERIAL,TOOL STORE,72269910,KGS,320,0,0
CON00455,CON00455,,D2 FLAT (IMPORTED) 16X180MM,Consumable,TOOL MATERIAL,TOOL STORE,72269910,KGS,320,0,0
CON00456,CON00456,,D2 FLAT (IMPORTED) 65X80MM,Consumable,TOOL MATERIAL,TOOL STORE,72269910,KGS,320,0,0
CON00457,CON00457,,HSS ROUND (IMP) DIA 200 MM,Consumable,TOOL MATERIAL,TOOL STORE,72269910,KGS,350,0,0
CON00458,CON00458,,HSS ROUND (IMP) DIA 250 X 70 MM,Consumable,TOOL MATERIAL,TOOL STORE,72269910,KGS,350,0,0
CON00459,CON00459,,HSS ROUND (IMP) DIA 45 MM,Consumable,TOOL MATERIAL,TOOL STORE,72269910,KGS,350,0,0
CON00460,CON00460,,HSS ROUND (IMP) DIA 70 MM,Consumable,TOOL MATERIAL,TOOL STORE,72269910,KGS,350,0,0
CON00461,CON00461,,HSS ROUND (IMP) DIA 80 MM,Consumable,TOOL MATERIAL,TOOL STORE,72283019,KGS,0,0,0
CON00462,CON00462,,HSS ROUND (IMP) DIA 90 MM,Consumable,TOOL MATERIAL,TOOL STORE,72283019,KGS,0,0,0
CON00463,CON00463,,HSS ROUND (IMP) DIA 115 MM,Consumable,TOOL MATERIAL,TOOL STORE,72283019,KGS,0,0,0
CON00464,CON00464,,HSS ROUND (IMP) DIA 130 MM,Consumable,TOOL MATERIAL,TOOL STORE,72283019,KGS,0,0,0
CON00465,CON00465,,HSS ROUND (IMP) DIA 150 MM,Consumable,TOOL MATERIAL,TOOL STORE,72283019,KGS,0,0,0
CON00466,CON00466,,HSS FLAT (IMP) DIA 32 X 130 MM,Consumable,TOOL MATERIAL,TOOL STORE,72283019,KGS,0,0,0
CON00467,CON00467,,HSS FLAT (IMP) DIA 32 X 200 MM,Consumable,TOOL MATERIAL,TOOL STORE,72283019,KGS,0,0,0
CON00468,CON00468,,HSS FLAT (IMP) DIA 40 X 130 MM,Consumable,TOOL MATERIAL,TOOL STORE,72283019,KGS,0,0,0
CON00469,CON00469,,HSS FLAT (IMP) DIA 65 X 100 MM,Consumable,TOOL MATERIAL,TOOL STORE,72283019,KGS,0,0,0
CON00470,CON00470,,HSS PIN DIA 3.1 X 2.1 X 70 X 15,Consumable,TOOL MATERIAL,TOOL STORE,72283019,KGS,0,0,0
CON00471,CON00471,,HSS PIN DIA 5.3 X 5.05 X 60 X 20,Consumable,TOOL MATERIAL,TOOL STORE,72283019,KGS,0,0,0
CON00472,CON00472,,HSS PIN DIA 4 X 3.39 X 60 X 15,Consumable,TOOL MATERIAL,TOOL STORE,72283019,KGS,0,0,0
CON00473,CON00473,,HSS PIN DIA 6.3 X 60,Consumable,TOOL MATERIAL,TOOL STORE,72283019,KGS,0,0,0
CON00474,CON00474,,HSS PIN DIA 2.5 X 0.90 X 54 X 7MM,Consumable,TOOL MATERIAL,TOOL STORE,82073000,NOS,0,0,0
CON00475,CON00475,,HSS PIN DIA 6 X 4.05 X 15 X 70,Consumable,TOOL MATERIAL,TOOL STORE,82073000,NOS,0,0,0
CON00476,CON00476,,HSS PIN DIA 5.5 X 5 X 60 X 15,Consumable,TOOL MATERIAL,TOOL STORE,82073000,NOS,0,0,0
CON00477,CON00477,,HSS PIN DIA 5.5 X 5 X 55 X 15,Consumable,TOOL MATERIAL,TOOL STORE,82073000,NOS,0,0,0
CON00478,CON00478,,HSS PIN DIA 5.10 X 5.08 X 60 X 15,Consumable,TOOL MATERIAL,TOOL STORE,82073000,NOS,0,0,0
CON00479,CON00479,,HSS PIN DIA 4 X 2.65 X 60 X 15,Consumable,TOOL MATERIAL,TOOL STORE,82073000,NOS,0,0,0
CON00480,CON00480,,HSS PIN DIA 6 X 5.62 X 70 X 15,Consumable,TOOL MATERIAL,TOOL STORE,82073000,NOS,0,0,0
CON00481,CON00481,,HSS PIN DIA 5 X 4.05 X 60 X 15,Consumable,TOOL MATERIAL,TOOL STORE,82073000,NOS,0,0,0
CON00482,CON00482,,HSS PIN DIA 4 X 1.90 X 60 X 15,Consumable,TOOL MATERIAL,TOOL STORE,82073000,NOS,0,0,0
CON00483,CON00483,,HSS PIN DIA 6.3 X 6.26 X 60 X 15,Consumable,TOOL MATERIAL,TOOL STORE,82073000,NOS,0,0,0
CON00484,CON00484,,HSS PIN DIA 5.5 X 4.20 X 60 X 15,Consumable,TOOL MATERIAL,TOOL STORE,82073000,NOS,0,0,0
CON00485,CON00485,,HSS PIN DIA 7.1 X 60 MM,Consumable,TOOL MATERIAL,TOOL STORE,29051100,NOS,0,1,0
CON00486,CON00486,,HSS PIN DIA 5.5 X 4.20 X 50 X 10,Consumable,TOOL MATERIAL,TOOL STORE,82073000,NOS,0,0,0
CON00487,CON00487,,HSS PIN DIA 4 X 3.39 X 50 X 10,Consumable,TOOL MATERIAL,TOOL STORE,82073000,NOS,0,0,0
CON00488,CON00488,,HSS PIN DIA 8.5 X 8.25 X 50 X 15,Consumable,TOOL MATERIAL,TOOL STORE,82073000,NOS,0,0,0
CON00489,CON00489,,HSS PIN DIA 6 X 5.30 X 50 X 15,Consumable,TOOL MATERIAL,TOOL STORE,82073000,NOS,0,0,0
CON00490,CON00490,,HSS PIN DIA 5.3 X 5.250 X 50 X 15,Consumable,TOOL MATERIAL,TOOL STORE,82073000,NOS,0,0,0
CON00491,CON00491,,HSS PIN 4 X 80,Consumable,TOOL MATERIAL,TOOL STORE,82073000,NOS,0,0,0
CON00492,CON00492,,HSS PIN 3 X 80,Consumable,TOOL MATERIAL,TOOL STORE,82073000,NOS,0,0,0
CON00493,CON00493,,HSS PIN DIA 4.20 X 50,Consumable,TOOL MATERIAL,TOOL STORE,82073000,NOS,0,0,0
CON00494,CON00494,,HSS PIN DIA 7 X 50,Consumable,TOOL MATERIAL,TOOL STORE,82073000,NOS,0,0,0
CON00495,CON00495,,HSS PIN DIA 6 X 5.30 X 60 X 20,Consumable,TOOL MATERIAL,TOOL STORE,82073000,NOS,0,0,0
CON00496,CON00496,,HSS PIN DIA 8.5 X 8.25 X 60 X 15,Consumable,TOOL MATERIAL,TOOL STORE,82073000,NOS,0,0,0
CON00497,CON00497,,HSS PIN DIA 8.2 X 8.15 X 60 X 15,Consumable,TOOL MATERIAL,TOOL STORE,82073000,NOS,0,0,0
CON00498,CON00498,,HSS PIN DIA 8 X 60,Consumable,TOOL MATERIAL,TOOL STORE,82073000,NOS,0,0,0
CON00499,CON00499,,HSS PIN DIA 4 X 3.1 X 50 X 15,Consumable,TOOL MATERIAL,TOOL STORE,82073000,NOS,0,0,0
CON00500,CON00500,,HSS PIN DIA 6 X 4.58 X 40 X 10,Consumable,TOOL MATERIAL,TOOL STORE,82073000,NOS,0,0,0
CON00501,CON00501,,HSS PIN DIA 5 X 4.2 X 60 X 15,Consumable,TOOL MATERIAL,TOOL STORE,82073000,NOS,0,0,0
CON00502,CON00502,,HSS PIN 6 X 50,Consumable,TOOL MATERIAL,TOOL STORE,82073000,NOS,0,0,0
CON00503,CON00503,,HSS PIN 5.50 X 50,Consumable,TOOL MATERIAL,TOOL STORE,82073000,NOS,0,0,0
CON00504,CON00504,,HSS PIN 8.50 X 50,Consumable,TOOL MATERIAL,TOOL STORE,82073000,NOS,0,0,0
CON00505,CON00505,,HSS PIN 4.0 X 50,Consumable,TOOL MATERIAL,TOOL STORE,82073000,NOS,0,0,0
CON00506,CON00506,,HSS PIN DIE 5.5 X DIE 5.015 X 60,Consumable,TOOL MATERIAL,TOOL STORE,82073000,NOS,0,0,0
CON00507,CON00507,,HSS PIN DIE 5.5 X DIE 5.015 X 50,Consumable,TOOL MATERIAL,TOOL STORE,82073000,NOS,0,0,0
CON00508,CON00508,,PILLAR DIA 12 X 110 MM,Consumable,TOOL MATERIAL,TOOL STORE,82073000,NOS,0,0,0
CON00509,CON00509,,PILLAR DIA 12 X 115 MM,Consumable,TOOL MATERIAL,TOOL STORE,82073000,NOS,0,0,0
CON00510,CON00510,,PILLAR DIA 12 X 130 MM,Consumable,TOOL MATERIAL,TOOL STORE,82073000,NOS,0,0,0
CON00511,CON00511,,PILLAR DIA 12 X 140 MM,Consumable,TOOL MATERIAL,TOOL STORE,82073000,NOS,0,0,0
CON00512,CON00512,,PILLAR DIA 12 X 150 MM,Consumable,TOOL MATERIAL,TOOL STORE,82073000,NOS,0,0,0
CON00513,CON00513,,PILLAR DIA 14 X 130 MM,Consumable,TOOL MATERIAL,TOOL STORE,82073000,NOS,0,0,0
CON00514,CON00514,,PILLAR DIA 14 X 150 MM,Consumable,TOOL MATERIAL,TOOL STORE,82073000,NOS,0,0,0
CON00515,CON00515,,PILLAR DIA 14 X 160 MM,Consumable,TOOL MATERIAL,TOOL STORE,82073000,NOS,0,0,0
CON00516,CON00516,,PILLAR DIA 16 X 100 MM,Consumable,TOOL MATERIAL,TOOL STORE,82073000,NOS,0,0,0
CON00517,CON00517,,PILLAR DIA 16 X 115 MM,Consumable,TOOL MATERIAL,TOOL STORE,82073000,NOS,0,0,0
CON00518,CON00518,,PILLAR DIA 18 X 125 MM,Consumable,TOOL MATERIAL,TOOL STORE,82073000,NOS,0,0,0
CON00519,CON00519,,PILLAR DIA 18 X 130 MM,Consumable,TOOL MATERIAL,TOOL STORE,82073000,NOS,0,0,0
CON00520,CON00520,,PILLAR DIA 12 X 120 MM,Consumable,TOOL MATERIAL,TOOL STORE,82073000,NOS,0,0,0
CON00521,CON00521,,PILLAR DIA 14 X 90 MM,Consumable,TOOL MATERIAL,TOOL STORE,82073000,NOS,0,0,0
CON00522,CON00522,,PILLAR DIA 14 X 110 MM,Consumable,TOOL MATERIAL,TOOL STORE,82073000,NOS,0,0,0
CON00523,CON00523,,PILLAR DIA 14 X 120 MM,Consumable,TOOL MATERIAL,TOOL STORE,82073000,NOS,0,0,0
CON00524,CON00524,,PILLAR DIA 14 X 140 MM,Consumable,TOOL MATERIAL,TOOL STORE,82073000,NOS,0,0,0
CON00525,CON00525,,PILLAR DIA 16 X 120 MM,Consumable,TOOL MATERIAL,TOOL STORE,82073000,NOS,0,0,0
CON00526,CON00526,,PILLAR DIA 16 X 130 MM,Consumable,TOOL MATERIAL,TOOL STORE,82073000,NOS,0,0,0
CON00527,CON00527,,PILLAR DIA 16 X 140 MM,Consumable,TOOL MATERIAL,TOOL STORE,82073000,NOS,0,0,0
CON00528,CON00528,,PILLAR DIA 16 X 150 MM,Consumable,TOOL MATERIAL,TOOL STORE,82073000,NOS,0,0,0
CON00529,CON00529,,ALLEN BOLT M5 X 30,Consumable,TOOL MATERIAL,TOOL STORE,82073000,NOS,0,0,0
CON00530,CON00530,,ALLEN BOLT M5 X 35,Consumable,TOOL MATERIAL,TOOL STORE,82073000,NOS,0,0,0
CON00531,CON00531,,ALLEN BOLT M5 X 25,Consumable,TOOL MATERIAL,TOOL STORE,82073000,NOS,0,0,0
CON00532,CON00532,,ALLEN BOLT M6 X 30,Consumable,TOOL MATERIAL,TOOL STORE,29051100,NOS,0,1,0
CON00533,CON00533,,ALLEN BOLT M6 X 35,Consumable,TOOL MATERIAL,TOOL STORE,73181500,NOS,0,0,0
CON00534,CON00534,,ALLEN BOLT M6 X 25,Consumable,TOOL MATERIAL,TOOL STORE,73181500,NOS,0,0,0
CON00535,CON00535,,ALLEN BOLT M4 X 30,Consumable,TOOL MATERIAL,TOOL STORE,73181500,NOS,0,0,0
CON00536,CON00536,,ALLEN BOLT M4 X 35,Consumable,TOOL MATERIAL,TOOL STORE,73181500,NOS,0,0,0
CON00537,CON00537,,ALLEN BOLT M4 X 25,Consumable,TOOL MATERIAL,TOOL STORE,73181500,NOS,0,0,0
CON00538,CON00538,,ALLEN BOLT M3 X 25,Consumable,TOOL MATERIAL,TOOL STORE,73181500,NOS,0,0,0
CON00539,CON00539,,ALLEN BOLT M3 X 35,Consumable,TOOL MATERIAL,TOOL STORE,73181500,NOS,0,0,0
CON00540,CON00540,,ALLEN BOLT M3 X 20,Consumable,TOOL MATERIAL,TOOL STORE,73181500,NOS,0,0,0
CON00541,CON00541,,ALLEN BOLT M3 X 40,Consumable,TOOL MATERIAL,TOOL STORE,73181500,NOS,0,0,0
CON00542,CON00542,,ALLEN BOLT M4 X 12,Consumable,TOOL MATERIAL,TOOL STORE,73181500,NOS,0,0,0
CON00543,CON00543,,ALLEN BOLT M4 X 16,Consumable,TOOL MATERIAL,TOOL STORE,73181500,NOS,0,0,0
CON00544,CON00544,,ALLEN BOLT M4 X 20,Consumable,TOOL MATERIAL,TOOL STORE,73181500,NOS,0,0,0
CON00545,CON00545,,ALLEN BOLT M4 X 40,Consumable,TOOL MATERIAL,TOOL STORE,73181500,NOS,0,0,0
CON00546,CON00546,,ALLEN BOLT M4 X 45,Consumable,TOOL MATERIAL,TOOL STORE,73181500,NOS,0,0,0
CON00547,CON00547,,ALLEN BOLT M4 X 60,Consumable,TOOL MATERIAL,TOOL STORE,73181500,NOS,0,0,0
CON00548,CON00548,,ALLEN BOLT M5 X 100,Consumable,TOOL MATERIAL,TOOL STORE,73181500,NOS,0,0,0
CON00549,CON00549,,ALLEN BOLT M5 X 12,Consumable,TOOL MATERIAL,TOOL STORE,73181500,NOS,0,0,0
CON00550,CON00550,,ALLEN BOLT M5 X 20,Consumable,TOOL MATERIAL,TOOL STORE,73181500,NOS,0,0,0
CON00551,CON00551,,ALLEN BOLT M5 X 40,Consumable,TOOL MATERIAL,TOOL STORE,73181500,NOS,0,0,0
CON00552,CON00552,,ALLEN BOLT M5 X 45,Consumable,TOOL MATERIAL,TOOL STORE,73181500,NOS,0,0,0
CON00553,CON00553,,ALLEN BOLT M5 X 50,Consumable,TOOL MATERIAL,TOOL STORE,73181500,NOS,0,0,0
CON00554,CON00554,,ALLEN BOLT M5 X 55,Consumable,TOOL MATERIAL,TOOL STORE,73181500,NOS,0,0,0
CON00555,CON00555,,ALLEN BOLT M5 X 60,Consumable,TOOL MATERIAL,TOOL STORE,73181500,NOS,0,0,0
CON00556,CON00556,,ALLEN BOLT M5 X 65,Consumable,TOOL MATERIAL,TOOL STORE,73181500,NOS,0,0,0
CON00557,CON00557,,ALLEN BOLT M5 X 70,Consumable,TOOL MATERIAL,TOOL STORE,73181500,NOS,0,0,0
CON00558,CON00558,,ALLEN BOLT M5 X 75,Consumable,TOOL MATERIAL,TOOL STORE,73181500,NOS,0,0,0
CON00559,CON00559,,ALLEN BOLT M5 X 80,Consumable,TOOL MATERIAL,TOOL STORE,73181500,NOS,0,0,0
CON00560,CON00560,,ALLEN BOLT M5 X 90,Consumable,TOOL MATERIAL,TOOL STORE,73181500,NOS,0,0,0
CON00561,CON00561,,ALLEN BOLT M6 X 100,Consumable,TOOL MATERIAL,TOOL STORE,73181500,NOS,0,0,0
CON00562,CON00562,,ALLEN BOLT M6 X 110,Consumable,TOOL MATERIAL,TOOL STORE,73181500,NOS,0,0,0
CON00563,CON00563,,ALLEN BOLT M6 X 20,Consumable,TOOL MATERIAL,TOOL STORE,73181500,NOS,0,0,0
CON00564,CON00564,,ALLEN BOLT M6 X 40,Consumable,TOOL MATERIAL,TOOL STORE,73181500,NOS,0,0,0
CON00565,CON00565,,ALLEN BOLT M6 X 50,Consumable,TOOL MATERIAL,TOOL STORE,73181500,NOS,0,0,0
CON00566,CON00566,,ALLEN BOLT M6 X 70,Consumable,TOOL MATERIAL,TOOL STORE,73181500,NOS,0,0,0
CON00567,CON00567,,ALLEN BOLT M6 X 75,Consumable,TOOL MATERIAL,TOOL STORE,73181500,NOS,0,0,0
CON00568,CON00568,,ALLEN BOLT M6 X 80,Consumable,TOOL MATERIAL,TOOL STORE,73181500,NOS,0,0,0
CON00569,CON00569,,ALLEN BOLT M6 X 90,Consumable,TOOL MATERIAL,TOOL STORE,73181500,NOS,0,0,0
CON00570,CON00570,,ALLEN BOLT M8 X 100,Consumable,TOOL MATERIAL,TOOL STORE,73181500,NOS,0,0,0
CON00571,CON00571,,ALLEN BOLT M8 X 12,Consumable,TOOL MATERIAL,TOOL STORE,73181500,NOS,0,0,0
CON00572,CON00572,,ALLEN BOLT M8 X 16,Consumable,TOOL MATERIAL,TOOL STORE,73181500,NOS,0,0,0
CON00573,CON00573,,ALLEN BOLT M8 X 20,Consumable,TOOL MATERIAL,TOOL STORE,73181500,NOS,0,0,0
CON00574,CON00574,,ALLEN BOLT M8 X 25,Consumable,TOOL MATERIAL,TOOL STORE,73181500,NOS,0,0,0
CON00575,CON00575,,ALLEN BOLT M8 X 30,Consumable,TOOL MATERIAL,TOOL STORE,73181500,NOS,0,0,0
CON00576,CON00576,,ALLEN BOLT M8 X 35,Consumable,TOOL MATERIAL,TOOL STORE,73181500,NOS,0,0,0
CON00577,CON00577,,ALLEN BOLT M8 X 50,Consumable,TOOL MATERIAL,TOOL STORE,73181500,NOS,0,0,0
CON00578,CON00578,,ALLEN BOLT M8 X 55,Consumable,TOOL MATERIAL,TOOL STORE,73181500,NOS,0,0,0
CON00579,CON00579,,ALLEN BOLT M8 X 60,Consumable,TOOL MATERIAL,TOOL STORE,73181500,NOS,0,0,0
CON00580,CON00580,,ALLEN BOLT M8 X 90,Consumable,TOOL MATERIAL,TOOL STORE,73181500,NOS,0,0,0
CON00581,CON00581,,DOWEL PIN 2X14MM,Consumable,TOOL MATERIAL,TOOL STORE,73181500,NOS,0,0,0
CON00582,CON00582,,DOWEL PIN 2X6MM,Consumable,TOOL MATERIAL,TOOL STORE,73181500,NOS,0,0,0
CON00583,CON00583,,DOWEL PIN 2 X 8MM,Consumable,TOOL MATERIAL,TOOL STORE,73181500,NOS,0,0,0
CON00584,CON00584,,DOWEL PIN 3X8 MM,Consumable,TOOL MATERIAL,TOOL STORE,73181500,NOS,0,0,0
CON00585,CON00585,,DOWEL PIN 8X48MM,Consumable,TOOL MATERIAL,TOOL STORE,73182990,NOS,0,0,0
CON00586,CON00586,,DOWEL PIN 8X60MM,Consumable,TOOL MATERIAL,TOOL STORE,73182990,NOS,0,0,0
CON00587,CON00587,,DOWEL PIN DIA 4X55MM,Consumable,TOOL MATERIAL,TOOL STORE,73182990,NOS,0,0,0
CON00588,CON00588,,DOWEL PIN DIA 4X45MM,Consumable,TOOL MATERIAL,TOOL STORE,73182990,NOS,0,0,0
CON00589,CON00589,,DOWEL PIN DIA 4X60MM,Consumable,TOOL MATERIAL,TOOL STORE,73182990,NOS,0,0,0
CON00590,CON00590,,DOWEL PIN DIA 4X40MM,Consumable,TOOL MATERIAL,TOOL STORE,73182990,NOS,0,0,0
CON00591,CON00591,,DOWEL PIN DIA 6X80MM,Consumable,TOOL MATERIAL,TOOL STORE,73182990,NOS,0,0,0
CON00592,CON00592,,DOWEL PIN DIA 5X80MM,Consumable,TOOL MATERIAL,TOOL STORE,73182990,NOS,0,0,0
CON00593,CON00593,,DOWEL PIN DIA 5X60MM,Consumable,TOOL MATERIAL,TOOL STORE,73182990,NOS,0,0,0
CON00594,CON00594,,DOWEL PIN DIA 6X45MM,Consumable,TOOL MATERIAL,TOOL STORE,73182990,NOS,0,0,0
CON00595,CON00595,,DOWEL PIN DIA 4X65MM,Consumable,TOOL MATERIAL,TOOL STORE,73182990,NOS,0,0,0
CON00596,CON00596,,DOWEL PIN DIA 3X20MM,Consumable,TOOL MATERIAL,TOOL STORE,73182990,NOS,0,0,0
CON00597,CON00597,,DOWEL PIN DIA 4X30MM,Consumable,TOOL MATERIAL,TOOL STORE,73182990,NOS,0,0,0
CON00598,CON00598,,DOWEL PIN DIA 4X35MM,Consumable,TOOL MATERIAL,TOOL STORE,73182990,NOS,0,0,0
CON00599,CON00599,,DOWEL PIN DIA 3X30MM,Consumable,TOOL MATERIAL,TOOL STORE,73182990,NOS,0,0,0
CON00600,CON00600,,DOWEL PIN DIA 4X20MM,Consumable,TOOL MATERIAL,TOOL STORE,73182990,NOS,0,0,0
CON00601,CON00601,,DOWEL PIN DIA 6X25MM,Consumable,TOOL MATERIAL,TOOL STORE,73182990,NOS,0,0,0
CON00602,CON00602,,DOWEL PIN DIA 5X70MM,Consumable,TOOL MATERIAL,TOOL STORE,73182990,NOS,0,0,0
CON00603,CON00603,,DOWEL PIN DIA 4X80MM,Consumable,TOOL MATERIAL,TOOL STORE,73182990,NOS,0,0,0
CON00604,CON00604,,DOWEL PIN DIA 4X70MM,Consumable,TOOL MATERIAL,TOOL STORE,73182990,NOS,0,0,0
CON00605,CON00605,,DOWEL PIN DIA 4X75MM,Consumable,TOOL MATERIAL,TOOL STORE,73182990,NOS,0,0,0
CON00606,CON00606,,DOWEL PIN DIA 4X65MM,Consumable,TOOL MATERIAL,TOOL STORE,73182990,NOS,0,0,0
CON00607,CON00607,,DOWEL PIN DIA 8X75MM,Consumable,TOOL MATERIAL,TOOL STORE,73182990,NOS,0,0,0
CON00608,CON00608,,DOWEL PIN DIA 8X80MM,Consumable,TOOL MATERIAL,TOOL STORE,73182990,NOS,0,0,0
CON00609,CON00609,,DOWEL PIN DIA 6X30MM,Consumable,TOOL MATERIAL,TOOL STORE,73182990,NOS,0,0,0
CON00610,CON00610,,DOWEL PIN DIA 6X35MM,Consumable,TOOL MATERIAL,TOOL STORE,73182990,NOS,0,0,0
CON00611,CON00611,,DOWEL PIN DIA 6X40MM,Consumable,TOOL MATERIAL,TOOL STORE,73182990,NOS,0,0,0
CON00612,CON00612,,DOWEL PIN DIA 8X55MM,Consumable,TOOL MATERIAL,TOOL STORE,73182990,NOS,0,0,0
CON00613,CON00613,,DOWEL PIN DIA 8X65MM,Consumable,TOOL MATERIAL,TOOL STORE,73182990,NOS,0,0,0
CON00614,CON00614,,DOWEL PIN DIA 8X50MM,Consumable,TOOL MATERIAL,TOOL STORE,73182990,NOS,0,0,0
CON00615,CON00615,,DOWEL PIN DIA 4X25MM,Consumable,TOOL MATERIAL,TOOL STORE,73182990,NOS,0,0,0
CON00616,CON00616,,DOWEL PIN DIA 8X16MM,Consumable,TOOL MATERIAL,TOOL STORE,73182990,NOS,0,0,0
CON00617,CON00617,,DOWEL PIN DIA 8X45MM,Consumable,TOOL MATERIAL,TOOL STORE,73182990,NOS,0,0,0
CON00618,CON00618,,DOWEL PIN DIA 6X70MM,Consumable,TOOL MATERIAL,TOOL STORE,73182990,NOS,0,0,0
CON00619,CON00619,,DOWEL PIN DIA 6X75MM,Consumable,TOOL MATERIAL,TOOL STORE,73182990,NOS,0,0,0
CON00620,CON00620,,DOWEL PIN DIA 8X40MM,Consumable,TOOL MATERIAL,TOOL STORE,73182990,NOS,0,0,0
CON00621,CON00621,,DOWEL PIN DIA 8X90MM,Consumable,TOOL MATERIAL,TOOL STORE,73182990,NOS,0,0,0
CON00622,CON00622,,DOWEL PIN DIA 4X50MM,Consumable,TOOL MATERIAL,TOOL STORE,73182990,NOS,0,0,0
CON00623,CON00623,,DOWEL PIN DIA 3X50MM,Consumable,TOOL MATERIAL,TOOL STORE,73182990,NOS,0,0,0
CON00624,CON00624,,DOWEL PIN DIA 3X60MM,Consumable,TOOL MATERIAL,TOOL STORE,73182990,NOS,0,0,0
CON00625,CON00625,,DOWEL PIN DIA 5X50MM,Consumable,TOOL MATERIAL,TOOL STORE,73182990,NOS,0,0,0
CON00626,CON00626,,DOWEL PIN DIA 3X25MM,Consumable,TOOL MATERIAL,TOOL STORE,73182990,NOS,0,0,0
CON00627,CON00627,,DOWEL PIN DIA 3X40MM,Consumable,TOOL MATERIAL,TOOL STORE,73182990,NOS,0,0,0
CON00628,CON00628,,DOWEL PIN DIA 3X35MM,Consumable,TOOL MATERIAL,TOOL STORE,73182990,NOS,0,0,0
CON00629,CON00629,,DOWEL PIN DIA 3X45MM,Consumable,TOOL MATERIAL,TOOL STORE,73182990,NOS,0,0,0
CON00630,CON00630,,DOWEL PIN DIA 4X10MM,Consumable,TOOL MATERIAL,TOOL STORE,73182990,NOS,0,0,0
CON00631,CON00631,,DOWEL PIN DIA 4X16MM,Consumable,TOOL MATERIAL,TOOL STORE,73182990,NOS,0,0,0
CON00632,CON00632,,DOWEL PIN DIA 5X20MM,Consumable,TOOL MATERIAL,TOOL STORE,73182990,NOS,0,0,0
CON00633,CON00633,,DOWEL PIN DIA 5X25MM,Consumable,TOOL MATERIAL,TOOL STORE,73182990,NOS,0,0,0
CON00634,CON00634,,DOWEL PIN DIA 5X30MM,Consumable,TOOL MATERIAL,TOOL STORE,73182990,NOS,0,0,0
CON00635,CON00635,,DOWEL PIN DIA 5X40MM,Consumable,TOOL MATERIAL,TOOL STORE,73182990,NOS,0,0,0
CON00636,CON00636,,DOWEL PIN DIA 5X55MM,Consumable,TOOL MATERIAL,TOOL STORE,73182990,NOS,0,0,0
CON00637,CON00637,,DOWEL PIN DIA 5X75MM,Consumable,TOOL MATERIAL,TOOL STORE,73182990,NOS,0,0,0
CON00638,CON00638,,DOWEL PIN DIA 6X50MM,Consumable,TOOL MATERIAL,TOOL STORE,73182990,NOS,0,0,0
CON00639,CON00639,,DOWEL PIN DIA 6X90MM,Consumable,TOOL MATERIAL,TOOL STORE,73182990,NOS,0,0,0
CON00640,CON00640,,DOWEL PIN DIA 8X20MM,Consumable,TOOL MATERIAL,TOOL STORE,73182990,NOS,0,0,0
CON00641,CON00641,,DOWEL PIN DIA 8X25MM,Consumable,TOOL MATERIAL,TOOL STORE,73182990,NOS,0,0,0
CON00642,CON00642,,DOWEL PIN DIA 8X110MM,Consumable,TOOL MATERIAL,TOOL STORE,73182990,NOS,0,0,0
CON00643,CON00643,,DOWEL PIN DIA 8X130MM,Consumable,TOOL MATERIAL,TOOL STORE,73182990,NOS,0,0,0
CON00644,CON00644,,DOWEL PIN DIA 8X140MM,Consumable,TOOL MATERIAL,TOOL STORE,73182990,NOS,0,0,0
CON00645,CON00645,,DOWEL PIN DIA 8X150MM,Consumable,TOOL MATERIAL,TOOL STORE,73182990,NOS,0,0,0
CON00646,CON00646,,DOWEL PIN DIA 8X120MM,Consumable,TOOL MATERIAL,TOOL STORE,73182990,NOS,0,0,0
CON00647,CON00647,,DOWEL PIN DIA 10X120MM,Consumable,TOOL MATERIAL,TOOL STORE,73182990,NOS,0,0,0
CON00648,CON00648,,DOWEL PIN DIA 10X130MM,Consumable,TOOL MATERIAL,TOOL STORE,73182990,NOS,0,0,0
CON00649,CON00649,,DOWEL PIN DIA 10X150MM,Consumable,TOOL MATERIAL,TOOL STORE,73182990,NOS,0,0,0
CON00650,CON00650,,DOWEL PIN DIA 6X65MM,Consumable,TOOL MATERIAL,TOOL STORE,73182990,NOS,0,0,0
CON00651,CON00651,,DOWEL PIN DIA 6X55MM,Consumable,TOOL MATERIAL,TOOL STORE,73182990,NOS,0,0,0
CON00652,CON00652,,DOWEL PIN DIA 8X60MM,Consumable,TOOL MATERIAL,TOOL STORE,73182990,NOS,0,0,0
CON00653,CON00653,,DOWEL PIN DIA 5X35MM,Consumable,TOOL MATERIAL,TOOL STORE,73182990,NOS,0,0,0
CON00654,CON00654,,DOWEL PIN DIA 10X80MM,Consumable,TOOL MATERIAL,TOOL STORE,73182990,NOS,0,0,0
CON00655,CON00655,,BEND SAW BLADE (SMALL) 3090 X 27 X 0.9 MM TPI 5/8,Consumable,TOOL MATERIAL,TOOL STORE,73182990,NOS,0,0,0
CON00656,CON00656,,BEND SAW BLADE (BIG) 3950 X 34 X 1.1 MM TPI 3/4 MODEL NO - RF300,Consumable,TOOL MATERIAL,TOOL STORE,29051100,NOS,0,1,0
CON00657,CON00657,,BEND SAW BLADE (SMALL) 3090 X 27 X 0.9 MM TPI 3/4,Consumable,TOOL MATERIAL,TOOL STORE,29051100,NOS,0,1,0
CON00658,CON00658,,DIE SHOE DIA 200MM,Consumable,TOOL MATERIAL,TOOL STORE,73182990,NOS,0,0,0
CON00659,CON00659,,DIE SHOE DIA 160MM,Consumable,TOOL MATERIAL,TOOL STORE,73182990,NOS,0,0,0
CON00660,CON00660,,BEARING NJ215 MAKE - NTN,Consumable,MACHINE SPARES,STORE,0,NOS,0,0,0
CON00661,CON00661,,BEARING NJ213 MAKE - NTN,Consumable,MACHINE SPARES,STORE,0,NOS,0,0,0
CON00662,CON00662,,BEARING FC209 MAKE - NTN,Consumable,MACHINE SPARES,STORE,0,NOS,0,0,0
CON00663,CON00663,,BEARING FC207 MAKE - NTN,Consumable,MACHINE SPARES,STORE,0,NOS,0,0,0
CON00664,CON00664,,BEARING FCX09 MAKE - NTN,Consumable,MACHINE SPARES,STORE,0,NOS,0,0,0
CON00665,CON00665,,BEARING FC210 MAKE - NTN,Consumable,MACHINE SPARES,STORE,0,NOS,0,0,0
CON00666,CON00666,,BEARING 6305 MAKE - NTN,Consumable,MACHINE SPARES,STORE,0,NOS,0,0,0
CON00667,CON00667,,BEARING 1715 MAKE - NTN,Consumable,MACHINE SPARES,STORE,0,NOS,0,0,0
CON00668,CON00668,,BEARING 6006 ZZ MAKE - NTN,Consumable,MACHINE SPARES,STORE,0,NOS,0,0,0
CON00669,CON00669,,BEARING UCFC 209 D1 WIDTH FLANGE MAKE - NTN,Consumable,MACHINE SPARES,STORE,0,NOS,0,0,0
CON00670,CON00670,,CYLINDRICAL ROLLER BEARING NJ 213 MAKE - NTN,Consumable,MACHINE SPARES,STORE,0,NOS,0,0,0
CON00671,CON00671,,BEARING UCX-15 MAKE - NTN,Consumable,MACHINE SPARES,STORE,0,NOS,0,0,0
CON00672,CON00672,,BEARING FCX-15 WITH FLANGE MAKE - NTN,Consumable,MACHINE SPARES,STORE,0,NOS,0,0,0
CON00673,CON00673,,BEARING UCX -09 MAKE - NTN,Consumable,MACHINE SPARES,STORE,0,NOS,0,0,0
CON00674,CON00674,,BALL BEARING 6213 MAKE - NTN,Consumable,MACHINE SPARES,STORE,0,NOS,0,0,0
CON00675,CON00675,,BALL BEARING 6016 ZZ MAKE - NTN,Consumable,MACHINE SPARES,STORE,0,NOS,0,0,0
CON00676,CON00676,,BALL BEARING 6213 ZZ MAKE - NTN,Consumable,MACHINE SPARES,STORE,0,NOS,0,0,0
CON00677,CON00677,,BALL BEARING 6009 -2 -C3 MAKE - NTN,Consumable,MACHINE SPARES,STORE,0,NOS,0,0,0
CON00678,CON00678,,BEARING P-205 MAKE - NTN,Consumable,MACHINE SPARES,STORE,0,NOS,0,0,0
CON00679,CON00679,,BEARING P-206 MAKE - NTN,Consumable,MACHINE SPARES,STORE,0,NOS,0,0,0
CON00680,CON00680,,BEARING FC-208 MAKE - NTN,Consumable,MACHINE SPARES,STORE,0,NOS,0,0,0
CON00681,CON00681,,7012TRDULP3 NSK /NTN SUPER PRECISION ANGULAR CONTACT BEARING DIMENSION 60 X 95 X 18 MM.,Consumable,MACHINE SPARES,STORE,0,NOS,0,0,0
CON00682,CON00682,,CYLINDRICAL ROLLER BEARING NU 1010 - XL -M1 DIMENSION - 50 X 80 X 16 X - LIFE - MAKE - NTN,Consumable,MACHINE SPARES,STORE,0,NOS,0,0,0
CON00683,CON00683,,TAPER ROLLER BEARING 30305 ID 25 MM X OD 62 MM MAKE - NTN,Consumable,MACHINE SPARES,STORE,0,NOS,0,0,0
CON00684,CON00684,,1210 BALL BEARING ZZ MAKE - NTN,Consumable,MACHINE SPARES,STORE,0,NOS,0,0,0
CON00685,CON00685,,UCP204-012 D1 BEARING MAKE - NTN WITH HOUSING,Consumable,MACHINE SPARES,STORE,0,NOS,0,0,0
CON00686,CON00686,,BEARING UCT206 D1 MAKE - NTN,Consumable,MACHINE SPARES,STORE,0,NOS,0,0,0
CON00687,CON00687,,BEARING 22310 CC W 33 SPHERICAL ROLLER BEARING MAKE - NTN,Consumable,MACHINE SPARES,STORE,0,NOS,0,0,0
CON00688,CON00688,,BEARING UC-207 D1 MAKE - NTN.,Consumable,MACHINE SPARES,STORE,0,NOS,0,0,0
CON00689,CON00689,,BEARING UCP-206 D1 MAKE - NTN,Consumable,MACHINE SPARES,STORE,0,NOS,0,0,0
CON00690,CON00690,,BALL BEARING 1210 SK MAKE - NTN,Consumable,MACHINE SPARES,STORE,0,NOS,0,0,0
CON00691,CON00691,,BEARING 30305 TAPER ROLLER SINGLE ROW ID 25 MM X OD 62 MM MAKE -NTN,Consumable,MACHINE SPARES,STORE,0,NOS,0,0,0
CON00692,CON00692,,BEARING 7203B BALL BEARING SINGLE ROW MAKE - NTN,Consumable,MACHINE SPARES,STORE,0,NOS,0,0,0
CON00693,CON00693,,BEARING TAPPER ROLLER FAG H 32215 MAKE - NTN,Consumable,MACHINE SPARES,STORE,0,NOS,0,0,0
CON00694,CON00694,,BEARING FC 209 UCF BEARING MAKE - NTN,Consumable,MACHINE SPARES,STORE,0,NOS,0,0,0
CON00695,CON00695,,BEARING UCFC -209 D1 MAKE - NTN.,Consumable,MACHINE SPARES,STORE,0,NOS,0,0,0
CON00696,CON00696,,"ANGULAR CONTACT BALL BEARING 7315 B, ID 75 X OD 160 X THICKNESS 37 MM MAKE - NTN",Consumable,MACHINE SPARES,STORE,0,NOS,0,0,0
CON00697,CON00697,,"ANGULAR CONTACT BALL BEARING 7218 B, ID 90 X 160 X THICKNESS 30 MM MAKE - NTN",Consumable,MACHINE SPARES,STORE,0,NOS,0,0,0
CON00698,CON00698,,BEARING NTN NU 310 E-XL-JP-C3.,Consumable,MACHINE SPARES,STORE,0,NOS,0,0,0
CON00699,CON00699,,6305 BEARING 2 RS MAKE - NTN,Consumable,MACHINE SPARES,STORE,0,NOS,0,0,0
CON00700,CON00700,,BEARING NJ2308C3 MAKE - NTN,Consumable,MACHINE SPARES,STORE,0,NOS,0,0,0
CON00701,CON00701,,M S ROD,Consumable,MACHINE SPARES,STORE,0,NOS,0,0,0
CON00702,CON00702,,FEVIKWIK 1ML,Consumable,MACHINE SPARES,STORE,0,NOS,0,0,0
CON00703,CON00703,,PROXIMITY SENSOR,Consumable,MACHINE SPARES,STORE,0,NOS,0,0,0
CON00704,CON00704,,Machine Lamp 3 ARM,Consumable,MACHINE SPARES,STORE,29051100,NOS,0,1,0
CON00705,CON00705,,"Rubber Pad (Black) 12""X12""X1/2""",Consumable,MACHINE SPARES,STORE,29051100,NOS,0,1,0
CON00706,CON00706,,CARBIDE DRILL DIA 10mm,Consumable,MACHINE SPARES,STORE,29051100,NOS,0,1,0
CON00707,CON00707,,CARBIDE DRILL DIA 11mm,Consumable,MACHINE SPARES,STORE,0,NOS,0,0,0
CON00708,CON00708,,CARBIDE DRILL DIA 12mm,Consumable,MACHINE SPARES,STORE,0,NOS,0,0,0
CON00709,CON00709,,"CARBIDE DRILL DIA 13/64"" ( 5.1 )mm",Consumable,MACHINE SPARES,STORE,0,NOS,0,0,0
CON00710,CON00710,,CARBIDE DRILL DIA 14mm,Consumable,MACHINE SPARES,STORE,0,NOS,0,0,0
CON00711,CON00711,,CARBIDE DRILL DIA 2.1mm,Consumable,MACHINE SPARES,STORE,0,NOS,0,0,0
CON00712,CON00712,,CARBIDE DRILL DIA 2.3mm,Consumable,MACHINE SPARES,STORE,0,NOS,0,0,0
CON00713,CON00713,,CARBIDE DRILL DIA 3mm,Consumable,MACHINE SPARES,STORE,0,NOS,0,0,0
CON00714,CON00714,,CARBIDE DRILL DIA 4mm,Consumable,MACHINE SPARES,STORE,0,NOS,0,0,0
CON00715,CON00715,,CARBIDE DRILL DIA 6.2mm,Consumable,MACHINE SPARES,STORE,0,NOS,0,0,0
CON00716,CON00716,,CARBIDE DRILL DIA 6mm,Consumable,MACHINE SPARES,STORE,0,NOS,0,0,0
CON00717,CON00717,,CARBIDE DRILL DIA 7mm,Consumable,MACHINE SPARES,STORE,0,NOS,0,0,0
CON00718,CON00718,,CARBIDE DRILL DIA 8mm,Consumable,MACHINE SPARES,STORE,0,NOS,0,0,0
CON00719,CON00719,,CARBIDE DRILL DIA 9.5mm,Consumable,MACHINE SPARES,STORE,0,NOS,0,0,0
CON00720,CON00720,,CARBIDE DRILL DIA 9mm,Consumable,MACHINE SPARES,STORE,0,NOS,0,0,0
CON00721,CON00721,,CARBIDE DRILL DIE 14.5,Consumable,MACHINE SPARES,STORE,29051100,NOS,0,1,0
CON00722,CON00722,,CARBIDE DRILL DIE 6.8,Consumable,MACHINE SPARES,STORE,0,NOS,0,0,0
CON00723,CON00723,,CARBIDE DRILL DIE 6.8 X 2 FLUTE,Consumable,MACHINE SPARES,STORE,0,NOS,0,0,0
CON00724,CON00724,,CARBIDE DRILL Q 6.8 X 69 X 109,Consumable,MACHINE SPARES,STORE,0,NOS,0,0,0
CON00725,CON00725,,CARBIDE DRILL Q9MM X 81 X 125,Consumable,MACHINE SPARES,STORE,0,NOS,0,0,0
CON00726,CON00726,,CARBIDE TIP DRILL DIA 10MM,Consumable,MACHINE SPARES,STORE,0,NOS,0,0,0
CON00727,CON00727,,CARBIDE TIP DRILL DIA 11MM,Consumable,MACHINE SPARES,STORE,0,NOS,0,0,0
CON00728,CON00728,,CARBIDE TIP DRILL DIA 4MM,Consumable,MACHINE SPARES,STORE,0,NOS,0,0,0
CON00729,CON00729,,CARBIDE TIP DRILL DIA 5MM,Consumable,MACHINE SPARES,STORE,0,NOS,0,0,0
CON00730,CON00730,,CARBITE TIP DRILL 4mm,Consumable,MACHINE SPARES,STORE,0,NOS,0,0,0
CON00731,CON00731,,CENTRAL DRILL 1/8 X 5/16,Consumable,MACHINE SPARES,STORE,0,NOS,0,0,0
CON00732,CON00732,,CENTRAL DRILL 3/16 X 7/16,Consumable,MACHINE SPARES,STORE,0,NOS,0,0,0
CON00733,CON00733,,COUNTER SINK DRILL ( CARBIDE ) DIE 13MM ANGLE - 90 DGREE,Consumable,MACHINE SPARES,STORE,0,NOS,0,0,0
CON00734,CON00734,,DRILL 10 MM,Consumable,MACHINE SPARES,STORE,0,NOS,0,0,0
CON00735,CON00735,,DRILL 10.1 MM,Consumable,MACHINE SPARES,STORE,0,NOS,0,0,0
CON00736,CON00736,,DRILL 10.5 MM,Consumable,MACHINE SPARES,STORE,0,NOS,0,0,0
CON00737,CON00737,,DRILL 10.6 MM,Consumable,MACHINE SPARES,STORE,0,NOS,0,0,0
CON00738,CON00738,,DRILL 10.8 MM,Consumable,MACHINE SPARES,STORE,0,NOS,0,0,0
CON00739,CON00739,,DRILL 11.00 MM,Consumable,MACHINE SPARES,STORE,0,NOS,0,0,0
CON00740,CON00740,,DRILL 11.1 MM,Consumable,MACHINE SPARES,STORE,0,NOS,0,0,0
CON00741,CON00741,,DRILL 12.00 MM,Consumable,MACHINE SPARES,STORE,0,NOS,0,0,0
CON00742,CON00742,,DRILL 12.5 MM,Consumable,MACHINE SPARES,STORE,0,NOS,0,0,0
CON00743,CON00743,,DRILL 12.8 MM,Consumable,MACHINE SPARES,STORE,0,NOS,0,0,0
CON00744,CON00744,,DRILL 13 MM,Consumable,MACHINE SPARES,STORE,0,NOS,0,0,0
CON00745,CON00745,,DRILL 4.2 MM,Consumable,MACHINE SPARES,STORE,0,NOS,0,0,0
CON00746,CON00746,,DRILL 4.6 MM,Consumable,MACHINE SPARES,STORE,0,NOS,0,0,0
CON00747,CON00747,,DRILL 4.7 MM,Consumable,MACHINE SPARES,STORE,0,NOS,0,0,0
CON00748,CON00748,,DRILL 4.8 MM,Consumable,MACHINE SPARES,STORE,0,NOS,0,0,0
CON00749,CON00749,,DRILL 4.9 MM,Consumable,MACHINE SPARES,STORE,0,NOS,0,0,0
CON00750,CON00750,,DRILL 5.2 MM,Consumable,MACHINE SPARES,STORE,0,NOS,0,0,0
CON00751,CON00751,,DRILL 5.3 MM,Consumable,MACHINE SPARES,STORE,29051100,NOS,0,1,0
CON00752,CON00752,,DRILL 6.1 MM,Consumable,MACHINE SPARES,STORE,0,NOS,0,0,0
CON00753,CON00753,,DRILL 6.3 MM,Consumable,MACHINE SPARES,STORE,0,NOS,0,0,0
CON00754,CON00754,,DRILL 6.5 MM,Consumable,MACHINE SPARES,STORE,0,NOS,0,0,0
CON00755,CON00755,,DRILL 6.6 MM,Consumable,MACHINE SPARES,STORE,0,NOS,0,0,0
CON00756,CON00756,,DRILL 6.7 MM,Consumable,MACHINE SPARES,STORE,0,NOS,0,0,0
CON00757,CON00757,,DRILL 6.8 MM,Consumable,MACHINE SPARES,STORE,0,NOS,0,0,0
CON00758,CON00758,,DRILL 8.5 MM,Consumable,MACHINE SPARES,STORE,29051100,NOS,0,1,0
CON00759,CON00759,,DRILL 9.00 MM,Consumable,MACHINE SPARES,STORE,0,NOS,0,0,0
CON00760,CON00760,,H S S DRILL 1.9 MM,Consumable,MACHINE SPARES,STORE,0,NOS,0,0,0
CON00761,CON00761,,H S S DRILL 10 MM ADDISON,Consumable,MACHINE SPARES,STORE,29051100,NOS,0,1,0
CON00762,CON00762,,H S S DRILL 10.5 MM,Consumable,MACHINE SPARES,STORE,0,NOS,0,0,0
CON00763,CON00763,,H S S DRILL 11 MM I.T.,Consumable,MACHINE SPARES,STORE,0,NOS,0,0,0
CON00764,CON00764,,H S S DRILL 12 MM ADDISON,Consumable,MACHINE SPARES,STORE,29051100,NOS,0,1,0
CON00765,CON00765,,H S S DRILL 15 MM TAPPER SHANK,Consumable,MACHINE SPARES,STORE,0,NOS,0,0,0
CON00766,CON00766,,H S S DRILL 16.5 MM TAPPER SHANK,Consumable,MACHINE SPARES,STORE,0,NOS,0,0,0
CON00767,CON00767,,H S S DRILL 17 MM TAPPER SHANK,Consumable,MACHINE SPARES,STORE,0,NOS,0,0,0
CON00768,CON00768,,H S S DRILL 18 MM TAPPER SHANK,Consumable,MACHINE SPARES,STORE,0,NOS,0,0,0
CON00769,CON00769,,H S S DRILL 19 MM ADDISON TAPPER SHANK,Consumable,MACHINE SPARES,STORE,0,NOS,0,0,0
CON00770,CON00770,,H S S DRILL 2.5 MM ADDISON,Consumable,MACHINE SPARES,STORE,0,NOS,0,0,0
CON00771,CON00771,,H S S DRILL 2.6 MM ADDISON,Consumable,MACHINE SPARES,STORE,0,NOS,0,0,0
CON00772,CON00772,,H S S DRILL 2.8 MM ADDISON,Consumable,MACHINE SPARES,STORE,0,NOS,0,0,0
CON00773,CON00773,,H S S DRILL 2.9 MM ADDISON,Consumable,MACHINE SPARES,STORE,0,NOS,0,0,0
CON00774,CON00774,,H S S DRILL 20 MM ADDISON TAPPER SHANK,Consumable,MACHINE SPARES,STORE,0,NOS,0,0,0
CON00775,CON00775,,H S S DRILL 22 MM ADDISON TAPPER SHANK,Consumable,MACHINE SPARES,STORE,0,NOS,0,0,0
CON00776,CON00776,,H S S DRILL 24 MM ADDISON TAPPER SHANK,Consumable,MACHINE SPARES,STORE,0,NOS,0,0,0
CON00777,CON00777,,H S S DRILL 27 MM ADDISON TAPPER SHANK,Consumable,MACHINE SPARES,STORE,0,NOS,0,0,0
CON00778,CON00778,,H S S DRILL 3 MM ADDISON,Consumable,MACHINE SPARES,STORE,0,NOS,0,0,0
CON00779,CON00779,,H S S DRILL 3.0 MM ADDISON,Consumable,MACHINE SPARES,STORE,0,NOS,0,0,0
CON00780,CON00780,,H S S DRILL 3.2 MM ADDISON,Consumable,MACHINE SPARES,STORE,0,NOS,0,0,0
CON00781,CON00781,,H S S DRILL 3.3 MM ADDISON,Consumable,MACHINE SPARES,STORE,0,NOS,0,0,0
CON00782,CON00782,,H S S DRILL 3.4 MM ADDISON,Consumable,MACHINE SPARES,STORE,0,NOS,0,0,0
CON00783,CON00783,,H S S DRILL 3.5 MM ADDISON,Consumable,MACHINE SPARES,STORE,0,NOS,0,0,0
CON00784,CON00784,,H S S DRILL 3.6 MM ADDISON,Consumable,MACHINE SPARES,STORE,0,NOS,0,0,0
CON00785,CON00785,,H S S DRILL 3.8 MM ADDISON,Consumable,MACHINE SPARES,STORE,0,NOS,0,0,0
CON00786,CON00786,,H S S DRILL 30 MM ADDISON TAPPER SHANK,Consumable,MACHINE SPARES,STORE,0,NOS,0,0,0
CON00787,CON00787,,H S S DRILL 4 MM ADDISON,Consumable,MACHINE SPARES,STORE,0,NOS,0,0,0
CON00788,CON00788,,H S S DRILL 4.1 MM ADDISON,Consumable,MACHINE SPARES,STORE,0,NOS,0,0,0
CON00789,CON00789,,H S S DRILL 4.2 MM ADDISON,Consumable,MACHINE SPARES,STORE,0,NOS,0,0,0
CON00790,CON00790,,H S S DRILL 4.3 MM ADDISON,Consumable,MACHINE SPARES,STORE,0,NOS,0,0,0
CON00791,CON00791,,H S S DRILL 4.7 MM ADDISON,Consumable,MACHINE SPARES,STORE,0,NOS,0,0,0
CON00792,CON00792,,H S S DRILL 4.9 MM ADDISON,Consumable,MACHINE SPARES,STORE,0,NOS,0,0,0
CON00793,CON00793,,H S S DRILL 5 MM ADDISON,Consumable,MACHINE SPARES,STORE,0,NOS,0,0,0
CON00794,CON00794,,H S S DRILL 5.0 MM ADDISON,Consumable,MACHINE SPARES,STORE,0,NOS,0,0,0
CON00795,CON00795,,H S S DRILL 5.1 MM ADDISON,Consumable,MACHINE SPARES,STORE,0,NOS,0,0,0
CON00796,CON00796,,H S S DRILL 5.2 MM ADDISON,Consumable,MACHINE SPARES,STORE,0,NOS,0,0,0
CON00797,CON00797,,H S S DRILL 5.5 MM ADDISON,Consumable,MACHINE SPARES,STORE,0,NOS,0,0,0
CON00798,CON00798,,H S S DRILL 5.8 MM ADDISON,Consumable,MACHINE SPARES,STORE,0,NOS,0,0,0
CON00799,CON00799,,H S S DRILL 5.9 MM ADDISON,Consumable,MACHINE SPARES,STORE,0,NOS,0,0,0
CON00800,CON00800,,H S S DRILL 8.4 MM ADDISON,Consumable,MACHINE SPARES,STORE,29051100,NOS,0,1,0
CON00801,CON00801,,H S S DRILL 6.2 MM ADDISON,Consumable,MACHINE SPARES,STORE,0,NOS,0,0,0
CON00802,CON00802,,H S S DRILL 6.3 MM ADDISON,Consumable,MACHINE SPARES,STORE,0,NOS,0,0,0
CON00803,CON00803,,H S S DRILL 6.6 MM ADDISON,Consumable,MACHINE SPARES,STORE,0,NOS,0,0,0
CON00804,CON00804,,H S S DRILL 6.7 MM ADDISON,Consumable,MACHINE SPARES,STORE,0,NOS,0,0,0
CON00805,CON00805,,H S S DRILL 6.8 MM ADDISON,Consumable,MACHINE SPARES,STORE,0,NOS,0,0,0
CON00806,CON00806,,H S S DRILL 6.9 MM ADDISON,Consumable,MACHINE SPARES,STORE,0,NOS,0,0,0
CON00807,CON00807,,H S S DRILL 7 MM ADDISON,Consumable,MACHINE SPARES,STORE,0,NOS,0,0,0
CON00808,CON00808,,H S S DRILL 8 MM ADDISON,Consumable,MACHINE SPARES,STORE,0,NOS,0,0,0
CON00809,CON00809,,H S S DRILL 8.2 MM ADDISON,Consumable,MACHINE SPARES,STORE,0,NOS,0,0,0
CON00810,CON00810,,H S S DRILL 9 MM ADDISON,Consumable,MACHINE SPARES,STORE,0,NOS,0,0,0
CON00811,CON00811,,HAND DRILL MACHINE,Consumable,MACHINE SPARES,STORE,0,NOS,0,0,0
CON00812,CON00812,,HAND DRILL MACHINE 1/4 INCH,Consumable,MACHINE SPARES,STORE,0,NOS,0,0,0
CON00813,CON00813,,HAND DRILL MACHINE BED.,Consumable,MACHINE SPARES,STORE,0,NOS,0,0,0
CON00814,CON00814,,HAND DRILL MACHINE MAKE :- BOOSH 600 W 13 MM,Consumable,MACHINE SPARES,STORE,0,NOS,0,0,0
CON00815,CON00815,,HSS CARBIDE DRILL DIA 12mm (ADDISION),Consumable,MACHINE SPARES,STORE,0,NOS,0,0,0
CON00816,CON00816,,HSS DRILL 17.5 MM ( TWIST STARIGHT ),Consumable,MACHINE SPARES,STORE,0,NOS,0,0,0
CON00817,CON00817,,HSS DRILL 19.5 MM ( TWIST STARIGHT ),Consumable,MACHINE SPARES,STORE,0,NOS,0,0,0
CON00818,CON00818,,HSS DRILL DIE 14.5 MM ( STARIGHT ),Consumable,MACHINE SPARES,STORE,0,NOS,0,0,0
CON00819,CON00819,,HSS STANDARD DRILL 14mm IT,Consumable,MACHINE SPARES,STORE,0,NOS,0,0,0
CON00820,CON00820,,ST DRILL 12MM ADDISON,Consumable,MACHINE SPARES,STORE,0,NOS,0,0,0
CON00821,CON00821,,"IMPACT SOCKET 3/8"" Sq. DR. 21MM A/F HEX DEEP SOCKET",Consumable,MACHINE SPARES,STORE,0,NOS,0,0,0
CON00822,CON00822,,"IMPACT SOCKET 3/8"" Sq. DR. 15MM A/F HEX DEEP SOCKET",Consumable,MACHINE SPARES,STORE,0,NOS,0,0,0
CON00823,CON00823,,"IMPACT SOCKET 3/4"" SQ. DR. 21MM A/F HEX DEEP SOCKET",Consumable,MACHINE SPARES,STORE,0,NOS,0,0,0
CON00824,CON00824,,"IMPACT SOCKET 3/4"" SQ. DR. 30MM A/F HEX DEEP SOCKET",Consumable,MACHINE SPARES,STORE,0,NOS,0,0,0
CON00825,CON00825,,"IMPACT SOCKET 3/4"" SQ. DR. 38MM A/F HEX DEEP SOCKET",Consumable,MACHINE SPARES,STORE,0,NOS,0,0,0
CON00826,CON00826,,"IMPACT SOCKET 1/2"" SQ. DR. 38MM A/F HEX DEEP SOCKET 75MM LONG",Consumable,MACHINE SPARES,STORE,0,NOS,0,0,0
CON00827,CON00827,,OIL SEAL SIZE:- 20 X 35 X 7,Consumable,MACHINE SPARES,STORE,0,NOS,0,0,0
CON00828,CON00828,,EASYLUB METERING CARTRIDGES Model:- HOP-600-6-HAND PUMP,Consumable,MACHINE SPARES,STORE,0,NOS,0,0,0
CON00829,CON00829,,NYLON BELT (WEB SLING) WIDTH : 75 MM,Consumable,MACHINE SPARES,STORE,29051100,NOS,0,1,0
CON00830,CON00830,,B BELT B-45,Consumable,MACHINE SPARES,STORE,29051100,NOS,0,1,0
CON00831,CON00831,,BELT - B70 NIRLON,Consumable,MACHINE SPARES,STORE,0,NOS,0,0,0
CON00832,CON00832,,BELT - XPA 1320,Consumable,MACHINE SPARES,STORE,0,NOS,0,0,0
CON00833,CON00833,,V-BELT SEM 30 (7/8/12K) - XPA 1307,Consumable,MACHINE SPARES,STORE,0,NOS,0,0,0
CON00834,CON00834,,COPRESSURE BELT SPAX - 1382,Consumable,MACHINE SPARES,STORE,0,NOS,0,0,0
CON00835,CON00835,,V-BELT A-65,Consumable,MACHINE SPARES,STORE,0,NOS,0,0,0
CON00836,CON00836,,TIMER BELT 136XL,Consumable,MACHINE SPARES,STORE,0,NOS,0,0,0
CON00837,CON00837,,V- BELT B- 73,Consumable,MACHINE SPARES,STORE,0,NOS,0,0,0
CON00838,CON00838,,V- BELT B- 86,Consumable,MACHINE SPARES,STORE,0,NOS,0,0,0
CON00839,CON00839,,V- BELT B- 88,Consumable,MACHINE SPARES,STORE,0,NOS,0,0,0
CON00840,CON00840,,V- BELT C- 137,Consumable,MACHINE SPARES,STORE,0,NOS,0,0,0
CON00841,CON00841,,V- BELT C- 158,Consumable,MACHINE SPARES,STORE,0,NOS,0,0,0
CON00842,CON00842,,V BELT B-115,Consumable,MACHINE SPARES,STORE,0,NOS,0,0,0
CON00843,CON00843,,BELT - 1382,Consumable,MACHINE SPARES,STORE,0,NOS,0,0,0
CON00844,CON00844,,BELT HTD 720-8 MM,Consumable,MACHINE SPARES,STORE,0,NOS,0,0,0
CON00845,CON00845,,BELT B- 114,Consumable,MACHINE SPARES,STORE,0,NOS,0,0,0
CON00846,CON00846,,V- BELT B- 69,Consumable,MACHINE SPARES,STORE,0,NOS,0,0,0
CON00847,CON00847,,V- BELT B- 74,Consumable,MACHINE SPARES,STORE,0,NOS,0,0,0
CON00848,CON00848,,BELT NO. B - 84,Consumable,MACHINE SPARES,STORE,0,NOS,0,0,0
CON00849,CON00849,,BELT A - 46,Consumable,MACHINE SPARES,STORE,0,NOS,0,0,0
CON00850,CON00850,,BELT 10 PK 1725,Consumable,MACHINE SPARES,STORE,0,NOS,0,0,0
CON00851,CON00851,,BELT SPZ 1137 LW,Consumable,MACHINE SPARES,STORE,0,NOS,0,0,0
CON00852,CON00852,,BELT A-1610LP/A 62,Consumable,MACHINE SPARES,STORE,0,NOS,0,0,0
CON00853,CON00853,,BELT SPAX 1357 BL MAKE SPAX,Consumable,MACHINE SPARES,STORE,0,NOS,0,0,0
CON00854,CON00854,,BELT 1357 BL,Consumable,MACHINE SPARES,STORE,0,NOS,0,0,0
CON00855,CON00855,,BELT A- 71,Consumable,MACHINE SPARES,STORE,0,NOS,0,0,0
CON00856,CON00856,,V - BELT A 37,Consumable,MACHINE SPARES,STORE,0,NOS,0,0,0
CON00857,CON00857,,BELT B-104,Consumable,MACHINE SPARES,STORE,0,NOS,0,0,0
CON00858,CON00858,,BELT B 176,Consumable,MACHINE SPARES,STORE,0,NOS,0,0,0
CON00859,CON00859,,V -BELT XPA 1600,Consumable,MACHINE SPARES,STORE,0,NOS,0,0,0
CON00860,CON00860,,V - BELT XPA 1282,Consumable,MACHINE SPARES,STORE,0,NOS,0,0,0
CON00861,CON00861,,BELT SPAX 1332.,Consumable,MACHINE SPARES,STORE,0,NOS,0,0,0
CON00862,CON00862,,BELT B-76,Consumable,MACHINE SPARES,STORE,0,NOS,0,0,0
CON00863,CON00863,,Belt - B-92,Consumable,MACHINE SPARES,STORE,0,NOS,0,0,0
CON00864,CON00864,,V BELT B-48,Consumable,MACHINE SPARES,STORE,29051100,NOS,0,1,0
CON00865,CON00865,,T- CONNECTER 10 MM MAKE :- FESTO,Consumable,MACHINE SPARES,STORE,0,NOS,0,0,0
CON00866,CON00866,,PU PIPE MAKE - FESTO 12 MM COLOR - BLUE,Consumable,MACHINE SPARES,STORE,0,NOS,0,0,0
CON00867,CON00867,,PU PIPE MAKE - FESTO 10 MM COLOR - BLUE,Consumable,MACHINE SPARES,STORE,0,NOS,0,0,0
CON00868,CON00868,,STRAIGHT CONNECTER 10 MM MAKE - FESTO,Consumable,MACHINE SPARES,STORE,0,NOS,0,0,0
CON00869,CON00869,,QSL 8 MM X 1/4 MAKE - FESTO,Consumable,MACHINE SPARES,STORE,0,NOS,0,0,0
CON00870,CON00870,,T- CONNECTER 12 MM MAKE - FESTO,Consumable,MACHINE SPARES,STORE,0,NOS,0,0,0
CON00871,CON00871,,CONNECTOR 1/2 INCH THREADING X PIPE SIZE 12 MM STRAIGHT MAKE :- FESTO,Consumable,MACHINE SPARES,STORE,0,NOS,0,0,0
CON00872,CON00872,,AIR PIPE 12MM MAKE - FESTO,Consumable,MACHINE SPARES,STORE,29051100,NOS,0,1,0
CON00873,CON00873,,"AIR PIPE ELGO PUSH 6 MM AND THREAD 3/8"" MAKE FESTO.",Consumable,MACHINE SPARES,STORE,0,NOS,0,0,0
CON00874,CON00874,,CONNECTOR 1/4 INCH X 8MM ( L ) MAKE :- FESTO,Consumable,MACHINE SPARES,STORE,0,NOS,0,0,0
CON00875,CON00875,,PNEUMATIC CYLINDER,Consumable,MACHINE SPARES,STORE,29051100,NOS,0,1,0
CON00876,CON00876,,OIL SEAL 100 X 122 X 13MM,Consumable,MACHINE SPARES,STORE,0,NOS,0,0,0
CON00877,CON00877,,OIL SEAL 100 X 125 X 13,Consumable,MACHINE SPARES,STORE,0,NOS,0,0,0
CON00878,CON00878,,OIL SEAL 100 X 70 X 10MM,Consumable,MACHINE SPARES,STORE,0,NOS,0,0,0
CON00879,CON00879,,OIL SEAL 110 X 140 X 12,Consumable,MACHINE SPARES,STORE,0,NOS,0,0,0
CON00880,CON00880,,OIL SEAL 125 X 140 X 14,Consumable,MACHINE SPARES,STORE,0,NOS,0,0,0
CON00881,CON00881,,OIL SEAL 15 X 32 X 7,Consumable,MACHINE SPARES,STORE,0,NOS,0,0,0
CON00882,CON00882,,OIL SEAL 170 X 200 X 13mm,Consumable,MACHINE SPARES,STORE,0,NOS,0,0,0
CON00883,CON00883,,OIL SEAL 175 X 200 X 13,Consumable,MACHINE SPARES,STORE,0,NOS,0,0,0
CON00884,CON00884,,OIL SEAL 20 X 35 X 7,Consumable,MACHINE SPARES,STORE,0,NOS,0,0,0
CON00885,CON00885,,OIL SEAL 25 X 40 X 07,Consumable,MACHINE SPARES,STORE,0,NOS,0,0,0
CON00886,CON00886,,OIL SEAL 300 X 340 X 18,Consumable,MACHINE SPARES,STORE,0,NOS,0,0,0
CON00887,CON00887,,OIL SEAL 50 X 80 X 10MM,Consumable,MACHINE SPARES,STORE,0,NOS,0,0,0
CON00888,CON00888,,OIL SEAL 52 X 60 X 10,Consumable,MACHINE SPARES,STORE,0,NOS,0,0,0
CON00889,CON00889,,OIL SEAL 60 X 85 X 10.,Consumable,MACHINE SPARES,STORE,0,NOS,0,0,0
CON00890,CON00890,,OIL SEAL 62 X 90 X 10,Consumable,MACHINE SPARES,STORE,0,NOS,0,0,0
CON00891,CON00891,,OIL SEAL 63 X 90 X 12MM,Consumable,MACHINE SPARES,STORE,0,NOS,0,0,0
CON00892,CON00892,,OIL SEAL 64 X 90 X 10,Consumable,MACHINE SPARES,STORE,0,NOS,0,0,0
CON00893,CON00893,,OIL SEAL 65 X 90 X 10MM,Consumable,MACHINE SPARES,STORE,0,NOS,0,0,0
CON00894,CON00894,,OIL SEAL 65 X 95 X 13,Consumable,MACHINE SPARES,STORE,0,NOS,0,0,0
CON00895,CON00895,,OIL SEAL 66 X 56 X 7,Consumable,MACHINE SPARES,STORE,0,NOS,0,0,0
CON00896,CON00896,,OIL SEAL 75 X 100 X 12,Consumable,MACHINE SPARES,STORE,0,NOS,0,0,0
CON00897,CON00897,,OIL SEAL 75 X 100 X10,Consumable,MACHINE SPARES,STORE,0,NOS,0,0,0
CON00898,CON00898,,OIL SEAL 75 X 110 X 10.,Consumable,MACHINE SPARES,STORE,0,NOS,0,0,0
CON00899,CON00899,,OIL SEAL 75 X 95 X 13,Consumable,MACHINE SPARES,STORE,0,NOS,0,0,0
CON00900,CON00900,,OIL SEAL 75 X 96 X 11MM,Consumable,MACHINE SPARES,STORE,0,NOS,0,0,0
CON00901,CON00901,,OIL SEAL 80 X 50 X 8MM,Consumable,MACHINE SPARES,STORE,0,NOS,0,0,0
CON00902,CON00902,,OIL SEAL 85 X 105 X 10,Consumable,MACHINE SPARES,STORE,0,NOS,0,0,0
CON00903,CON00903,,OIL SEAL 85 X 110 X 10,Consumable,MACHINE SPARES,STORE,0,NOS,0,0,0
CON00904,CON00904,,OIL SEAL 90 X 110 X 12,Consumable,MACHINE SPARES,STORE,0,NOS,0,0,0
CON00905,CON00905,,OIL SEAL 95 X 120 X 13,Consumable,MACHINE SPARES,STORE,0,NOS,0,0,0
CON00906,CON00906,,OIL SEAL 110 X 140 X 12.,Consumable,MACHINE SPARES,STORE,0,NOS,0,0,0
CON00907,CON00907,,CUP SEAL 130 X 105 X 12mm,Consumable,MACHINE SPARES,STORE,0,NOS,0,0,0
CON00908,CON00908,,CUP SEAL 150 X 125 X 12mm,Consumable,MACHINE SPARES,STORE,0,NOS,0,0,0
CON00909,CON00909,,SEAL KIT DVX - 15,Consumable,MACHINE SPARES,STORE,29051100,NOS,0,1,0
CON00910,CON00910,,SEAL KIT FOR DVX - 20,Consumable,MACHINE SPARES,STORE,0,NOS,0,0,0
CON00911,CON00911,,STRAIGHT CONNECTOR (QS) 6MMX6MM,Consumable,MACHINE SPARES,STORE,0,NOS,0,0,0
CON00912,CON00912,,O RING 250 X 5mm,Consumable,MACHINE SPARES,STORE,0,NOS,0,0,0
CON00913,CON00913,,O RING 220 X 5mm,Consumable,MACHINE SPARES,STORE,0,NOS,0,0,0
CON00914,CON00914,,O RING 210 X 5mm,Consumable,MACHINE SPARES,STORE,0,NOS,0,0,0
CON00915,CON00915,,O RING 94 X 6 MM,Consumable,MACHINE SPARES,STORE,0,NOS,0,0,0
CON00916,CON00916,,O RING 155 X 6 MM,Consumable,MACHINE SPARES,STORE,0,NOS,0,0,0
CON00917,CON00917,,U SEAL 100 X 122 X 13MM,Consumable,MACHINE SPARES,STORE,29051100,NOS,0,1,0
CON00918,CON00918,,POWER SUPPLY 24 V 4.5 Amp,Consumable,MACHINE SPARES,STORE,0,NOS,0,0,0
CON00919,CON00919,,"LIMIT SWITCH 415V 50HZ 1.5A, AC15, 13",Consumable,MACHINE SPARES,STORE,0,NOS,0,0,0
CON00920,CON00920,,CLAMP PAH-331,Consumable,MACHINE SPARES,STORE,0,NOS,0,0,0
CON00921,CON00921,,"SOKET 166MM , 40 TEETH 1/2""",Consumable,MACHINE SPARES,STORE,0,NOS,0,0,0
CON00922,CON00922,,"DIAMOND CHAIN 1/2""",Consumable,MACHINE SPARES,STORE,0,NOS,0,0,0
CON00923,CON00923,,"SOKET 128MM , 30 TEETH 1/2""",Consumable,MACHINE SPARES,STORE,0,NOS,0,0,0
CON00924,CON00924,,CONTACTOR 220V/50HZ MAKE - CHINT,Consumable,MACHINE SPARES,STORE,29051100,NOS,0,1,0
CON00925,CON00925,,"CONNECTER (T) 1/2"" G.I",Consumable,MACHINE SPARES,STORE,0,NOS,0,0,0
CON00926,CON00926,,"CONNECTER BOTH SIDE 1/2""",Consumable,MACHINE SPARES,STORE,0,NOS,0,0,0
CON00927,CON00927,,"CONNECTER BOTH SIDE 1/2""X1/4""",Consumable,MACHINE SPARES,STORE,0,NOS,0,0,0
CON00928,CON00928,,"CONNECTER 12MMX1/2""",Consumable,MACHINE SPARES,STORE,0,NOS,0,0,0
CON00929,CON00929,,"BALL VALVE (11/4"")",Consumable,MACHINE SPARES,STORE,0,NOS,0,0,0
CON00930,CON00930,,STRAIGHT CONNECTER 12X12,Consumable,MACHINE SPARES,STORE,0,NOS,0,0,0
CON00931,CON00931,,STRAIGHT CONNECTER 10X10,Consumable,MACHINE SPARES,STORE,0,NOS,0,0,0
CON00932,CON00932,,STRAIGHT CONNECTER 8X8,Consumable,MACHINE SPARES,STORE,0,NOS,0,0,0
CON00933,CON00933,,STRAIGHT CONNECTER 10X12,Consumable,MACHINE SPARES,STORE,0,NOS,0,0,0
CON00934,CON00934,,LIMING MOTORS 3 - 380V 50H 25W,Consumable,MACHINE SPARES,STORE,0,NOS,0,0,0
CON00935,CON00935,,WD-40,Consumable,MACHINE SPARES,STORE,0,NOS,0,0,0
CON00936,CON00936,,"BALL VALVE 1""",Consumable,MACHINE SPARES,STORE,0,NOS,0,0,0
CON00937,CON00937,,TIMER STAR DELTA A1-A2-200-240V MODELNO. 3RP15761,Consumable,MACHINE SPARES,STORE,0,NOS,0,0,0
CON00938,CON00938,,RELAY,Consumable,MACHINE SPARES,STORE,0,NOS,0,0,0
CON00939,CON00939,,PERFORATED SHEET,Consumable,MACHINE SPARES,STORE,0,NOS,0,0,0
CON00940,CON00940,,HYDRULIC PIPE,Consumable,MACHINE SPARES,STORE,29051100,NOS,0,1,0
CON00941,CON00941,,ROTARY SWITCH,Consumable,MACHINE SPARES,STORE,29051100,NOS,0,1,0
CON00942,CON00942,,HAND GRINDER 4 INCH,Consumable,MACHINE SPARES,STORE,0,NOS,0,0,0
CON00943,CON00943,,RUBBER CORD 6,Consumable,MACHINE SPARES,STORE,0,NOS,0,0,0
CON00944,CON00944,,RUBBER CORD 4,Consumable,MACHINE SPARES,STORE,0,NOS,0,0,0
CON00945,CON00945,,FRL UNITE,Consumable,MACHINE SPARES,STORE,0,NOS,0,0,0
CON00946,CON00946,,BRASS 3MM FERRULES,Consumable,MACHINE SPARES,STORE,0,NOS,0,0,0
CON00947,CON00947,,BRASS 5MM FERRULES,Consumable,MACHINE SPARES,STORE,0,NOS,0,0,0
CON20,,,MOTOR WATER PUMP,Consumable,OTHERS,PIANO STORE,29051100,NOS,0,1,0
CON21,,,MOTOR WATER PUMP 2 - HP SINGLE PHASE,Consumable,OTHERS,PIANO STORE,29051100,NOS,0,1,0
CON22,,,LABOUR CHARGES,Consumable,OTHERS,PIANO STORE,29051100,NO,0,1,0
CON23,,,POLISHING BALL 6MM,Consumable,OTHERS,PIANO STORE,29051100,NOS,45,1,0
CON24,,,POLISHING BALL 3MM,Consumable,OTHERS,PIANO STORE,29051100,NOS,60,1,0
CON25,,,Y STAINESS 1.5 ID THEARED,Consumable,OTHERS,STORE,29051100,NOS,1845,1,0
CON253,,,EAR PLUG 3MM,Consumable,GENERAL CONSUMABLES,STORE,29051100,NOS,0,1,0
CON254,,,MASK,Consumable,GENERAL CONSUMABLES,STORE,29051100,NOS,0,1,0
CON255,,,DOOR CLOSER,Consumable,GENERAL CONSUMABLES,STORE,29051100,NOS,0,1,0
CON2555,,,PLASTIC LID SIZE: 600 X 400 MM,Consumable,PACKING MATERIAL,PIANO STORE,29051100,Select,0,1,0
CON2556,,,PLASTIC LID SIZE: 400 X 300MM,Consumable,PACKING MATERIAL,PIANO STORE,29051100,NOS,0,1,0
CON2557,,,"CORRUGATED BOXES (7 PLY) 15""X13""X11""",Consumable,PACKING MATERIAL,STORE,29051100,NOS,0,1,0
CON2558,,,"CORRUGATED BOXES (7 PLY) 13""X12""X11""",Consumable,PACKING MATERIAL,STORE,72149990,NOS,0,1,0
CON256,,,MOP,Consumable,GENERAL CONSUMABLES,STORE,29051100,NOS,0,1,0
CON257,,,PLASTIC CAN,Consumable,GENERAL CONSUMABLES,STORE,29051100,NOS,0,1,0
CON258,,,POLISH PAPER 2/0 GREY,Consumable,GENERAL CONSUMABLES,STORE,29051100,NOS,0,1,0
CON259,,,WHITE TOOL 3/8 X 4 INCH,Consumable,GENERAL CONSUMABLES,STORE,29051100,NOS,0,1,0
CON26,,,BRASS BUSH,Consumable,OTHERS,STORE,29051100,NOS,2500,1,0
CON260,,,WOODEN BOX 38 X 38 X 41 INCH,Consumable,GENERAL CONSUMABLES,PIANO STORE,29051100,NO,0,1,0
CON261,,,"BOLT 1/2"" x 4"" HARD TEMPERED",Consumable,GENERAL CONSUMABLES,PIANO STORE,29051100,KG,0,1,0
CON262,,,SURGICAL HAIR CAP,Consumable,GENERAL CONSUMABLES,PIANO STORE,29051100,NO,0,1,0
CON263,,,POLISH PAPER 3MM,Consumable,GENERAL CONSUMABLES,PIANO STORE,29051100,NO,0,1,0
CON264,,,CARBIDE DRILL DIA 5 MM,Consumable,GENERAL CONSUMABLES,PIANO STORE,29051100,NO,0,1,0
CON265,,,HSS DRILL 8.4 MM,Consumable,GENERAL CONSUMABLES,PIANO STORE,29051100,NO,0,1,0
CON266,,,STD TEST BLOCK HR 30 N (RANGE 65 - 70) WITH NABL LOGO TEST C,Consumable,GENERAL CONSUMABLES,PIANO STORE,29051100,NO,0,1,0
CON267,,,KARAM EP21 EAR MUFF CLASSIC,Consumable,GENERAL CONSUMABLES,PIANO STORE,29051100,NO,0,1,0
CON268,,,H S S Tap M6 X 1 MAKE -TOTAM,Consumable,GENERAL CONSUMABLES,PIANO STORE,29051100,SET,0,1,0
CON269,,,H S S Tap M2 X 0.4 MAKE - TOTAM,Consumable,GENERAL CONSUMABLES,PIANO STORE,29051100,SET,0,1,0
CON27,,,SPARE BELT FOR OIL SKIMMER,Consumable,OTHERS,STORE,29051100,NOS,0,1,0
CON270,,,H S S Tap M5 X 0.8 MAKE - TOTAM,Consumable,GENERAL CONSUMABLES,PIANO STORE,29051100,SET,0,1,0
CON271,,,H S S Tap M3 X 0.5 MAKE - TOTAM,Consumable,GENERAL CONSUMABLES,PIANO STORE,29051100,SET,0,1,0
CON272,,,H S S Tap M4 X 0.7 MAKE - TOTAM,Consumable,GENERAL CONSUMABLES,PIANO STORE,29051100,SET,0,1,0
CON273,,,CARBIDE TOOL MATERIAL 5 X 5 X 100 MAKE-WIDIA,Consumable,GENERAL CONSUMABLES,PIANO STORE,29051100,NO,0,1,0
CON274,,,H S S DRILL 0.5 MM MAKE - ADDISON,Consumable,GENERAL CONSUMABLES,PIANO STORE,29051100,NO,0,1,0
CON275,,,H S S DRILL 0.6 MM MAKE - ADDISON,Consumable,GENERAL CONSUMABLES,PIANO STORE,29051100,NO,0,1,0
CON276,,,H S S DRILL 0.7 MM MAKE - ADDISON,Consumable,GENERAL CONSUMABLES,PIANO STORE,29051100,NO,0,1,0
CON277,,,H S S DRILL 0.8 MM MAKE - ADDISON,Consumable,GENERAL CONSUMABLES,PIANO STORE,29051100,NO,0,1,0
CON278,,,H S S DRILL 0.9 MM MAKE - ADDISON,Consumable,GENERAL CONSUMABLES,PIANO STORE,29051100,NO,0,1,0
CON279,,,H S S DRILL 1.0 MM MAKE - ADDISON,Consumable,GENERAL CONSUMABLES,PIANO STORE,29051100,NO,0,1,0
CON28,0,,NUT M4 X 0.70 SQUARE WELD 4.0Ht,Consumable,CONSUMABLE,STORE,73181400,KGS,0,1,0
CON280,,,H S S DRILL 1.1 MM MAKE - ADDISON,Consumable,GENERAL CONSUMABLES,PIANO STORE,29051100,NO,0,1,0
CON281,,,H S S DRILL 1.2 MM MAKE - ADDISON,Consumable,GENERAL CONSUMABLES,PIANO STORE,29051100,NO,0,1,0
CON282,,,H S S DRILL 1.3 MM MAKE - ADDISON,Consumable,GENERAL CONSUMABLES,PIANO STORE,29051100,NO,0,1,0
CON283,,,H S S DRILL 1.4 MM MAKE - ADDISON,Consumable,GENERAL CONSUMABLES,PIANO STORE,29051100,NO,0,1,0
CON284,,,H S S DRILL 1.5 MM MAKE - ADDISON,Consumable,GENERAL CONSUMABLES,PIANO STORE,29051100,NO,0,1,0
CON285,,,H S S DRILL 1.6 MM MAKE - ADDISON,Consumable,GENERAL CONSUMABLES,PIANO STORE,29051100,NO,0,1,0
CON286,,,H S S DRILL 1.7 MM MAKE - ADDISON,Consumable,GENERAL CONSUMABLES,PIANO STORE,29051100,NO,0,1,0
CON287,,,H S S DRILL 1.8 MM MAKE - ADDISON,Consumable,GENERAL CONSUMABLES,PIANO STORE,29051100,NO,0,1,0
CON288,,,H S S DRILL 1.9 MM MAKE - ADDISON,Consumable,GENERAL CONSUMABLES,PIANO STORE,29051100,NO,0,1,0
CON289,,,H S S DRILL 2.1 MM MAKE - ADDISON,Consumable,GENERAL CONSUMABLES,PIANO STORE,29051100,NO,0,1,0
CON29,0,,LSP - 3A - SHIM PIN,Consumable,OTHERS,TOOL STORE,29051100,NOS,0,1,0
CON290,,,H S S DRILL 2.2 MM MAKE - ADDISON,Consumable,GENERAL CONSUMABLES,PIANO STORE,29051100,NO,0,1,0
CON291,,,H S S DRILL 2.3 MM MAKE - ADDISON,Consumable,GENERAL CONSUMABLES,PIANO STORE,29051100,NO,0,1,0
CON292,,,H S S DRILL 2.4 MM MAKE - ADDISON,Consumable,GENERAL CONSUMABLES,PIANO STORE,29051100,NO,0,1,0
CON293,,,H S S DRILL 2.6 MM MAKE - ADDISON,Consumable,GENERAL CONSUMABLES,PIANO STORE,29051100,NO,0,1,0
CON294,,,H S S DRILL 2.7 MM MAKE - ADDISON,Consumable,GENERAL CONSUMABLES,PIANO STORE,29051100,NO,0,1,0
CON295,,,H S S DRILL 3.1 MM MAKE - ADDISON,Consumable,GENERAL CONSUMABLES,PIANO STORE,29051100,NO,0,1,0
CON296,,,H S S DRILL 3.7 MM MAKE - ADDISON,Consumable,GENERAL CONSUMABLES,PIANO STORE,29051100,NO,0,1,0
CON297,,,H S S DRILL 3.9 MM MAKE - ADDISON,Consumable,GENERAL CONSUMABLES,PIANO STORE,29051100,NO,0,1,0
CON298,,,H S S DRILL 4.4 MM MAKE - ADDISON,Consumable,GENERAL CONSUMABLES,PIANO STORE,29051100,NO,0,1,0
CON299,,,H S S DRILL 4.5 MM MAKE - ADDISON,Consumable,GENERAL CONSUMABLES,PIANO STORE,29051100,NO,0,1,0
CON30,,,CABLE - 4 CORE X 4 SQ. MM,Consumable,OTHERS,STORE,29051100,MTR,0,1,0
CON300,,,H S S DRILL 4.6 MM MAKE - ADDISON,Consumable,GENERAL CONSUMABLES,PIANO STORE,29051100,NO,0,1,0
CON301,,,H S S DRILL 4.9 MM MAKE - ADDISON,Consumable,GENERAL CONSUMABLES,PIANO STORE,29051100,NO,0,1,0
CON302,,,H S S DRILL 5.1 MM MAKE - ADDISON,Consumable,GENERAL CONSUMABLES,PIANO STORE,29051100,NO,0,1,0
CON303,,,H S S DRILL 5.3 MM MAKE - ADDISON,Consumable,GENERAL CONSUMABLES,PIANO STORE,29051100,NO,0,1,0
CON304,,,H S S DRILL 5.4 MM MAKE - ADDISON,Consumable,GENERAL CONSUMABLES,PIANO STORE,29051100,NO,0,1,0
CON305,,,H S S DRILL 5.6 MM MAKE - ADDISON,Consumable,GENERAL CONSUMABLES,PIANO STORE,29051100,NO,0,1,0
CON306,,,H S S DRILL 5.7 MM MAKE - ADDISON,Consumable,GENERAL CONSUMABLES,PIANO STORE,29051100,NO,0,1,0
CON307,,,H S S DRILL 6.0 MM MAKE - ADDISON,Consumable,GENERAL CONSUMABLES,PIANO STORE,29051100,NO,0,1,0
CON308,,,H S S DRILL 6.2 MM MAKE - ADDISON,Consumable,GENERAL CONSUMABLES,PIANO STORE,29051100,NO,0,1,0
CON309,,,H S S DRILL 6.4 MM MAKE - ADDISON,Consumable,GENERAL CONSUMABLES,PIANO STORE,29051100,NO,0,1,0
CON31,,,CABLE - 4 CORE X 2.5 SQ. MM,Consumable,OTHERS,STORE,29051100,MTR,0,1,0
CON310,,,H S S DRILL 6.5 MM MAKE - ADDISON,Consumable,GENERAL CONSUMABLES,PIANO STORE,29051100,NO,0,1,0
CON311,,,H S S DRILL 6.7 MM MAKE - ADDISON,Consumable,GENERAL CONSUMABLES,PIANO STORE,29051100,NO,0,1,0
CON312,,,H S S DRILL 6.8 MM MAKE - ADDISON,Consumable,GENERAL CONSUMABLES,PIANO STORE,29051100,NO,0,1,0
CON313,,,H S S DRILL 7.1 MM MAKE - ADDISON,Consumable,GENERAL CONSUMABLES,PIANO STORE,29051100,NO,0,1,0
CON314,,,H S S DRILL 7.2 MM MAKE - ADDISON,Consumable,GENERAL CONSUMABLES,PIANO STORE,29051100,NO,0,1,0
CON315,,,H S S DRILL 7.3 MM MAKE - ADDISON,Consumable,GENERAL CONSUMABLES,PIANO STORE,29051100,NO,0,1,0
CON316,,,H S S DRILL 7.4 MM MAKE - ADDISON,Consumable,GENERAL CONSUMABLES,PIANO STORE,29051100,NO,0,1,0
CON317,,,H S S DRILL 7.5 MM MAKE - ADDISON,Consumable,GENERAL CONSUMABLES,PIANO STORE,29051100,NO,0,1,0
CON318,,,H S S DRILL 7.6 MM MAKE - ADDISON,Consumable,GENERAL CONSUMABLES,PIANO STORE,29051100,NO,0,1,0
CON319,,,H S S DRILL 7.7 MM MAKE - ADDISON,Consumable,GENERAL CONSUMABLES,PIANO STORE,29051100,NO,0,1,0
CON32,,,CABLE -4CORE X 16SQ.MM,Consumable,OTHERS,STORE,29051100,MTR,0,1,0
CON320,,,H S S DRILL 7.8 MM MAKE - ADDISON,Consumable,GENERAL CONSUMABLES,PIANO STORE,29051100,NO,0,1,0
CON321,,,H S S DRILL 7.9 MM MAKE - ADDISON,Consumable,GENERAL CONSUMABLES,PIANO STORE,29051100,NO,0,1,0
CON322,,,H S S DRILL 8.1 MM MAKE - ADDISON,Consumable,GENERAL CONSUMABLES,PIANO STORE,29051100,NO,0,1,0
CON323,,,H S S DRILL 8.3 MM MAKE - ADDISON,Consumable,GENERAL CONSUMABLES,PIANO STORE,29051100,NO,0,1,0
CON324,,,H S S DRILL 8.5 MM MAKE - ADDISON,Consumable,GENERAL CONSUMABLES,PIANO STORE,29051100,NO,0,1,0
CON325,,,H S S DRILL 8.6 MM MAKE - ADDISON,Consumable,GENERAL CONSUMABLES,PIANO STORE,29051100,NO,0,1,0
CON326,,,H S S DRILL 8.7 MM MAKE - ADDISON,Consumable,GENERAL CONSUMABLES,PIANO STORE,29051100,NO,0,1,0
CON327,,,H S S DRILL 8.8 MM MAKE - ADDISON,Consumable,GENERAL CONSUMABLES,PIANO STORE,29051100,NO,0,1,0
CON328,,,H S S DRILL 8.9 MM MAKE - ADDISON,Consumable,GENERAL CONSUMABLES,PIANO STORE,29051100,NO,0,1,0
CON329,,,H S S DRILL 9.1 MM MAKE - ADDISON,Consumable,GENERAL CONSUMABLES,PIANO STORE,29051100,NO,0,1,0
CON33,,,CABLE - 4 CORE X 6 SQ. MM,Consumable,OTHERS,STORE,29051100,MTR,0,1,0
CON330,,,H S S DRILL 9.2 MM MAKE - ADDISON,Consumable,GENERAL CONSUMABLES,PIANO STORE,29051100,NO,0,1,0
CON331,,,H S S DRILL 9.3 MM MAKE - ADDISON,Consumable,GENERAL CONSUMABLES,PIANO STORE,29051100,NO,0,1,0
CON332,,,H S S DRILL 9.4 MM MAKE - ADDISON,Consumable,GENERAL CONSUMABLES,PIANO STORE,29051100,NO,0,1,0
CON333,,,H S S DRILL 9.5 MM MAKE - ADDISON,Consumable,GENERAL CONSUMABLES,PIANO STORE,29051100,NO,0,1,0
CON334,,,H S S DRILL 9.6 MM MAKE - ADDISON,Consumable,GENERAL CONSUMABLES,PIANO STORE,29051100,NO,0,1,0
CON335,,,H S S DRILL 9.7 MM MAKE - ADDISON,Consumable,GENERAL CONSUMABLES,PIANO STORE,29051100,NO,0,1,0
CON336,,,H S S DRILL 9.8 MM MAKE - ADDISON,Consumable,GENERAL CONSUMABLES,PIANO STORE,29051100,NO,0,1,0
CON337,,,H S S DRILL 9.9 MM MAKE - ADDISON,Consumable,GENERAL CONSUMABLES,PIANO STORE,29051100,NO,0,1,0
CON338,,,H S S DRILL 10.0 MM MAKE - ADDISON,Consumable,GENERAL CONSUMABLES,PIANO STORE,29051100,NO,0,1,0
CON339,,,H S S DRILL 10.2 MM MAKE - ADDISON,Consumable,GENERAL CONSUMABLES,PIANO STORE,29051100,NO,0,1,0
CON340,,,H S S DRILL 10.3 MM MAKE - ADDISON,Consumable,GENERAL CONSUMABLES,PIANO STORE,29051100,NO,0,1,0
CON341,,,H S S DRILL 10.4 MM MAKE - ADDISON,Consumable,GENERAL CONSUMABLES,PIANO STORE,29051100,NO,0,1,0
CON342,,,H S S DRILL 10.7 MM MAKE - ADDISON,Consumable,GENERAL CONSUMABLES,PIANO STORE,29051100,NO,0,1,0
CON343,,,H S S DRILL 10.8 MM MAKE - ADDISON,Consumable,GENERAL CONSUMABLES,PIANO STORE,29051100,NO,0,1,0
CON344,,,H S S DRILL 10.9 MM MAKE - ADDISON,Consumable,GENERAL CONSUMABLES,PIANO STORE,29051100,NO,0,1,0
CON345,,,H S S DRILL 11.0 MM MAKE - ADDISON,Consumable,GENERAL CONSUMABLES,PIANO STORE,29051100,NO,0,1,0
CON346,,,H S S DRILL 11.2 MM MAKE - ADDISON,Consumable,GENERAL CONSUMABLES,PIANO STORE,29051100,NO,0,1,0
CON347,,,H S S DRILL 11.3 MM MAKE - ADDISON,Consumable,GENERAL CONSUMABLES,PIANO STORE,29051100,NO,0,1,0
CON348,,,H S S DRILL 11.4 MM MAKE - ADDISON,Consumable,GENERAL CONSUMABLES,PIANO STORE,29051100,NO,0,1,0
CON349,,,H S S DRILL 11.5 MM MAKE - ADDISON,Consumable,GENERAL CONSUMABLES,PIANO STORE,29051100,NO,0,1,0
CON350,,,H S S DRILL 11.6 MM MAKE - ADDISON,Consumable,GENERAL CONSUMABLES,PIANO STORE,29051100,NO,0,1,0
CON351,,,H S S DRILL 11.7 MM MAKE - ADDISON,Consumable,GENERAL CONSUMABLES,PIANO STORE,29051100,NO,0,1,0
CON352,,,H S S DRILL 11.8 MM MAKE - ADDISON,Consumable,GENERAL CONSUMABLES,PIANO STORE,29051100,NO,0,1,0
CON353,,,H S S DRILL 11.9 MM MAKE - ADDISON,Consumable,GENERAL CONSUMABLES,PIANO STORE,29051100,NO,0,1,0
CON354,,,H S S DRILL 12.1 MM MAKE - ADDISON,Consumable,GENERAL CONSUMABLES,PIANO STORE,29051100,NO,0,1,0
CON355,,,H S S DRILL 12.2 MM MAKE - ADDISON,Consumable,GENERAL CONSUMABLES,PIANO STORE,29051100,NO,0,1,0
CON356,,,ALLEN KEY 2.5 MM MAKE - TAPARIYA,Consumable,GENERAL CONSUMABLES,PIANO STORE,29051100,NO,0,1,0
CON357,,,ALLEN KEY 3 MM MAKE - TAPARIYA,Consumable,GENERAL CONSUMABLES,PIANO STORE,29051100,NO,0,1,0
CON358,,,ALLEN KEY 4 MM MAKE :- TAPARIYA,Consumable,GENERAL CONSUMABLES,PIANO STORE,29051100,NO,0,1,0
CON359,,,ALLEN KEY 5 MM MAKE - TAPARIYA,Consumable,GENERAL CONSUMABLES,PIANO STORE,29051100,NO,0,1,0
CON360,,,ALLEN KEY 6 MM MAKE :- TAPARIYA,Consumable,GENERAL CONSUMABLES,PIANO STORE,29051100,NO,0,1,0
CON361,,,ALLEN KEY 8 MM MAKE - TAPARIYA,Consumable,GENERAL CONSUMABLES,PIANO STORE,29051100,NO,0,1,0
CON362,,,ALLEN KEY 10 MM MAKE - TAPARIYA,Consumable,GENERAL CONSUMABLES,PIANO STORE,29051100,NO,0,1,0
CON363,,,ALLEN KEY 12 MM MAKE - TAPARIYA,Consumable,GENERAL CONSUMABLES,PIANO STORE,29051100,NO,0,1,0
CON660,,,OHNS FLAT (IMP) 10 X 100MM,Consumable,TOOL MATERIAL,TOOL STORE,72283019,KGS,0,1,0
CON661,,,EN8 FLAT (IND) 32 X 285 X 385,Consumable,TOOL MATERIAL,TOOL STORE,72149990,KGS,0,1,0
CON662,,,EN8 FLAT (INDIAN) 45X65X385MM,Consumable,TOOL MATERIAL,TOOL STORE,72149990,KGS,0,1,0
CON663,,,OHNS FLAT (IMPORTED) 40X200MM,Consumable,TOOL MATERIAL,TOOL STORE,72283019,KGS,0,1,0
CON664,,,OHNS FLAT (IMPORTED) 32X250MM,Consumable,TOOL MATERIAL,TOOL STORE,72283019,KGS,0,1,0
CON665,,,BALL BEARING BUSH ID DIA 25.5 X OD DIA 30.50 X 65MM MATERIAL : BRASS,Consumable,TOOL MATERIAL,TOOL STORE,82074090,NOS,0,1,0
CON666,,,MS PIPE (INDIAN) OD DIA 130 X ID DIA 95MM (2 MTR),Consumable,TOOL MATERIAL,PIANO STORE,29051100,KGS,95,1,0
CON667,,,LCL - 3 - LEVER,Consumable,TOOL MATERIAL,STORE,29051100,NOS,0,1,0
CON668,,,M S PIPE OD DIA 100 X ID DIA 50 MM,Consumable,TOOL MATERIAL,PIANO STORE,29051100,KGS,0,1,0
CON669,,,M S PIPE OD DIA 65 X ID DIA 30 MM,Consumable,TOOL MATERIAL,PIANO STORE,29051100,KGS,0,1,0
CON670,,,M S PIPE OD DIA 75 X ID DIA 50 MM,Consumable,TOOL MATERIAL,TOOL STORE,29051100,KGS,0,1,0
CON671,,,M S PIPE OD DIA 55 X ID DIA 35 MM,Consumable,TOOL MATERIAL,PIANO STORE,29051100,KGS,0,1,0
CON672,,,EN8 ROUND DIA 160 X 22MM,Consumable,TOOL MATERIAL,TOOL STORE,72149990,KGS,0,1,0
CON673,,,MS PIPE (INDIAN) OD DIA 65 X ID DIA 35MM X 415MM,Consumable,TOOL MATERIAL,TOOL STORE,72149990,KGS,0,1,0
CON674,,,MS PIPE (INDIAN) OD DIA 100 X ID 60 DIA X 15MM,Consumable,TOOL MATERIAL,TOOL STORE,72149990,KGS,0,1,0
CON675,,,MS PIPE (INDIAN) OD DIA 55 X ID 35 X 290 MM,Consumable,TOOL MATERIAL,TOOL STORE,72149990,KGS,0,1,0
CON676,,,MS PIPE (INDIAN) OD DIA 75 X ID DIA 50 X 10 MM,Consumable,TOOL MATERIAL,TOOL STORE,72149990,KGS,0,1,0
CON677,,,MS PIPE (INDIAN) OD DIA 60 X ID DIA 35 X 325 MM,Consumable,TOOL MATERIAL,TOOL STORE,72149990,KGS,0,1,0
CON678,,,MS PIPE (INDIAN) OD DIA 80 X ID DIA 55 X 22MM,Consumable,TOOL MATERIAL,TOOL STORE,72149990,KGS,0,1,0
CON679,,,D2 ROUND (IMP) DIA 40 MM,Consumable,TOOL MATERIAL,TOOL STORE,72283019,KGS,0,1,0
CON680,,,EN8 ROUND (INDIAN) DIA 70MM,Consumable,TOOL MATERIAL,TOOL STORE,72149990,KGS,0,1,0
CON681,,,END MILL DIA 5MM X R 0.5 X 4 FLUTE,Consumable,TOOL MATERIAL,PIANO STORE,29051100,NOS,2250,1,0
CON682,,,"SOFT CONDITION MS NUT 1/2"" (21 MM OUT SIDE)",Consumable,TOOL MATERIAL,PIANO STORE,29051100,Select,81,1,0
CON683,,,HEX WELD NUT DIN 929 SIZE : M6 X 1 - ST,Consumable,TOOL MATERIAL,PIANO STORE,29051100,NOS,0.48,1,0
CON684,,,"HEX BOLT WITH NUT 1"" X 5.5"" X 135 MM, HALF THREAD UNC",Consumable,TOOL MATERIAL,PIANO STORE,29051100,NOS,176.27,1,0
CON685,,,CHAMFER TOOL HOLDER DIA 20 MM,Consumable,TOOL MATERIAL,PIANO STORE,29051100,NOS,21950,1,0
CON686,,,CHAMFER TOOL HOLDER DIA 20 MM INSERT,Consumable,TOOL MATERIAL,TOOL STORE,29051100,NOS,842,1,0
CON687,,,"NUT WITH BOLT 1"" X 4"" X 38 MM HALF THREAD UNC",Consumable,TOOL MATERIAL,PIANO STORE,29051100,NOS,349.73,1,0
CON948,,,COOLANT PUMP,Consumable,MACHINE SPARES,STORE,29051100,NOS,0,1,0
CON949,,,TAPPING GEAR I04107,Consumable,MACHINE SPARES,PIANO STORE,29051100,NOS,0,1,0
CON950,,,BOLSTER PLATE,Consumable,MACHINE SPARES,PIANO STORE,29051100,NO,0,1,0
CON951,,,V BELT A -30,Consumable,MACHINE SPARES,PIANO STORE,29051100,NOS,0,1,0
CON952,,,STRIP BRUSH FOR COOLANT,Consumable,MACHINE SPARES,PIANO STORE,29051100,NO,0,1,0
CON953,,,SOLENOID VALVE COIL 220V AC 26 VA IP65 AB410,Consumable,MACHINE SPARES,PIANO STORE,29051100,NO,0,1,0
CON954,,,MACHINE SPARES - DC 100 BRAKE,Consumable,MACHINE SPARES,PIANO STORE,29051100,NO,0,1,0
CON955,,,MACHINE SPARE - DC 100 BRAKE WHEEL,Consumable,MACHINE SPARES,PIANO STORE,29051100,NO,0,1,0
CON956,,,MACHINE SPARE BRAKE LINING 100 TON & 150 TON,Consumable,MACHINE SPARES,PIANO STORE,29051100,NO,0,1,0
CON957,,,OIL SEAL 35 X 55 X 10 mm,Consumable,MACHINE SPARES,PIANO STORE,29051100,NOS,0,1,0
CON958,,,U SEAL 210 -240 -18 WITH O-RING,Consumable,MACHINE SPARES,STORE,29051100,SET,0,1,0
CON959,,,MACHINE SPARES - DC 150 BRAKE,Consumable,MACHINE SPARES,PIANO STORE,29051100,NOS,0,1,0
CON960,,,VIBRATORY MOTOR SUITABLE FOR CN 150 MACHINE,Consumable,MACHINE SPARES,PIANO STORE,84669310,NOS,0,1,0
CON961,,,HOSE PIPE BOTH SIDE THREAD 1/2 X 2 MTR,Consumable,MACHINE SPARES,PIANO STORE,29051100,NOS,0,1,0
CON962,,,DC 150/200 MECHANICAL LEVER,Consumable,MACHINE SPARES,PIANO STORE,29051100,NOS,0,1,0
CON963,,,"HYDRAULIC HOSE PIPE ONE SIDE FITTING STRAIGHT AND ONE SIDE 90 DEGREE FITTING SIZE 1"" X 450 MM LENGTH",Consumable,MACHINE SPARES,PIANO STORE,29051100,Select,0,1,0
CON964,,,ANNUAL SERVER CHARGES,Consumable,MACHINE SPARES,PIANO STORE,29051100,NOS,0,1,0
CON965,,,SEAL,Consumable,MACHINE SPARES,PIANO STORE,29051100,NOS,0,1,0
CON966,,,GASKET KIT,Consumable,MACHINE SPARES,PIANO STORE,29051100,NOS,0,1,0
CON967,,,ROTOR BLADE,Consumable,MACHINE SPARES,PIANO STORE,29051100,Select,0,1,0
CON968,,,SERVICE CHARGES,Consumable,MACHINE SPARES,PIANO STORE,29051100,NOS,0,1,0
CON969,,,REPAIR CHARGES,Consumable,MACHINE SPARES,PIANO STORE,29051100,NOS,0,1,0
CON970,,,SAFETY SENSOR SUPPLY VOLTAGE 15V TO 30 V RANGE 2 METER TYPE ELGS3-0210P511 ECO-LICHTGRID IDENTIFICATION NO-20290,Consumable,MACHINE SPARES,PIANO STORE,29051100,SET,0,1,0
CON971,,,"ROTO SEAL COUPLING 1/2"" D R S - RH - 15 S.S. BODY NORMAL APPLICATION 1000 RPM",Consumable,MACHINE SPARES,PIANO STORE,29051100,NOS,0,1,0
CON972,,,BEARING NTN 2211 - K SHELF ALIGNING BALL,Consumable,MACHINE SPARES,PIANO STORE,29051100,NOS,0,1,0
CON973,,,"PNEUMATICS PUSH TYPE CONNECTOR ID THREAD 1/4"" X 6 MM PUSH",Consumable,MACHINE SPARES,PIANO STORE,29051100,NOS,0,1,0
CON974,,,PNEUMATICS AIR PIPE OD 8 MM X ID 6 MM X 100 METER,Consumable,MACHINE SPARES,PIANO STORE,29051100,MTR,0,1,0
CON975,,,AC DRIVE 10HP HD,Consumable,MACHINE SPARES,PIANO STORE,29051100,NOS,0,1,0
CON976,,,CARBIDE DRILL DIE 14.5 DIA 14.5 X 120 X 165 X 2 FLUTE,Consumable,MACHINE SPARES,PIANO STORE,29051100,NOS,0,1,0
CON977,,,AUSTEMPERING MESH BELT PARTS,Consumable,MACHINE SPARES,PIANO STORE,29051100,MTR,0,1,0
CON978,,,GENERAL CONSUMABLE,Consumable,MACHINE SPARES,PIANO STORE,29051100,NOS,0,1,0
CON979,,,BORING BAR S16Q SWLNR 06,Consumable,MACHINE SPARES,PIANO STORE,29051100,NOS,0,1,0
CON980,,,HYDRAULIC PRESSURE GAUGE 150 PSI SIZE 1/4,Consumable,MACHINE SPARES,PIANO STORE,29051100,NOS,0,1,0
CON981,,,"PRESSURE GAUGE 10 BAR SIZE 1/4""",Consumable,MACHINE SPARES,PIANO STORE,29051100,NOS,0,1,0
CON982,,,BED SLOTING WORK,Consumable,MACHINE SPARES,PIANO STORE,29051100,NOS,0,1,0
CON983,,,DIAMOND RADIAL WHEEL SIZE- 1022 X 6.5 X 50 X 346 GRADE 600,Consumable,WHEELS GRINDING,PIANO STORE,6804,SET,1050000,1,0
CONCOMPUTER0,,,I5 12TH GENERATION PROCESSOR,Consumable,COMPUTER SPARES,PIANO STORE,29051100,NO,0,1,0
CONCOMPUTER1,,,MOTHERBOARD MSI,Consumable,COMPUTER SPARES,PIANO STORE,29051100,NO,0,1,0
CONCOMPUTER2,,,8GB RAM DDR4,Consumable,COMPUTER SPARES,PIANO STORE,29051100,NO,0,1,0
CONCOMPUTER3,,,UPS ARTIS 600VA,Consumable,COMPUTER SPARES,PIANO STORE,29051100,NO,0,1,0
CONCOMPUTER4,,,500 GB SSD,Consumable,COMPUTER SPARES,PIANO STORE,29051100,NO,0,1,0
CONCOMPUTER5,,,CAMERA SMPS,Consumable,COMPUTER SPARES,PIANO STORE,27101980,NOS,0,1,0
CONCOMPUTER6,,,SWITCH (D-LINK),Consumable,COMPUTER SPARES,PIANO STORE,27101980,NOS,0,1,0
CONCOMPUTER7,,,CAT 6 CABLE,Consumable,COMPUTER SPARES,PIANO STORE,27101980,BOX,0,1,0
CONCON0,,,TAP M4 X 0.7 6G,Consumable,CONSUMABLE,STORE,29051100,NOS,0,1,0
CONCON000000,,,LST - 31.8 - SHIM,Consumable,CONSUMABLE,STORE,29051100,NOS,0,1,0
CONCON1,CONCON1,,GEAR OIL 320,Consumable,CONSUMABLE,PIANO STORE,27101980,LTR,0,1,0
CONCON10,,,STD TEST BLOCK HRC (RANGE 45 - 50) WITH NABL LOGO TEST CERTIFICATE,Consumable,CONSUMABLE,PIANO STORE,29051100,NO,0,1,0
CONCON11,,,TECHNO CLEAN MT 218 FOR BIN CLEANING MACHINE,Consumable,CONSUMABLE,PIANO STORE,29051100,NO,0,1,0
CONCON12,,,"BOPP SELF ADHPESIVE TAPES 1"" SIZE : 24 mm X 65 Meters (PLAIN TRANSPARENT) in 1 BOX = 144 PCS",Consumable,CONSUMABLE,PIANO STORE,39199090,BOX,0,1,0
CONCON13,,,"CORRUGATED BOXES 9"" X 7"" X 2""(3 PLY)",Consumable,PACKING MATERIAL,PIANO STORE,48191010,NO,0,1,0
CONCON14,,,"CORRUGATED BOXES (7 PLY)10""X10""X8""",Consumable,PACKING MATERIAL,PIANO STORE,48191010,Select,0,1,0
CONCON2,,,SCREW CS25,Consumable,CONSUMABLE,STORE,73181400,NOS,0,1,0
CONCON29,,,METHYL RED,Consumable,CONSUMABLE,PIANO STORE,29051100,BOTTLE,0,1,0
CONCON3,,,ANTICORIT RP 4107 LV,Consumable,CONSUMABLE,PIANO STORE,29051100,LTR,0,1,0
CONCON30,,,METAL GARD RP 701 CR,Consumable,CONSUMABLE,FG STORE,29051100,LTR,0,1,0
CONCON31,,,INSERT DCMT 070208 FG TT8020,Consumable,CONSUMABLE,PIANO STORE,29051100,NOS,396,1,0
CONCON32,,,INSERT CCMT 09T304 FG TT5080,Consumable,CONSUMABLE,PIANO STORE,82090010,NOS,195,1,0
CONCON33,,,INSERT CCMT 060204 FG TT5080 MAKE: TAEGUTEC,Consumable,CONSUMABLE,PIANO STORE,82090010,NOS,195,1,0
CONCON34,,,INSERT CCMT 060204 FG TT5080 MAKE: TAEGUTEC,Consumable,CONSUMABLE,PIANO STORE,82090010,NOS,180,1,0
CONCON35,,,ACETONE (H3)2 CO IMPORTED MATERIAL PACKING SIZE: 160KG X 1 = 160KG IN LTR : 200LTR X 1NO = 200 LTR,Consumable,CONSUMABLE,PIANO STORE,29051100,KGS,97,1,0
CONCON36,,,UHMUPE SHEET,Consumable,CONSUMABLE,PIANO STORE,29051100,NOS,3500,1,0
CONCON37,,,S.S.CSK SCREW,Consumable,CONSUMABLE,PIANO STORE,29051100,NOS,4.89,1,0
CONCON38,,,CARBIDE TIP ISO 150 E 12 - TH 20,Consumable,CONSUMABLE,PIANO STORE,29051100,NOS,370,1,0
CONCON39,,,STEELGRIP REP,Consumable,CONSUMABLE,PIANO STORE,29051100,NOS,9,1,0
CONCON4,,,"LD BAG 7"" x 10'",Consumable,CONSUMABLE,PIANO STORE,39232990,KGS,0,1,0
CONCON40,,,"ACID HAND GLOVES 18"" HEAVY DUTY",Consumable,CONSUMABLE,PIANO STORE,29051100,NOS,200,1,0
CONCON41,,,ECODRIVE V BELT B - 176,Consumable,CONSUMABLE,PIANO STORE,29051100,NOS,1574,1,0
CONCON42,,,"BASTARD FILE FLAT ( ROUGH ) 200 MM ( 10"") MAKE :- J K FILES",Consumable,CONSUMABLE,PIANO STORE,29051100,NOS,280,1,0
CONCON43,,,V BELT A - 35(N),Consumable,CONSUMABLE,PIANO STORE,29051100,NOS,239,1,0
CONCON44,,,L.D. PLASTIC BAGS,Consumable,CONSUMABLE,PIANO STORE,29051100,KGS,136,1,0
CONCON45,,,AQUA CUT 125,Consumable,CONSUMABLE,PIANO STORE,29051100,LTR,140,1,0
CONCON46,,,BALL NOSED DIE 2MM X 4 FLUTE X 10MM L,Consumable,CONSUMABLE,PIANO STORE,29051100,NOS,2400,1,0
CONCON47,,,END MILL DIE 2MM X 4 FLUTE X 10 MM L,Consumable,CONSUMABLE,PIANO STORE,29051100,NOS,2200,1,0
CONCON48,,,TAP M5 X 0.8 6G SP.PT TIN DIN -371 HSS-E,Consumable,CONSUMABLE,PIANO STORE,29051100,NOS,884,1,0
CONCON49,,,"SOFT CONDITION MS BOLT 1/2"" X 3"" X 21 MM",Consumable,CONSUMABLE,PIANO STORE,29051100,KGS,73,1,0
CONCON5,,,"LD BAG 6"" X 10""",Consumable,CONSUMABLE,PIANO STORE,39232990,KGS,0,1,0
CONCON50,,,"SOFT CONDITION MS BOLT 5/8"" X 3/1/2"" X 88MM",Consumable,CONSUMABLE,PIANO STORE,29051100,KGS,75,1,0
CONCON51,,,"SOFT CONDITION MS BOLT 5/8"" X 21/2"" X 24MM",Consumable,CONSUMABLE,PIANO STORE,29051100,KGS,73,1,0
CONCON52,,,"SOFT CONDITION MS NUT 3/8"" (15 MM OUT SIDE)",Consumable,CONSUMABLE,PIANO STORE,29051100,KGS,81,1,0
CONCON53,,,M - SEAL 1 KG,Consumable,CONSUMABLE,PIANO STORE,29051100,NOS,245,1,0
CONCON54,,,GE SWITCH CL02,Consumable,CONSUMABLE,PIANO STORE,29051100,NOS,1750,1,0
CONCON55,,,SIEMENS SWITCH,Consumable,CONSUMABLE,PIANO STORE,29051100,NOS,6390,1,0
CONCON56,,,H.S.S TAP M6 X 0.7,Consumable,CONSUMABLE,PIANO STORE,29051100,SET,1257,1,0
CONCON57,,,H.S.S TAP M8 X 1.25,Consumable,CONSUMABLE,PIANO STORE,29051100,SET,1512,1,0
CONCON58,,,HOLDER ASHS-CCA25-100.BT30 (ER25),Consumable,CONSUMABLE,PIANO STORE,29051100,NOS,2600,1,0
CONCON59,,,HOLDER ASHS-CCA 25-70 BT40 (ER 25),Consumable,CONSUMABLE,PIANO STORE,29051100,NOS,2600,1,0
CONCON6,,,HISALT 1150,Consumable,CONSUMABLE,PIANO STORE,29051100,KG,0,1,0
CONCON60,,,JR 3A GEL (BAOMA),Consumable,CONSUMABLE,PIANO STORE,29051100,KGS,1050,1,0
CONCON61,,,PARTING INSERT R 0.2 (2MM) HARD,Consumable,CONSUMABLE,PIANO STORE,29051100,NOS,790,1,0
CONCON62,,,"GRINDING WHEEL 180 X 13 X31.75 MM GRADE AA46/54, K5 V8",Consumable,CONSUMABLE,PIANO STORE,29051100,NOS,552,1,0
CONCON63,,,"200 X 20 X 50.80 MM GRADE AA46/54, K5 V8",Consumable,CONSUMABLE,PIANO STORE,29051100,NOS,860,1,0
CONCON64,,,CHUCK JAW PASTE,Consumable,CONSUMABLE,PIANO STORE,29051100,KGS,1450,1,0
CONCON65,,,"RUBBER PAD (BLACK) 8""X8""X1/2""",Consumable,CONSUMABLE,PIANO STORE,29051100,NOS,60,1,0
CONCON66,,,ALLEN KEY SET 1.5 MM TO 10 MM EXTRA LONG BALL POINT,Consumable,CONSUMABLE,PIANO STORE,29051100,SET,890,1,0
CONCON67,,,SOFT SPRING OD 40 X ID 32 X 70 MM LONG,Consumable,CONSUMABLE,PIANO STORE,29051100,NOS,0,1,0
CONCON68,,,MPG BOX WITH SEL.SW 5AXIS YSL,Consumable,CONSUMABLE,PIANO STORE,29051100,NOS,0,1,0
CONCON69,,,BEARING BSB 030062 CTDULP4 V50300311000,Consumable,CONSUMABLE,PIANO STORE,29051100,NOS,0,1,0
CONCON7,,,DRESSER (CHINA ),Consumable,CONSUMABLE,PIANO STORE,29051100,NO,0,1,0
CONCON70,,,PANEL LOCK ASSEMBLY C11200900000,Consumable,CONSUMABLE,PIANO STORE,29051100,NOS,0,1,0
CONCON71,,,SR2058 - CAMBOX BT30-PLUNGER SPRING MDX370060,Consumable,CONSUMABLE,PIANO STORE,29051100,NOS,0,1,0
CONCON72,,,SR2060 - CAMBOX BT30-PUSH ROD SPRING MDX370600,Consumable,CONSUMABLE,PIANO STORE,29051100,NOS,0,1,0
CONCON73,,,SEAL KIT FOR DOUBLE ACTING CYLINDER,Consumable,CONSUMABLE,PIANO STORE,29051100,SET,0,1,0
CONCON74,,,TAPPER ROLLER BEARING 32011,Consumable,CONSUMABLE,PIANO STORE,29051100,NOS,0,1,0
CONCON75,,,RUBBER CANVAS BELT 10 MM x 100 MM,Consumable,CONSUMABLE,PIANO STORE,29051100,NOS,0,1,0
CONCON76,,,BEARING ZKLF 3080 ZZ C80300611000,Consumable,CONSUMABLE,PIANO STORE,29051100,NOS,0,1,0
CONCON77,,,TRANSFORMER 0-380-400 INPUT 12V+12V DOUBLE OUTPUT NEW,Consumable,CONSUMABLE,PIANO STORE,29051100,NOS,0,1,0
CONCON78,,,TRANSFORMER 0-380-400 INPUT 12v+12v DOUBLE OUTPUT REPAIR,Consumable,CONSUMABLE,PIANO STORE,29051100,NOS,0,1,0
CONCON79,,,LIMIT SWITCH 10A LIGHT WEIGHT,Consumable,CONSUMABLE,PIANO STORE,29051100,NOS,0,1,0
CONCON8,,,LAP PLATES FOR YH2M 8432E,Consumable,CONSUMABLE,PIANO STORE,29051100,NO,0,1,0
CONCON80,,,LIMIT SWITCH 5A HEAVY DUTY,Consumable,CONSUMABLE,PIANO STORE,29051100,NOS,0,1,0
CONCON81,,,3 WAY WIRE CONNECTOR FOR WIRE UPTO 2.5 SQ MM,Consumable,CONSUMABLE,PIANO STORE,29051100,NOS,0,1,0
CONCON82,,,BALL SCREW AND CHUCK NUT CRANKSHAFT,Consumable,CONSUMABLE,PIANO STORE,29051100,NOS,0,1,0
CONCON83,,,SULFASTRIM 66A TAPPING OIL,Consumable,CONSUMABLE,PIANO STORE,29051100,LTR,154.27,1,0
CONCON84,,,DIA 10MM TIP CUTTER INSERTS 10 R 0.8 ( 2 SIDES ),Consumable,CONSUMABLE,PIANO STORE,29051100,NOS,0,1,0
CONCON85,,,A4 SIZE WHITE PAPER,Consumable,CONSUMABLE,PIANO STORE,29051100,PER BOX,205,1,0
CONCON86,,,WHITE PAPER SIZE :- A3,Consumable,CONSUMABLE,PIANO STORE,29051100,PER BOX,415,1,0
CONCON87,,,PP/SSD/SP-01 SEPRARATING PLATE,Consumable,CONSUMABLE,PIANO STORE,29051100,NOS,2000,1,0
CONCON88,,,PP/SSD/SP-01 DETECTOR LEVER,Consumable,CONSUMABLE,PIANO STORE,29051100,Select,250,1,0
CONCON89,,,THERMOCOUPLE WIRE (SENSOR WIRE) GRADE : CRAL,Consumable,CONSUMABLE,PIANO STORE,27101980,MTR,0,1,0
CONCON9,,,STD TEST BLOCK HRA (RANGE 70 - 78) WITH NABL LOGO TEST CERTIFICATE,Consumable,CONSUMABLE,PIANO STORE,29051100,NO,0,1,0
CONELECTRICAL0,,,TUBE LIGHT,Consumable,ELECTRICAL ITEM,STORE,29051100,NOS,0,1,0
CONELECTRICAL1,,,PVC WIRE TAPE ANCHOR (COLOUR MIX),Consumable,ELECTRICAL ITEM,STORE,29051100,NOS,0,1,0
CONELECTRICAL10,,,MCB BOX FOR 4 POLE,Consumable,ELECTRICAL ITEM,PIANO STORE,29051100,NOS,0,1,0
CONELECTRICAL12,,,MCB 20 AMP 3 POLE,Consumable,ELECTRICAL ITEM,PIANO STORE,29051100,NOS,0,1,0
CONELECTRICAL13,,,10HP DIRECT ON LINE STARTER,Consumable,ELECTRICAL ITEM,PIANO STORE,29051100,NOS,0,1,0
CONELECTRICAL14,,,3HP DIRECT ON LINE STARTER,Consumable,ELECTRICAL ITEM,PIANO STORE,29051100,NOS,0,1,0
CONELECTRICAL15,0,,HYDRAULIC LIFTING PLATFORM,Consumable,ELECTRICAL ITEM,STORE,29051100,NOS,0,1,0
CONELECTRICAL16,,,MCCB 100AMP 4 POLE ABN104*C,Consumable,ELECTRICAL ITEM,STORE,29051100,NOS,0,1,0
CONELECTRICAL17,,,MCCB BOX 100AMP 4 POLE,Consumable,ELECTRICAL ITEM,STORE,29051100,NOS,0,1,0
CONELECTRICAL18,,,MK1 DOL MOTOR STARTER MAKE: L&T/LK,Consumable,ELECTRICAL ITEM,STORE,29051100,NOS,0,1,0
CONELECTRICAL19,,,MCB 63A 3 POLE,Consumable,ELECTRICAL ITEM,PIANO STORE,27101980,NOS,0,1,0
CONELECTRICAL2,,,LED BULB,Consumable,ELECTRICAL ITEM,STORE,29051100,NOS,0,1,0
CONELECTRICAL20,,,EVERYREADY CELL AAA,Consumable,ELECTRICAL ITEM,PIANO STORE,27101980,NOS,0,1,0
CONELECTRICAL3,,,FUSE 2 AMP,Consumable,ELECTRICAL ITEM,PIANO STORE,29051100,NO,0,1,0
CONELECTRICAL4,,,FUSE 16 AMP,Consumable,ELECTRICAL ITEM,PIANO STORE,29051100,NO,0,1,0
CONELECTRICAL5,,,FUSE 700 V,Consumable,ELECTRICAL ITEM,PIANO STORE,29051100,NO,0,1,0
CONELECTRICAL6,,,DISTRIBUTION BOARD 8 WAY 12 WAY TPN MD D.B.ABB,Consumable,ELECTRICAL ITEM,PIANO STORE,85371000,NOS,0,1,0
CONELECTRICAL7,,,MCB 10A 4P ABB,Consumable,ELECTRICAL ITEM,PIANO STORE,29051100,NO,0,1,0
CONELECTRICAL8,,,RCCB 63A 4P 100MA,Consumable,ELECTRICAL ITEM,PIANO STORE,29051100,NO,0,1,0
CONELECTRICAL9,,,MCB 32 AMP 4 POLE,Consumable,ELECTRICAL ITEM,PIANO STORE,29051100,NOS,0,1,0
CONHARDWARE0,,,HYPER DOOR CLOSER,Consumable,GENERAL HARDWARE,PIANO STORE,27101980,NOS,0,1,0
CONHARDWARE1,,,STEEL HANDLE,Consumable,GENERAL HARDWARE,PIANO STORE,27101980,NOS,0,1,0
CONSU254,,,STRAPPING ROLL (WHITE),Consumable,PACKING MATERIAL,STORE,29051100,KGS,90,1,0
D01002,SR017212-1270,,LOCK CLAMP ( BIG ) 0.5 mm,FG,FINISHED GOODS,STORE,73201019,NOS,0,0,0
D01003,HA017212-0330,,LOCK CLAMP -,FG,FINISHED GOODS,STORE,73201019,NOS,1.82,0,0
D01004,SR949013-7050,,W.PLATE 22.8X40X0.6,FG,FINISHED GOODS,STORE,73182200,NOS,2.19,0,0
D01005,HA062821-0080,,WASHER LOCK 0.4 MM,FG,FINISHED GOODS,STORE,73182200,NOS,0,0,0
D01006,SR053469-7010,,CUSHION W.26.6X40.6X0.5,FG,FINISHED GOODS,STORE,73182200,NOS,2.74,0,0
D01007,HA059116-0130,,PLATE PRESSURE,FG,FINISHED GOODS,STORE,73182200,NOS,2.02,0,0
D01009,HA059243-0150,,PLATE END,FG,FINISHED GOODS,STORE,73182200,NOS,1.48,0,0
D01011,SR949013-7040,,W.PLATE 19.8X30X0.6,FG,FINISHED GOODS,STORE,73182200,NOS,1.71,0,0
D01012,HA059243-0180,,PLATE END,FG,FINISHED GOODS,STORE,73182200,NOS,1.07,0,0
D01013,SR028354-5010,,W.STARTER DRIVE SPLIT 0.6,FG,FINISHED GOODS,STORE,73201019,NOS,1.14,0,0
D01014,HA949013-6470,,WASHER BELT,FG,FINISHED GOODS,STORE,73182200,NOS,0.85,0,0
D01016,SR053525-0100,,W.COUNTER SPG.8X14.5X1.2,FG,FINISHED GOODS,STORE,73182200,NOS,1.38,0,0
D01017,HA949017-1370,,WASHER WAVE,FG,FINISHED GOODS,STORE,73182200,NOS,1.06,0,0
D01018,HA949017-1380,,WASHER WAVE,FG,FINISHED GOODS,STORE,73182200,NOS,0.95,0,0
D01020,HA90577-070009Y,,E-RING,FG,FINISHED GOODS,STORE,73182910,NOS,51,0,0
D01025,SR949013-8100,,WASHER,FG,FINISHED GOODS,STORE,73182200,NOS,1.26,0,0
D01026,SR949013-8120,,WAS. 22.8 X 43 X 0.6,FG,FINISHED GOODS,STORE,73182200,NOS,0,0,0
D01027,SR028354-5100,,W.START DRV.SPLIT 0.6,FG,FINISHED GOODS,STORE,73201019,NOS,0,0,0
D01028,SR949013-8110,,WASHER 15.1 X26X1.8,FG,FINISHED GOODS,STORE,73182200,NOS,2.55,0,0
D01029,SR949013-8090,,WASHER PLATE SK 7.6X17.9X0.6,FG,FINISHED GOODS,STORE,73182200,NOS,1.11,0,0
D01031,HA059243-0160,,PLATE END,FG,FINISHED GOODS,STORE,73182200,NOS,0.68,0,0
D01032,HA059243-0210,,PLATE END,FG,FINISHED GOODS,STORE,73182200,NOS,0.84,0,0
D01033,HA059116-0160,,WAS.LOCK N3 RR WIPER,FG,FINISHED GOODS,STORE,73182200,NOS,2.98,0,0
D01034,SR949017-N361,,WAS.WAVE (IMV) 13 X 19.8,FG,FINISHED GOODS,STORE,73182200,NOS,0,0,0
D01036,SR021542-0220,,WASHER IMV. 24.3X33,FG,FINISHED GOODS,STORE,73182200,NOS,4.67,0,0
D01037,SR949016-7090,,WASHER TOOTHED 0.7,FG,FINISHED GOODS,STORE,73182200,NOS,0,0,0
D01038,SR94917-1550,,WASHER WAVE 0.3,FG,FINISHED GOODS,STORE,73182200,NOS,0,0,0
D01039,SR053469-7050,,CUSHION,FG,FINISHED GOODS,STORE,73182200,NOS,4.35,0,0
D01043,SR128952-0820,,WASHER,FG,FINISHED GOODS,STORE,73182200,NOS,3.52,0,0
D01044,SR021542-0300,,WAVE WASHER 15.4X21X0.5,FG,FINISHED GOODS,STORE,73182200,NOS,0,0,0
D14001,116000403,,STOP RING,FG,FINISHED GOODS,STORE,73201019,NOS,0.95,0,0
D15001,7L2282B37,,RETAINER RING,FG,FINISHED GOODS,STORE,73182910,NOS,22.95,0,0
D15002,7L2325B16,,RETAINER RING INT,FG,FINISHED GOODS,STORE,73182910,NOS,0,0,0
D15003,7L2282B6G,,SMALLEY SPIRAL RING,FG,FINISHED GOODS,STORE,73182910,NOS,0,0,0
D15005,D15005,0,M 14-BOLT,BOP,BOUGHT OUT,STORE,73182200,NOS,0,0,0
D15006,D15006,0,M 16-BOLT,BOP,BOUGHT OUT,STORE,73182200,NOS,0,0,0
D16001,PL966001,,CLIP,FG,FINISHED GOODS,STORE,73201019,NOS,0,0,0
D16002,T20940001,,CLIP,FG,FINISHED GOODS,STORE,73201019,NOS,5.1,0,0
E04001,445/26108,,THRUST WASHER,FG,FINISHED GOODS,STORE,73182200,NOS,4.79,0,0
E04002,823 / 00451,,THRUST WASHER 38.1 X 55.55,FG,FINISHED GOODS,STORE,73182200,NOS,10.12,0,0
E04003,823/00451 - A,,THRUST WASHER,FG,FINISHED GOODS,STORE,73182200,NOS,10.12,0,0
E18002,3A2706000000U999,,THRUST WASHER,FG,FINISHED GOODS,STORE,73182200,NOS,3.29,0,0
E18007,813300708002U999,,SNAP RING,FG,FINISHED GOODS,STORE,73182910,NOS,0.39,0,0
E18009,3A3701070000U999,,CONE SPRING 0.5,FG,FINISHED GOODS,STORE,73201019,NOS,14.25,0,0
E18010,3A3709000000U999,,THRUST WASHER 2.6,FG,FINISHED GOODS,STORE,73182200,NOS,5.9,0,0
E18016,3A4301070000U999,,CONE SPRING 0.5(80C6H SK85),FG,FINISHED GOODS,STORE,73182910,NOS,4.2,0,0
E18017,813300708002U999,,CLIP -236 MODEL 1021145000,FG,FINISHED GOODS,STORE,73182910,NOS,5.4,0,0
E18019,09010273182990_,,CONE PRING - 440A,FG,FINISHED GOODS,STORE,73201019,NOS,0,0,0
E18020,09010273182990__,,SPR SEAT - 440A,FG,FINISHED GOODS,STORE,73201019,NOS,0,0,0
E18021,9010273182990,,THRUST WASHER- 440A,FG,FINISHED GOODS,STORE,73182200,NOS,0,0,0
F01007,BOP20KRMAD006,,SPRING CLUTCH FRICTION KRMA,FG,FINISHED GOODS,STORE,73182200,NOS,15.5,0,0
F01008,BOP200P70D008,,SPRING JUDDER 90X99X1.00MM(22402-KPM-8500),FG,FINISHED GOODS,STORE,73182200,NOS,26.14,0,0
F01009,BOP200P70D007,,SPRING CLUTCH FRICITON P70,FG,FINISHED GOODS,STORE,73182200,NOS,8.95,0,0
F01010,BOP200P90D009,,SPRING CLUTCH FRICITON P90 KPG,FG,FINISHED GOODS,STORE,73182200,NOS,9.81,0,0
F01013,BOP2XF1D1D016,,WASHER CLUTCH PLATE WAVE(21472-41K00),FG,FINISHED GOODS,STORE,73182200,NOS,31.18,0,0
F01014,BOP2XF1D1D015,,SEAT WAVE WASHER (21471-41K00),FG,FINISHED GOODS,STORE,73182200,NOS,19.77,0,0
F01015,BOP4002CVD012,,SPRING FRICTION 2 CV,FG,FINISHED GOODS,STORE,73182200,NOS,5.7,0,0
F01016,BOP4002CVD007,,SPRING CLUTCH DISK 2CV,FG,FINISHED GOODS,STORE,73182200,NOS,4.77,0,0
F01017,BOP49CITYD011,,PLATE STRAP 09 CITY,FG,FINISHED GOODS,STORE,73201019,NOS,2.89,0,0
F01018,BOP200P40D014,,SPRING JUDDER 612 / P40,FG,FINISHED GOODS,STORE,73182200,NOS,28.4,0,0
F01019,BOP2GS150D009,,WASHER THRUST GS150,FG,FINISHED GOODS,STORE,73182200,NOS,7.98,0,0
F01020,BOP2GS150D007,,WASHER WAVE GS150 600X042,FG,FINISHED GOODS,STORE,73182200,NOS,5.57,0,0
F01022,BOP200BK2D019,,SPRING JUDDER,FG,FINISHED GOODS,STORE,73182200,NOS,26.16,0,0
F01023,BOP200BK2D020,,SEAT JUDDER SPRING,FG,FINISHED GOODS,STORE,73182200,NOS,20.26,0,0
F01026,BOP20KWSAD010,,WASHER THRUST 17 mm KWSA,FG,FINISHED GOODS,STORE,73182200,NOS,3.77,0,0
F01027,BOP20KWSAD009,,SPRING CLUTCH FRICTION KWSA,FG,FINISHED GOODS,STORE,73182200,NOS,11.97,0,0
F01028,BOP205J00D009,,WASHER PRI. DRN GEAR WAVE,FG,FINISHED GOODS,STORE,73182200,NOS,4.51,0,0
F01029,BOP2GW250D001,,21215-48H03 WASHER CLUTCH HOUSING WAVE,FG,FINISHED GOODS,STORE,73182200,NOS,8.51,0,0
F01030,BOP2GW250D002,,21472-48H01 WASHER CLUTCH PLATE WAVE,FG,FINISHED GOODS,STORE,73182200,NOS,24.53,0,0
F01031,BOP20KYJFD008,,22109-KVK-9000 SEAT DISK SPRING (KYJF),FG,FINISHED GOODS,STORE,73182200,NOS,6.16,0,0
F01032,BOP20KYJFD009,,SPRING DISC,FG,FINISHED GOODS,STORE,73182200,NOS,9.3,0,0
F01033,22111-KYY-9010-Y1/ BOP200KYYD001,,SPRING CLUTCH FRICTION,FG,FINISHED GOODS,STORE,73182200,NOS,13.88,0,0
F01035,BOP20BK7BD007,,SPRING DISK 0.8 K7,FG,FINISHED GOODS,STORE,73182200,NOS,9.31,0,0
F01038,BOP40020MD004,,SPRING CLUTCH DISK,FG,FINISHED GOODS,STORE,73182200,NOS,60.05,0,0
F01039,BOP40020MD010,,SPRING FRICTION,FG,FINISHED GOODS,STORE,73201019,NOS,8.86,0,0
F01040,F01040,0,COIL FOR CIRCLIP,BOP,BOUGHT OUT,STORE,73182910,NOS,0,0,0
F01041,BOP233G00D006,,CLIP 7X0.8,FG,FINISHED GOODS,STORE,73182910,NOS,0.43,0,0
F01042,BOP4054XAD001,,SPRING CLUTCH DISK Z-1,FG,FINISHED GOODS,STORE,73201019,NOS,4.7,0,0
F01044,BOP49CITYD017,,STOPPER CLUTCH SPRING,FG,FINISHED GOODS,STORE,73201019,NOS,6.57,0,0
F01045,BOP200U69D013,,WASHER 192-24G07A-00,FG,FINISHED GOODS,STORE,73182200,NOS,7.07,0,0
F01046,BOP200U69D007,,SPRING CLUTCH FRICTION 115-24G07A-00,FG,FINISHED GOODS,STORE,73182200,NOS,11.86,0,0
F01047,BOP20ASK7D008,,SPRING JUDDER A & S K7,FG,FINISHED GOODS,STORE,73182200,NOS,22.96,0,0
F01048,BOP20ASK7D009,,SPRING SEAT JUDDER A S K7,FG,FINISHED GOODS,STORE,73182200,NOS,25.25,0,0
F01054,BOP20006CD006,,SEAT DISK SPRING119-046B0-00,FG,FINISHED GOODS,STORE,73182200,NOS,7.23,0,0
F01055,BOP20006CD007,,SPRING DISK,FG,FINISHED GOODS,STORE,73182200,NOS,7.83,0,0
F01056,BOP20006CD012,,PLATE THRUST191-046B0-00,FG,FINISHED GOODS,STORE,73182200,NOS,12.37,0,0
F01063,BOP20006CD011,,PLATE SEAT,FG,FINISHED GOODS,STORE,73201019,NOS,14.35,0,0
F01066,BOP20ASK7D007,,164-48G31-00 SEAT SPRING A&S K7,FG,FINISHED GOODS,STORE,73201019,NOS,3.24,0,0
F01074,BOP2KTCVAD011,,116-D6G08-00-SPG CLUTCH FRICTION KTC VA,FG,FINISHED GOODS,STORE,73201019,NOS,9.24,0,0
F01076,BOP2KSTVAD007,,(191-D6GO1-00) WASHER THRUST KSTG VA,FG,FINISHED GOODS,STORE,73182200,NOS,2.88,0,0
F01077,BOP2000J1D006,,WASHER (171-D0G03-00),FG,FINISHED GOODS,STORE,73182200,NOS,6.44,0,0
F01079,BOP40020MD025,,STOPPER CLUTCH SPRING,FG,FINISHED GOODS,STORE,73201019,NOS,6.6,0,0
F01083,BOP2XF1D1D013,,WAHSER CLUTCH HOUSING WAVE (21215-41K00),FG,FINISHED GOODS,STORE,73182200,NOS,8.55,0,0
F01084,BOP20N326D003,,WASHER,FG,FINISHED GOODS,STORE,73182200,NOS,400,0,0
F01085,BOP20K0ZAD001,,"22425-MJP-G510 SEAT, CLUTCH SPRING K0ZA",FG,FINISHED GOODS,STORE,73201019,NOS,3.12,0,0
F01086,BOP20K0ZAD011,,22402-K87H-A310-M1 SPRING JUDDER K0ZA,FG,FINISHED GOODS,STORE,73201019,NOS,18.25,0,0
F01088,BOP209111D010,,SEAT SPRING 16007-1208 (9111 IKM),FG,FINISHED GOODS,STORE,73201019,NOS,10.2,0,0
F01089,BOP202016D007,,SPRING JUDDER 9145-2221,FG,FINISHED GOODS,STORE,73201019,NOS,25.11,0,0
F01090,BOP202016D005,,SPRING FRICTION 92145-2222,FG,FINISHED GOODS,STORE,73201019,NOS,16.95,0,0
F01091,BOP2APACHD018,,SPG CLUCH FRICTION 115-C2G34A-00,FG,FINISHED GOODS,STORE,73201019,NOS,8.68,0,0
F01096,BOP2XF3P1D008,,234-03G66-01 E RING 7MM (CIRCLIP 7MM),FG,FINISHED GOODS,STORE,73201019,NOS,0.58,0,0
F01097,BOP2RS660D012,,SEAT JUDDER SPRING,FG,FINISHED GOODS,STORE,73201019,NOS,775,0,0
F01100,BOP200R2GD014,,"SPRING, JUDDER",FG,FINISHED GOODS,STORE,73201019,NOS,32.18,0,0
F01101,BOP200R2GD013,,"SEAT, SPRING",FG,FINISHED GOODS,STORE,73201019,NOS,2.59,0,0
F01110,BOP20B612D014,,"92145-1521B SEAT,DISK SPRING B612",FG,FINISHED GOODS,STORE,73201019,NOS,3.3,0,0
F01112,EVB200P1CD012,,09-0380-35001 CIRCLIP INTERNAL 35,FG,FINISHED GOODS,STORE,73182910,NOS,6.85,0,0
F01113,EVB200P1CD011,,09-0164-47001 SPRING WAVE P1C,FG,FINISHED GOODS,STORE,73201019,NOS,13.25,0,0
F02003,9100302,,OUTPUT RETAINING RING 1.27,FG,FINISHED GOODS,STORE,73182910,NOS,2.45,0,0
F02005,9100311,,INPUT RETAINER RING 0.63,FG,FINISHED GOODS,STORE,73182910,NOS,0.53,0,0
F02010,9100103,,RETAINING RING 48 X 1.57,FG,FINISHED GOODS,STORE,73182910,NOS,7.92,0,0
F02014,01308.332.0183,,RING,FG,FINISHED GOODS,STORE,73201019,NOS,99.5,0,0
F02016,3505513,,DISC PACK CLIP,FG,FINISHED GOODS,STORE,73201019,NOS,3.29,0,0
F04035,B008089935101,,BELEVELLE SPRING,FG,FINISHED GOODS,STORE,73182200,NOS,0,0,0
F04037,B008089958101,,CLAMP,FG,FINISHED GOODS,STORE,73201019,NOS,16.5,0,0
F04038,B008089951111,,CLAMP,FG,FINISHED GOODS,STORE,73201019,NOS,14.5,0,0
F04039,B008081843141,,BKT FOR TURBO,FG,FINISHED GOODS,STORE,73201019,NOS,9.7,0,0
F05001,10E002401,,M300-METAL HOLDER,FG,FINISHED GOODS,STORE,73201019,NOS,3.2,0,0
F05002,10E012002,,"YJC,YSD-METAL HOLDER",FG,FINISHED GOODS,STORE,73201019,NOS,3.2,0,0
F05003,10E004801,,OILLESS METAL HOLDER TOOL RB,FG,FINISHED GOODS,STORE,82074090,NOS,0,0,0
F06001,90183-05807-00-80,,NUT SPRING,FG,FINISHED GOODS,STORE,73201019,NOS,2,0,0
F08006,BO14270016,,WASHER 90209-22191,FG,FINISHED GOODS,STORE,73182200,NOS,4.52,0,0
F08008,BO10170004,,GROOVE RING SW 16,FG,FINISHED GOODS,STORE,73201019,NOS,2.4,0,0
F08012,BO14271038,,THRUST WASHER 40.05/53/1.5,FG,FINISHED GOODS,STORE,73182200,NOS,14.25,0,0
F08013,BO02671012,,RETAINING RING 37.5X2.5,FG,FINISHED GOODS,STORE,73201019,NOS,18.18,0,0
F08014,BO14271037,,THRUST WASHER 35.05/48/1.5,FG,FINISHED GOODS,STORE,73182200,NOS,14.48,0,0
F08016,BO02671011,,RETAINING RING 33 X2.5,FG,FINISHED GOODS,STORE,73182910,NOS,15.87,0,0
F08017,BO14271040,,THRUST WASHER 37.2/45/1.5,FG,FINISHED GOODS,STORE,73182200,NOS,10.9,0,0
F08018,BO14271041,,THRUST WASHER 30.2/48/1.5,FG,FINISHED GOODS,STORE,73182200,NOS,13.5,0,0
F08019,BO14270042,,THRUST WASHER 28.2/35/1.5,FG,FINISHED GOODS,STORE,73182200,NOS,7.6,0,0
F08020,BO14270039,,THRUST WASHER 25/31.5/1.5,FG,FINISHED GOODS,STORE,73182200,NOS,7.5,0,0
F08021,BO02670014,,RETAINING RING 34X2_2453133,FG,FINISHED GOODS,STORE,73201019,NOS,13.5,0,0
F08022,BO02670015,,GROOVE RING SW 27_245363,FG,FINISHED GOODS,STORE,73201019,NOS,8.75,0,0
F08023,BO02671013,,RETAINING RING 41.5X2_245413,FG,FINISHED GOODS,STORE,73201019,NOS,17.1,0,0
F08024,92033-0793,,SNAP RING EXTERNAL I/P SHAFT_92033-0793,FG,FINISHED GOODS,STORE,73201019,NOS,8.76,0,0
F08025,92066-0950,,SHAFT OUTPUT-PLUG_92066-0950,FG,FINISHED GOODS,STORE,73201019,NOS,6.92,0,0
F08026,92200-2780,,WASHER PLAIN_92200-2780,FG,FINISHED GOODS,STORE,73182200,NOS,5.8,0,0
F08027,92033-0876,,SNAP RING EXTERNAL O/P SHAFT_92033-0876,FG,FINISHED GOODS,STORE,73201019,NOS,9.06,0,0
F08028,92200-2779,,WASHER PLAIN_92200-2779,FG,FINISHED GOODS,STORE,73182200,NOS,5.39,0,0
FG17038,520MD00102,,SPRING BELLEVILLE K-70,FG,FINISHED GOODS,FG STORE,73201019,NOS,2.44,1,0
G10001,50015365,,MOTOR CLIP ROLLO,FG,FINISHED GOODS,STORE,73182910,NOS,4,0,0
G10002,50014405,,MOTOR CLIP,FG,FINISHED GOODS,STORE,73182910,NOS,3.9,0,0
H01003,90434KN6930,,WASHER 16MM,FG,FINISHED GOODS,STORE,73182200,NOS,4.73,0,0
H01004,90403KN6930,,WASHER 10X24,FG,FINISHED GOODS,STORE,73182200,NOS,4.46,0,0
H01006,90504KR3000,,WASHER RR AXLE,FG,FINISHED GOODS,STORE,73182200,NOS,4.65,0,0
H01007,28263KCJ710,,RETAINER STARTER SPRING,FG,FINISHED GOODS,STORE,73182200,NOS,2.45,0,0
H01008,19509-KFN-8500,,CLIP D 16 TUBE,FG,FINISHED GOODS,STORE,73201019,NOS,1.76,0,0
H01010,15451107000,,WASHER LOCK OIL FILTER ROTOR,FG,FINISHED GOODS,STORE,73182200,NOS,2.38,0,0
H01012,90605200000,,SET RING A20X1.2,FG,FINISHED GOODS,STORE,73182910,NOS,1.92,0,0
H01014,90455107000,,W. SPLINE A20MM (20x26x1.6),FG,FINISHED GOODS,STORE,73182200,NOS,1.83,0,0
H01016,90461GB4770PP,,WASHER SPLINE 20X26,FG,FINISHED GOODS,STORE,73182200,NOS,1.58,0,0
H01017,90461035000,,W.SPLINE 17MM X 1.2,FG,FINISHED GOODS,STORE,73182200,NOS,1.43,0,0
H01018,90461459000,,WASHER SPLINE 20MM,FG,FINISHED GOODS,STORE,73182200,NOS,1.44,0,0
H01019,53209GAH000,,CLIP HEADLIGHT,FG,FINISHED GOODS,STORE,73201019,NOS,1.41,0,0
H01020,90601459000,,CIRCLIP 20MM,FG,FINISHED GOODS,STORE,73182910,NOS,1.71,0,0
H01021,90451365000,,WASHER THRUST 15MM,FG,FINISHED GOODS,STORE,73182200,NOS,1.06,0,0
H01022,906010010000,,CIRCLIP 17MM X 1.2,FG,FINISHED GOODS,STORE,73182910,NOS,1.57,0,0
H01023,90451198000,,WASHER THRUST 17MM,FG,FINISHED GOODS,STORE,73182200,NOS,1.62,0,0
H01024,90452437000,,W.TH.16.5MM (16.7X24X1),FG,FINISHED GOODS,STORE,73182200,NOS,0.9,0,0
H01025,23216GF6000,,COTTER MAINSHAFT,FG,FINISHED GOODS,STORE,73182200,NOS,1.55,0,0
H01026,90464-GBG-9000,,CIRCLIP INTERNAL 23,FG,FINISHED GOODS,STORE,73182910,NOS,1.13,0,0
H01027,90452GB4770,,WASHER THRUST 17MM,FG,FINISHED GOODS,STORE,73182200,NOS,1.39,0,0
H01028,90451107000,,WASHER THRUST 15MM,FG,FINISHED GOODS,STORE,73182200,NOS,0.92,0,0
H01029,90454107000,,WASHER THRUST 20.2X27,FG,FINISHED GOODS,STORE,73182200,NOS,1.17,0,0
H01030,14775107000,,SEAT VALVE SPRING OUTER,FG,FINISHED GOODS,STORE,73201019,NOS,1.13,0,0
H01031,90451GF6000,,WASHER THRUST 12MM,FG,FINISHED GOODS,STORE,73182200,NOS,1.05,0,0
H01032,90452115000,,W.TH.17MM (17.2X24X1),FG,FINISHED GOODS,STORE,73182200,NOS,1.07,0,0
H01034,90432086000,,WASHER LOCK B,FG,FINISHED GOODS,STORE,73182200,NOS,1.21,0,0
H01035,75581673000,,SET SPRING LOCK KEY 0.6,FG,FINISHED GOODS,STORE,73201019,NOS,1.62,0,0
H01036,90453107000,,WASHER A THRUST 20MM,FG,FINISHED GOODS,STORE,73182200,NOS,0.7,0,0
H01038,90461GF6000,,WASHER SPLINE 17MM,FG,FINISHED GOODS,STORE,73182200,NOS,0.88,0,0
H01039,14775MA6000,,SEAT VALAE 16.6X23,FG,FINISHED GOODS,STORE,73182200,NOS,0.87,0,0
H01040,90408KW1900,,"WASHER, 6MM",FG,FINISHED GOODS,STORE,73182200,NOS,0.85,0,0
H01042,90459107000,,W.TH.12MM (12.2X18X1),FG,FINISHED GOODS,STORE,73182200,NOS,0.51,0,0
H01043,90451001000,,WASHER THRUST 14MM,FG,FINISHED GOODS,STORE,73182200,NOS,0.79,0,0
H01044,14776107010,,SEAT VALVE SPRING INNER,FG,FINISHED GOODS,STORE,73182200,NOS,0.44,0,0
H01045,90307GJ6000,,WASHER LOCK 6MM,FG,FINISHED GOODS,STORE,73182200,NOS,0.58,0,0
H01046,90701KFN850,,PIN SPRING 3*10-(90701-K,FG,FINISHED GOODS,STORE,73201019,NOS,0.59,0,0
H01047,90313172000,,NUT SPEED 4MM,FG,FINISHED GOODS,STORE,73201019,NOS,0.49,0,0
H01048,90605166720,,E CLIP 7X0.8,FG,FINISHED GOODS,STORE,73182910,NOS,0.3,0,0
H01051,19509-198-7700,,CLAMP D16,FG,FINISHED GOODS,STORE,73201019,NOS,1.76,0,0
H01053,90439-SB2-0100,,WASHER 24 X 12 X 2.3,FG,FINISHED GOODS,STORE,73182200,NOS,2.73,0,0
H01058,90412-187-0000,,WASHER THRUST,FG,FINISHED GOODS,STORE,73182200,NOS,1.04,0,0
H01059,90452-KGH-9000,,WASHER SPL 12MM,FG,FINISHED GOODS,STORE,73182200,NOS,0.89,0,0
H01063,53108-KR3-7700,,SNAP RING HANDLE WT,FG,FINISHED GOODS,STORE,73201019,NOS,3.25,0,0
H01064,36538KWF940,,COVER 02 SENSOR,FG,FINISHED GOODS,STORE,73201019,NOS,3.07,0,0
H01067,90402AAW0000,,WASHER 6MM,FG,FINISHED GOODS,STORE,73182200,NOS,0,0,0
H01068,90441AAW0000,,WASHER 12X29X2.3,FG,FINISHED GOODS,STORE,73182200,NOS,0,0,0
H01069,90248AAW0000,,WASHER THRUST,FG,FINISHED GOODS,STORE,73182200,NOS,1.32,0,0
H01070,90344AAY000,,NUT CLIP 5MM,FG,FINISHED GOODS,STORE,73201019,NOS,1.7,0,0
H01079,45477-AAH-F000/C3050053,,WAVED SPRING WASHER,FG,FINISHED GOODS,STORE,73182200,NOS,1.2,0,0
H01087,B03014017000,,WASHER SALIMG 6MM,FG,FINISHED GOODS,STORE,73182200,NOS,1.28,0,0
H01088,90404-KPT-A000,,WASHER PLAIN 12 MM,FG,FINISHED GOODS,STORE,73182200,NOS,1.49,0,0
H01089,90443-MB0-0000,,WASHER SEALING 10MM,FG,FINISHED GOODS,STORE,73182200,NOS,2.21,0,0
H01090,90443-GF6-0100,,WASHER,FG,FINISHED GOODS,STORE,73182200,NOS,0,0,0
H01091,90453-KRM-8400,,WASHER SPLINE 20 MM,FG,FINISHED GOODS,STORE,73182200,NOS,2.17,0,0
H01092,90457-KRM-8400,,WASHER 14 MM,FG,FINISHED GOODS,STORE,73182200,NOS,0.71,0,0
H01093,90501-KPT-A000,,WASHER 14.1X29X2.8,FG,FINISHED GOODS,STORE,73182200,NOS,4.65,0,0
H01095,50152-AAZ-0000,,CLIP HARNESS 7MM,FG,FINISHED GOODS,STORE,73182910,NOS,1.78,0,0
H01096,12213-KSP-9100,,CLIP VALVE GUIDE,FG,FINISHED GOODS,STORE,73182910,NOS,0.27,0,0
H01097,90451-KRM-8400,,WASHER THRUST 16 MM,FG,FINISHED GOODS,STORE,73182200,NOS,0.99,0,0
H01098,90452-KRM-8400,,WASHER SPLINE 17X23X1.6,FG,FINISHED GOODS,STORE,73182200,NOS,2.23,0,0
H01099,90701-ACA-0000,,PIN SPRING 3X10,FG,FINISHED GOODS,STORE,73201019,NOS,0.68,0,0
H01100,90430ACW000,,GASKET OIL STRAINER,FG,FINISHED GOODS,STORE,73201019,NOS,1.89,0,0
H14001,A4/STD/DR-01,,DUCO RING,FG,FINISHED GOODS,STORE,73182200,NOS,24,0,0
H16003,520PL03502,,PLATE JUDDER 612,FG,FINISHED GOODS,STORE,73182200,NOS,30.54,0,0
H16004,520MD02602,,SPRING JUDDER 99X90X1.1 MM,FG,FINISHED GOODS,STORE,73182200,NOS,30.19,0,0
H16005,520MD10002,,JUDDER SPRING 1.0,FG,FINISHED GOODS,STORE,73182200,NOS,24.71,0,0
H16006,520PL04002,,JUDDER WASHER 98X105X1.4,FG,FINISHED GOODS,STORE,73182200,NOS,32.18,0,0
H16035,C2JR00202B,,PLAIN WASHER,FG,FINISHED GOODS,STORE,73182200,NOS,7.18,0,0
H16036,C2CH00202B,,BELLEVILLE SPRING,FG,FINISHED GOODS,STORE,73182200,NOS,24.13,0,0
H16037,C2PL00402B,,JUDDER WASHER 0.50,FG,FINISHED GOODS,STORE,73182200,NOS,20.85,0,0
H16046,C2CH00302B,,JUDDER SPRING 0.48,FG,FINISHED GOODS,STORE,73182200,NOS,27.84,0,0
H16064,520CH02002,,JUDDER SPRING-BF PROPOSAL-2,FG,FINISHED GOODS,STORE,73182200,NOS,22.43,0,0
H16065,520PL13502,,JUDDER WASHER,FG,FINISHED GOODS,STORE,73182200,NOS,27.38,0,0
H16075,H16075,0,TOP REBOUND SPLIT 17,BOP,BOUGHT OUT,STORE,73201019,NOS,0,0,0
H16076,H16076,0,TOP COMPRESSION SPLIT 17 HEX,BOP,BOUGHT OUT,STORE,73201019,NOS,0,0,0
H16083,H16083,0,NUT REBOUND,BOP,BOUGHT OUT,STORE,73201019,NOS,0,0,0
H16085,F2BZ00902B,,ADAPTOR  DU BUSH,FG,FINISHED GOODS,STORE,73201019,NOS,65.05,0,0
H16090,H16090,0,FILUNG SCREW,BOP,BOUGHT OUT,STORE,73182990,NOS,0,0,0
H16107,F2CC00402B,,INTERNAL CIRCLIP,FG,FINISHED GOODS,STORE,73201019,NOS,3.51,0,0
H16109,F2CC00602B,,CIRCLIP 1.9,FG,FINISHED GOODS,STORE,73182910,NOS,3.55,0,0
H16111,520PL03602,,SHIM 0.5M,FG,FINISHED GOODS,STORE,74199930,NOS,3.81,0,0
H16112,520PL03402,,WASHER BRASS,FG,FINISHED GOODS,STORE,74199930,NOS,3.99,0,0
H16113,520PL10002,,BRASS SHIM CLUTCH,FG,FINISHED GOODS,STORE,74199930,NOS,4.46,0,0
H16118,H16118,0,NUT CHECK VALVE 17,BOP,BOUGHT OUT,STORE,73201019,NOS,0,0,0
H16132,520PL11902,,THRUST WASHER (THK 1.5 MM),FG,FINISHED GOODS,STORE,73182200,NOS,5.15,0,0
H16138,C2PL00302B,,THRUST WASHER,FG,FINISHED GOODS,STORE,73182200,NOS,16.25,0,0
H16153,B3JR001270,,METRIC PIN 3X8MM,FG,FINISHED GOODS,STORE,73201019,NOS,0.48,0,0
H16157,520PL13802,,DRIVE PLATE (PROTO),FG,FINISHED GOODS,STORE,73182200,NOS,7.75,0,0
H16170,C2PL01302B,,PLATE JUDDER J1 REML,FG,FINISHED GOODS,STORE,73182200,NOS,31.77,0,0
H16171,C2PL00702B,,THRUST WASHER_J1,FG,FINISHED GOODS,STORE,73182200,NOS,8.1,0,0
H16172,C3CH00102B,,JUDDER SPRING 3W DEVELOPED BY WIRE CUT ROUTE,FG,FINISHED GOODS,STORE,73201019,NOS,20.7,0,0
H16173,C3PL00202B,,JUDDER WASHER (3W JUDDER),FG,FINISHED GOODS,STORE,73182200,NOS,12.65,0,0
H16175,C2CH01003B,,BELLIVILLE SPRING (C20054) SPRING CLUTCH FRICTION,FG,FINISHED GOODS,STORE,73182200,NOS,5.85,0,0
H16176,C3PL00202B,,JUDDER WASHER,FG,FINISHED GOODS,STORE,73182200,NOS,0,0,0
H16180,C2CH01202B,,BELLEVILLE SPRING,FG,FINISHED GOODS,STORE,73201019,NOS,0,0,0
H16181,C2PL01602B,,PLAIN WASHER 9111 DEVELOPED BY PROTO WIRECUT ROUTE,FG,FINISHED GOODS,STORE,73182200,NOS,750.75,0,0
H16182,C2CH01502B.,,BELLEVILLE SPRING_J1_25KG PROTO ROUTE REQUIREMENT,FG,FINISHED GOODS,STORE,73201019,NOS,0,0,0
H16184,C2CH01602B,,Scissor Gear Belleville Washer 22409A,FG,FINISHED GOODS,STORE,73182200,NOS,15,0,0
H16185,C2CC00302B,,SEEGER RING,FG,FINISHED GOODS,STORE,73201019,NOS,250,0,0
H16200,C2CH01702B,,ADLER_AJ SGP_P1-8368,FG,FINISHED GOODS,STORE,73201019,NOS,20.36,0,0
H16201,C2CH02202B,,ADLER_AJ SPG_22471A-P01,FG,FINISHED GOODS,STORE,73201019,NOS,67.13,0,0
H16202,C2CH03402B,,BELLEVILLE SPG_23459A-P01,FG,FINISHED GOODS,STORE,73201019,NOS,55.5,0,0
H16206,C2PL04802B,,AJ SPACER_P200NS APTC EVO_23361A-P00,FG,FINISHED GOODS,STORE,73201019,NOS,0,0,0
H16207,C2CH02702B,,PROG. BELLEVILLE SPRING,FG,FINISHED GOODS,STORE,73201019,NOS,0,0,0
H16208,C2CH02302B,,DOMINAR 400 EVO_PROGR. AJ SPG_23302A,FG,FINISHED GOODS,STORE,73201019,NOS,0,0,0
H16212,C2CH03802B,,BELLEVILLE SPRING KTM,FG,FINISHED GOODS,STORE,73201019,NOS,19.55,0,0
H16224,C2CH03402B,,BELLEVILLE SPRING_DOMINAR 400 DEVELOPED THROUGH PROTO,FG,FINISHED GOODS,STORE,73201019,NOS,0,0,0
H16232,C2PL02702B,,DOMINAR 400_ADLER WASHER,FG,FINISHED GOODS,STORE,73182200,NOS,2.75,0,0
H16233,C2CH04702B,,BELLEVILLE SPRING U101 MODIFIED,FG,FINISHED GOODS,STORE,73201019,NOS,6.95,0,0
H16234,C2CH04802B.,,PAJ (J1_APTC),FG,FINISHED GOODS,STORE,73201019,NOS,55,0,0
H16236,C2CH05602B,,PROGRESSIVE ANTI JUDDER SPRING,FG,FINISHED GOODS,STORE,73201019,NOS,67,0,0
H16242,C2CH06802B,,PAJ(K1&D4K),FG,FINISHED GOODS,STORE,73201019,NOS,0,0,0
H19010,H85-P3002-00,,SPRING WASHER FREE WHEEL 46X54.6X0.5,FG,FINISHED GOODS,STORE,73182200,NOS,4.85,0,0
H19012,H94-P3010-00,,SHIM STEEL 25.1X39.7X1.5H,FG,FINISHED GOODS,STORE,73182200,NOS,6.12,0,0
H19013,H94-P3011-00,,CIRCLIP EXTERNAL 22.6*29*1.5(H),FG,FINISHED GOODS,STORE,73182910,NOS,2.79,0,0
H19028,H13-P3101-00,,SHIM (20*32*2.950),FG,FINISHED GOODS,STORE,73182200,NOS,16.35,0,0
H19029,H13-P3102-00,,SHIM (20*32*2.975),FG,FINISHED GOODS,STORE,73182200,NOS,16.35,0,0
H19030,H13-P3103-00,,SHIM (20*32*3.0),FG,FINISHED GOODS,STORE,73182200,NOS,16.47,0,0
H19031,H13-P3104-00,,SHIM (20*32*3.025),FG,FINISHED GOODS,STORE,73182200,NOS,16.47,0,0
H19032,H13-P3105-00,,SHIM (20*32*3.050),FG,FINISHED GOODS,STORE,73182200,NOS,16.47,0,0
H19033,H13-P3106-00,,SHIM (20*32*3.075),FG,FINISHED GOODS,STORE,73182200,NOS,16.47,0,0
H19034,H13-P3107-00,,SHIM (20*32*3.100),FG,FINISHED GOODS,STORE,73182200,NOS,16.47,0,0
H19035,H13-P3108-00,,SHIM (20*32*3.125),FG,FINISHED GOODS,STORE,73182200,NOS,16.47,0,0
H19036,H13-P3109-00,,SHIM (20*32*3.150),FG,FINISHED GOODS,STORE,73182200,NOS,16.47,0,0
H19037,H13-P3110-00,,SHIM (20*32*3.175),FG,FINISHED GOODS,STORE,73182200,NOS,16.47,0,0
H19038,H13-P3111-00,,SHIM (20*32*3.200),FG,FINISHED GOODS,STORE,73182200,NOS,16.47,0,0
H19039,H13-P3112-00,,SHIM (20*32*3.225),FG,FINISHED GOODS,STORE,73182200,NOS,16.47,0,0
H19040,H13-P3113-00,,SHIM (20*32*3.250),FG,FINISHED GOODS,STORE,73182200,NOS,16.47,0,0
H19041,H13-P3114-00,,SHIM (20*32*3.275),FG,FINISHED GOODS,STORE,73182200,NOS,16.47,0,0
H19042,H13-P3115-00,,SHIM (20*32*3.300),FG,FINISHED GOODS,STORE,73182200,NOS,16.47,0,0
H19043,H13-P3116-00,,SHIM (20*32*3.325),FG,FINISHED GOODS,STORE,73182200,NOS,16.47,0,0
H19050,H86-P3013-00,,SECURING SEGMENT,FG,FINISHED GOODS,STORE,73182200,NOS,4.97,0,0
H19051,H86-P3010-00,,WASHER,FG,FINISHED GOODS,STORE,73182200,NOS,14.75,0,0
H19052,H86-P3014-00,,RETAINING RING,FG,FINISHED GOODS,STORE,73201019,NOS,3.56,0,0
H19053,H13-P3065-00,,SUPPORTING DISC (25X37X2),FG,FINISHED GOODS,STORE,73201019,NOS,16.33,0,0
H19054,H13-P3007-00,,WAVE WASHER (42*54*3.8),FG,FINISHED GOODS,STORE,73182200,NOS,7.87,0,0
H19055,H13-P3008-00,,WASHER (38*58*3),FG,FINISHED GOODS,STORE,73182200,NOS,28.82,0,0
H19069,H13-P3136-00,,SHIM (22*38*1.550),FG,FINISHED GOODS,STORE,73182200,NOS,15.37,0,0
H19070,H13-P3137-00,,SHIM (22*38*1.575),FG,FINISHED GOODS,STORE,73182200,NOS,15.37,0,0
H19071,H13-P3138-00,,SHIM (22*38*1.600),FG,FINISHED GOODS,STORE,73182200,NOS,15.37,0,0
H19072,H13-P3139-00,,SHIM (22*38*1.625),FG,FINISHED GOODS,STORE,73182200,NOS,15.37,0,0
H19073,H13-P3140-00,,SHIM (22*38*1.650),FG,FINISHED GOODS,STORE,73182200,NOS,15.37,0,0
H19074,H13-P3141-00,,SHIM (22*38*1.675),FG,FINISHED GOODS,STORE,73182200,NOS,15.37,0,0
H19075,H13-P3142-00,,SHIM (22*38*1.700),FG,FINISHED GOODS,STORE,73182200,NOS,15.37,0,0
H19076,H13-P3143-00,,SHIM (22*38*1.725),FG,FINISHED GOODS,STORE,73182200,NOS,15.37,0,0
H19077,H13-P3144-00,,SHIM (22*38*1.750),FG,FINISHED GOODS,STORE,73182200,NOS,15.37,0,0
H19078,H13-P3145-00,,SHIM (22*38*1.775),FG,FINISHED GOODS,STORE,73182200,NOS,15.37,0,0
H19079,H13-P3146-00,,SHIM (22*38*1.800),FG,FINISHED GOODS,STORE,73182200,NOS,15.37,0,0
H19080,H13-P3147-00,,SHIM (22*38*1.825),FG,FINISHED GOODS,STORE,73182200,NOS,15.37,0,0
H19093,H13-P3160-00,,SHIM (22*38*2.125),FG,FINISHED GOODS,STORE,73182200,NOS,15.37,0,0
H19094,H13-P3161-00,,SHIM (22*38*2.150),FG,FINISHED GOODS,STORE,73182200,NOS,15.37,0,0
H19095,H13-P3162-00,,SHIM (22*38*2.175),FG,FINISHED GOODS,STORE,73182200,NOS,15.37,0,0
H19096,H13-P3163-00,,SHIM (22*38*2.200),FG,FINISHED GOODS,STORE,73182200,NOS,15.37,0,0
H19097,H13-P3164-00,,SHIM (22*38*2.225),FG,FINISHED GOODS,STORE,73182200,NOS,15.37,0,0
H19098,H13-P3165-00,,SHIM (22*38*2.250),FG,FINISHED GOODS,STORE,73182200,NOS,15.37,0,0
H19099,H13-P3166-00,,SHIM (22*38*2.275),FG,FINISHED GOODS,STORE,73182200,NOS,15.37,0,0
H19100,H13-P3167-00,,SHIM (22*38*2.300),FG,FINISHED GOODS,STORE,73182200,NOS,15.37,0,0
H19101,H13-P3168-00,,SHIM (22*38*2.325),FG,FINISHED GOODS,STORE,73182200,NOS,15.37,0,0
H19107,H13-P3010-00,,SNAP RING AS 28,FG,FINISHED GOODS,STORE,73182910,NOS,8.82,0,0
H19108,H13-P3043-00,,SNAP RING SW 25,FG,FINISHED GOODS,STORE,73182910,NOS,4.98,0,0
H19109,H13-P3044-00,,CIRCLIP AV 25,FG,FINISHED GOODS,STORE,73182910,NOS,5.77,0,0
H19117,H13-P3181-00,,SHIM (25*42*2.2.025),FG,FINISHED GOODS,STORE,73182200,NOS,18.1,0,0
H19118,H13-P3182-00,,SHIM (25*42*2.2.050),FG,FINISHED GOODS,STORE,73182200,NOS,18.1,0,0
H19119,H13-P3183-00,,SHIM (25*42*2.075),FG,FINISHED GOODS,STORE,73182200,NOS,18.1,0,0
H19120,H13-P3184-00,,SHIM (25*42*2.100),FG,FINISHED GOODS,STORE,73182200,NOS,18.1,0,0
H19121,H13-P3185-00,,SHIM (25*42*2.125),FG,FINISHED GOODS,STORE,73182200,NOS,18.1,0,0
H19122,H13-P3186-00,,SHIM (25*42*2.150),FG,FINISHED GOODS,STORE,73182200,NOS,18.1,0,0
H19123,H13-P3187-00,,SHIM (25*42*2.175),FG,FINISHED GOODS,STORE,73182200,NOS,18.1,0,0
H19124,H13-P3188-00,,SHIM (25*42*2.200),FG,FINISHED GOODS,STORE,73182200,NOS,18.1,0,0
H19125,H13-P3189-00,,SHIM (25*42*2.225),FG,FINISHED GOODS,STORE,73182200,NOS,18.1,0,0
H19126,H13-P3190-00,,SHIM (25*42*2.250),FG,FINISHED GOODS,STORE,73182200,NOS,18.1,0,0
H19127,H13-P3191-00,,SHIM (25*42*2.275),FG,FINISHED GOODS,STORE,73182200,NOS,18.1,0,0
H19128,H13-P3192-00,,SHIM (25*42*2.300),FG,FINISHED GOODS,STORE,73182200,NOS,18.1,0,0
H19129,H13-P3193-00,,SHIM (25*42*2.325),FG,FINISHED GOODS,STORE,73182200,NOS,18.1,0,0
H19135,ABMK3493511,,SNAP RING (25*1.1),FG,FINISHED GOODS,STORE,73201019,NOS,5.3,0,0
H19136,H13-P3071-00,,SNAP RING (25*1.2),FG,FINISHED GOODS,STORE,73201019,NOS,5.3,0,0
H19137,H13-P3072-00,,SNAP RING (25*1.3),FG,FINISHED GOODS,STORE,73201019,NOS,5.3,0,0
H19138,H13-P3067-00,,SNAP RING (22.7*1.1),FG,FINISHED GOODS,STORE,73201019,NOS,4.29,0,0
H19139,H13-P3068-00,,SNAP RING (22.7*1.2),FG,FINISHED GOODS,STORE,73201019,NOS,4.29,0,0
H19140,H13-P3070-00,,SNAP RING (22.7*1.3),FG,FINISHED GOODS,STORE,73201019,NOS,4.29,0,0
H19141,H86-P3041-00,,THRUST WASHER SPLINE (22*30*1.5),FG,FINISHED GOODS,STORE,73182200,NOS,9.13,0,0
H19142,H86-P3042-00,,THRUST WASHER SPLINE (22*30*1.7),FG,FINISHED GOODS,STORE,73182200,NOS,8.89,0,0
H19143,H86-P3043-00,,THRUST WASHER SPLINE (22*30*1.9),FG,FINISHED GOODS,STORE,73182200,NOS,8.96,0,0
H19144,H86-P3044-00,,THRUST WASHER SPLINE (22*30*2.1),FG,FINISHED GOODS,STORE,73182200,NOS,9.1,0,0
H19145,H86-P3045-00,,THRUST WASHER SPLINE (22*30*2.5),FG,FINISHED GOODS,STORE,73182200,NOS,8.3,0,0
H19146,H86-P3046-00,,THRUST WASHER SPLINE (22*30*2.7),FG,FINISHED GOODS,STORE,73182200,NOS,9.23,0,0
H19147,H86-P3047-00,,THRUST WASHER SPLINE (22*30*2.9),FG,FINISHED GOODS,STORE,73182200,NOS,8.3,0,0
H19148,H86-P3048-00,,THRUST WASHER SPLINE (22*30*3.1),FG,FINISHED GOODS,STORE,73182200,NOS,8.3,0,0
H19149,H86-P3012-00,,spring washer corrugated,FG,FINISHED GOODS,STORE,73182200,NOS,4.29,0,0
H19150,H90-P3030-00,,WASHER 30.2 X 35 X 1,FG,FINISHED GOODS,STORE,73182200,NOS,6.05,0,0
H19151,H90-P3031-00,,WASHER 25.4 X 34 X1,FG,FINISHED GOODS,STORE,73182200,NOS,5.35,0,0
H19152,H90-P3032-00,,WASHER 20.2 X32X1.6,FG,FINISHED GOODS,STORE,73182200,NOS,6,0,0
H19153,H90-P3033-00,,TOOTHED WASHER 28 X 32.5X,FG,FINISHED GOODS,STORE,73182200,NOS,4,0,0
H19154,H90-P3034-00,,TOOTHED WASHER 30 X 35 X 1,FG,FINISHED GOODS,STORE,73182200,NOS,6.13,0,0
H19155,H90-P3035-00,,SNAP RING 25.5 X 1.5,FG,FINISHED GOODS,STORE,73182910,NOS,2,0,0
H19156,H90-P3036-00,,SNAP RING 27.5 X 1.5,FG,FINISHED GOODS,STORE,73201019,NOS,3,0,0
H19157,H90-P3037-00,,SNAP RING 29.8 X 1.2,FG,FINISHED GOODS,STORE,73201019,NOS,4,0,0
H19162,H219-P3002100,,Shim (38*58*1.900) [BMW K34/K2x],FG,FINISHED GOODS,STORE,73182200,NOS,0,0,0
H19163,H219-P3002200,,Shim (38*58*2.100) [BMW K34/K2x],FG,FINISHED GOODS,STORE,73182200,NOS,0,0,0
H19168,H214-P30012-00,,ENGN BAL SUB CMPNT SPRING,FG,FINISHED GOODS,STORE,73201019,NOS,68.2,0,0
H22003,H22003,0,M-6 SPRING WASHER,BOP,BOUGHT OUT,STORE,73182200,NOS,0,0,0
I04003,90201-20272-00-80,,WASHER 2.0,FG,FINISHED GOODS,STORE,73182200,NOS,5.88,0,0
I04004,4LS-E111F-00-00-80,,PLATE,FG,FINISHED GOODS,STORE,73201019,NOS,5.22,0,0
I04005,4LS-F3418-00-00-80,,WASHER SPL 1 MM,FG,FINISHED GOODS,STORE,73182200,NOS,5.55,0,0
I04006,90201122H10080,,WASHER PLAIN,FG,FINISHED GOODS,STORE,73182200,NOS,6.24,0,0
I04009,90201-20266-00-80,,WASHER 20 X025,FG,FINISHED GOODS,STORE,73182200,NOS,1.07,0,0
I04011,90215128150080,,WASHER TG,FG,FINISHED GOODS,STORE,73182200,NOS,3.1,0,0
I04012,4LS-E2116-00-00-80,,SEAT VALVE SPRING,FG,FINISHED GOODS,STORE,73201019,NOS,2.11,0,0
I04013,90215-16127-00-80,,WASHER TG,FG,FINISHED GOODS,STORE,73182200,NOS,2.35,0,0
I04014,90208-12015-00-80,,WASHER CONICAL SPRING,FG,FINISHED GOODS,STORE,73182200,NOS,1.78,0,0
I04015,90201-08326-00-80,,WASHER 2.0MM,FG,FINISHED GOODS,STORE,73182200,NOS,1.53,0,0
I04016,90208-17032-00-80,,DISC WASHER,FG,FINISHED GOODS,STORE,73182200,NOS,0,0,0
I04018,90183050670080,,NUT SPRING,FG,FINISHED GOODS,STORE,73201019,NOS,0.85,0,0
I04019,90201157000080,,WASHER PLAIN,FG,FINISHED GOODS,STORE,73182200,NOS,2.11,0,0
I04020,93410208090080,,CIRCLIP,FG,FINISHED GOODS,STORE,73182910,NOS,2.36,0,0
I04021,90201-15701-00-80,,WASHER 15 X 22 X 1,FG,FINISHED GOODS,STORE,73182200,NOS,0,0,0
I04022,93430-12812-00-80,,RET RING C 12,FG,FINISHED GOODS,STORE,73182910,NOS,0,0,0
I04023,90201-15828-00-80,,WASHER 0.6,FG,FINISHED GOODS,STORE,73182200,NOS,2.34,0,0
I04024,99001-10600-00-80,,CIRCLIP (E),FG,FINISHED GOODS,STORE,73182910,NOS,1.12,0,0
I04025,93430-12821-00-80,,RETAINING RING,FG,FINISHED GOODS,STORE,73182910,NOS,0.72,0,0
I04026,36L-H3929-VO-00-80,,"PLATE,SPRING",FG,FINISHED GOODS,STORE,73201019,NOS,0.86,0,0
I04027,93430-10811-00-80,,CIRCLIP C 10(WHITE),FG,FINISHED GOODS,STORE,73182910,NOS,0.82,0,0
I04028,90183-04047-00-80,,N.SPRING,FG,FINISHED GOODS,STORE,73201019,NOS,1.04,0,0
I04029,90183-06018-00-80,,NUT SPRING,FG,FINISHED GOODS,STORE,73201019,NOS,0.91,0,0
I04031,93430088100080,,CIRCLIP,FG,FINISHED GOODS,STORE,73182910,NOS,0.52,0,0
I04032,90201086240080,,WASHER PLATE,FG,FINISHED GOODS,STORE,73182200,NOS,0.25,0,0
I04033,90201-15800-00-80,,WASHER 15.2 X 24,FG,FINISHED GOODS,STORE,73182200,NOS,0.88,0,0
I04037,90201-08859,,WASHER PLAIN,FG,FINISHED GOODS,STORE,73182200,NOS,2.03,0,0
I04042,90201178D30080,,WASHER PLAIN,FG,FINISHED GOODS,STORE,73182200,NOS,3.53,0,0
I04043,90209-17285-00-80,,WASHER,FG,FINISHED GOODS,STORE,73182200,NOS,2.71,0,0
I04044,90201158140080,,WASHER PLAIN,FG,FINISHED GOODS,STORE,73182200,NOS,11.92,0,0
I04045,90201-202L3-00-80,,WASHER PLAIN,FG,FINISHED GOODS,STORE,73182200,NOS,1.11,0,0
I04046,90201-25290-00-80,,WASHER PLAIN,FG,FINISHED GOODS,STORE,73182200,NOS,197,0,0
I04048,90201081R90080,,WASHER PLAIN,FG,FINISHED GOODS,STORE,73182200,NOS,2.76,0,0
I04049,90201-14810-00-80,,WASHER PLAIN,FG,FINISHED GOODS,STORE,73182200,NOS,4.21,0,0
I04050,90209182080080,,WASHER,FG,FINISHED GOODS,STORE,73182200,NOS,2.73,0,0
I04051,93410220390080,,CIRCLIP,FG,FINISHED GOODS,STORE,73182910,NOS,2.13,0,0
I04052,90183050A60080,,NUTS SPRING,FG,FINISHED GOODS,STORE,73201019,NOS,13.14,0,0
I04053,99009-17400-00-80,,CIRCLIP (S) A17X1.0,FG,FINISHED GOODS,STORE,73182910,NOS,2.13,0,0
I04054,21C-E5674-00-00-80,,GUIDE RATCHET WHEEL,FG,FINISHED GOODS,STORE,73201019,NOS,7.66,0,0
I04056,90201-10829-00-80,,WASHER PLAIN,FG,FINISHED GOODS,STORE,73182200,NOS,2.51,0,0
I04057,90183058140080,,NUT SPRING,FG,FINISHED GOODS,STORE,73201019,NOS,4.89,0,0
I04058,4LS-F3418-10-00-80,,"WASHER, SPECIAL",FG,FINISHED GOODS,STORE,73182200,NOS,6.07,0,0
I04061,21C-E111F-00-00-80,,PLATE,FG,FINISHED GOODS,STORE,73201019,NOS,16.03,0,0
I04062,20P-F6257-00-00-80,,STOPPER,FG,FINISHED GOODS,STORE,73182200,NOS,6.12,0,0
I04063,20P-F3418-00-00-80,,WASHER SPECIAL,FG,FINISHED GOODS,STORE,73182200,NOS,6.22,0,0
I04066,99009-16400-00-80,,CIRCLIP (S),FG,FINISHED GOODS,STORE,73182910,NOS,1.67,0,0
I04069,90201-08871-00-80,,WASHER PLAIN,FG,FINISHED GOODS,STORE,73182200,NOS,1.92,0,0
I04072,93410-20823-00-80,,CIRCLIP,FG,FINISHED GOODS,STORE,73182910,NOS,2.71,0,0
I04073,93450-32837-00-80,,CIRCLIP,FG,FINISHED GOODS,STORE,73182910,NOS,3.43,0,0
I04074,90201168110080,,WASHER PLAIN,FG,FINISHED GOODS,STORE,73182200,NOS,10.13,0,0
I04075,90201-220J8-00-80,,WASHER PLAIN,FG,FINISHED GOODS,STORE,73182200,NOS,3.46,0,0
I04076,90206-14802-00-80,,WASHER PLAIN,FG,FINISHED GOODS,STORE,73182200,NOS,2.87,0,0
I04077,90201-10052-00-80,,WASHER PLAIN,FG,FINISHED GOODS,STORE,73182200,NOS,4.7,0,0
I04078,90201120200080,,WASHER PLAIN,FG,FINISHED GOODS,STORE,73182200,NOS,2.31,0,0
I04079,90208128080080,,WASHER CONICAL SPRING,FG,FINISHED GOODS,STORE,73182200,NOS,8.29,0,0
I04080,90201-12050-00-80,,WASHER PLAIN,FG,FINISHED GOODS,STORE,73182200,NOS,3.14,0,0
I04082,99009357000080,,CIRCLIP,FG,FINISHED GOODS,STORE,73182910,NOS,6.27,0,0
I04083,93410-18836-00-80,,CIRCLIP,FG,FINISHED GOODS,STORE,73182910,NOS,2.42,0,0
I04084,90208-12806-00-80,,WASHER CONICAL SPRING,FG,FINISHED GOODS,STORE,73182200,NOS,2.77,0,0
I04085,90208210020080,,WASHER CONICAL SPRING,FG,FINISHED GOODS,STORE,73182200,NOS,7.39,0,0
I04087,90201-167P7-00-80,,WASHER PLAIN,FG,FINISHED GOODS,STORE,73182200,NOS,4.82,0,0
I04089,90201128360080,,WASHER PLAIN,FG,FINISHED GOODS,STORE,73182200,NOS,14.63,0,0
I04093,90467-15804-00-80,,CLIP,FG,FINISHED GOODS,STORE,73201019,NOS,2.86,0,0
I04095,90183-05807-00-80,,NUT SPRING,FG,FINISHED GOODS,STORE,73201019,NOS,2.26,0,0
I04096,21CE6135100080,,WASHER LOCK,FG,FINISHED GOODS,STORE,73182200,NOS,7.57,0,0
I04097,90208200030080,,WASHER CONICAL SPRING,FG,FINISHED GOODS,STORE,73182200,NOS,2.19,0,0
I04098,90201-10066-00-80,,WASHER PLAIN 1.0,FG,FINISHED GOODS,STORE,73182200,NOS,4.5,0,0
I04099,2GS-E111F-00-00-80,,PLATE,FG,FINISHED GOODS,STORE,73201019,NOS,24.74,0,0
I04100,90201-22018-00-80,,WASHER PLAIN,FG,FINISHED GOODS,STORE,73182200,NOS,7.23,0,0
I04101,90183-06800-00-80,,NUT SPRING 1.0M,FG,FINISHED GOODS,STORE,73201019,NOS,6.83,0,0
I04102,90467-23802-00-80,,CLIP,FG,FINISHED GOODS,STORE,73201019,NOS,6.74,0,0
I04107,90183-050A7-00-80,,NUT SPRING,FG,FINISHED GOODS,STORE,73201019,NOS,5.22,0,0
I04109,90201-127E1-00-80,,WASHER PLAIN,FG,FINISHED GOODS,STORE,73182200,NOS,171,0,0
I04119,90201-16026-00-80,,WASHER PLAIN 2MM,FG,FINISHED GOODS,STORE,73182200,NOS,462,0,0
I04120,2LP-F5412-00-00-80,,WASHER LOCK,FG,FINISHED GOODS,STORE,73182200,NOS,8.9,0,0
I04121,90201105000080,,WASHER PLATE 1.0,FG,FINISHED GOODS,STORE,73182200,NOS,1.09,0,0
I04123,90183068180080,,NUT SPRING 1.0MM,FG,FINISHED GOODS,STORE,73201019,NOS,6.8,0,0
I04124,B44-E5532-00-00-80,,PLATE IDLER GEAR 4.0,FG,FINISHED GOODS,STORE,73201019,NOS,12.49,0,0
I04125,B44-E112F-00-00-80,,PLATE -2,FG,FINISHED GOODS,STORE,73201019,NOS,9.56,0,0
I04126,B44-E111F-00-00-80,,PLATE 1.2,FG,FINISHED GOODS,STORE,73201019,NOS,11.34,0,0
I04127,B44-E5674-00-00-80,,GUIDE RATCHET WHEEL,FG,FINISHED GOODS,STORE,73201019,NOS,542,0,0
I04129,BK7-E111F-00,,PLATE,FG,FINISHED GOODS,STORE,73201019,NOS,18.68,0,0
I04130,'B70F8379000080',,HOOK,FG,FINISHED GOODS,STORE,73201019,NOS,0,0,0
I04131,90201-06883,,WASHER PLAIN,FG,FINISHED GOODS,STORE,73182200,NOS,1.8,0,0
I04132,B44-E7471-00-00-80,,PLATE COVER,FG,FINISHED GOODS,STORE,73201019,NOS,399,0,0
I04136,90201-19802-00-80,,WASHER PLAIN,FG,FINISHED GOODS,STORE,73182200,NOS,213,0,0
I04138,90214-14067-00-80,,WASHER CLAW,FG,FINISHED GOODS,STORE,73182200,NOS,201,0,0
I04140,93440-16089-0080,,CIRCLIP,FG,FINISHED GOODS,STORE,73182910,NOS,165,0,0
I04141,'99009124000080',,CIRCLIP,FG,FINISHED GOODS,STORE,73182910,NOS,149,0,0
I04142,B97-E1533-00,,PLATE,FG,FINISHED GOODS,STORE,73201019,NOS,14.86,0,0
I04143,580NE01002,,PLATE BREATHER (B97-E1165-PO-0),FG,FINISHED GOODS,STORE,73201019,NOS,37.4,0,0
I04144,B97E1533000080,,PLATE ABSORBER,FG,FINISHED GOODS,STORE,73201019,NOS,28.46,0,0
I04145,B97E1145000080,,PLATE BREATHER 2,FG,FINISHED GOODS,STORE,73201019,NOS,18.56,0,0
I04146,B97E7558000080,,"PLATE, BRG.,",FG,FINISHED GOODS,STORE,73201019,NOS,3.47,0,0
I04147,90201-12045-00-80,,WASHER PLAIN,FG,FINISHED GOODS,STORE,73182200,NOS,3.73,0,0
I04148,B97E2116000080,,SEAT VALVE SPRING,FG,FINISHED GOODS,STORE,73182200,NOS,11.18,0,0
I04159,90215232650080,,WASHER TONGUED,FG,FINISHED GOODS,STORE,73182200,NOS,6.35,0,0
I04161,99009254000080,,CIRCLIP 23.2,FG,FINISHED GOODS,STORE,73182910,NOS,3.25,0,0
I04162,90467-090A3-00-80,,CLIP,FG,FINISHED GOODS,STORE,73201019,NOS,409,0,0
I04163,90201102R10080,,WASHER PLAIN,FG,FINISHED GOODS,STORE,73182200,NOS,6.1,0,0
I04164,90201-17810-00-80,,WASHER PLAIN,FG,FINISHED GOODS,STORE,73182200,NOS,2.14,0,0
I04166,90201150220080,,"WASHER, PLAIN",FG,FINISHED GOODS,STORE,73182200,NOS,6.53,0,0
I04167,90201162H40080,,WASHER PLAIN,FG,FINISHED GOODS,STORE,73182200,NOS,2.01,0,0
I04168,90201206850080,,WASHER PLAIN,FG,FINISHED GOODS,STORE,73182200,NOS,1.87,0,0
I04171,90201252910080,,"WASHER ,PLAIN",FG,FINISHED GOODS,STORE,73182200,NOS,4.23,0,0
I04172,90201060180080,,WASHER PLAIN 1.0MM,FG,FINISHED GOODS,STORE,73182200,NOS,1.51,0,0
I04173,90215-16293-00-80,,TG WASHER,FG,FINISHED GOODS,STORE,73182200,NOS,4.94,0,0
I04175,90215-16800-00-80,,WASHER TONGUED,FG,FINISHED GOODS,STORE,73182200,NOS,6.18,0,0
I04176,90209-22191-00-80,,WASHER 1.0MM,FG,FINISHED GOODS,STORE,73182200,NOS,3.96,0,0
I04178,93440-25084-00-80,,CIRCLIP,FG,FINISHED GOODS,STORE,73182910,NOS,4.46,0,0
I04179,90214160630080,,"WASHER ,CLAW",FG,FINISHED GOODS,STORE,73182200,NOS,14.35,0,0
I04180,90215-12272-00-80,,WASHER TONGUED,FG,FINISHED GOODS,STORE,73182200,NOS,5.02,0,0
I04181,90201105910080,,"WASHER, PLAIN",FG,FINISHED GOODS,STORE,73182200,NOS,6.16,0,0
I04182,90215-14802,,WASHER TONGUED,FG,FINISHED GOODS,STORE,73182200,NOS,3.58,0,0
I04183,580GS01202,,PLATE BREATHER BK7,FG,FINISHED GOODS,STORE,73201019,NOS,23.49,0,0
I04184,BK7-E2279-00-0080,,PLATE,FG,FINISHED GOODS,STORE,73201019,NOS,6.86,0,0
I04186,90201-08078,,WASHER PLAIN,FG,FINISHED GOODS,STORE,73182200,NOS,229,0,0
I04187,90201-173U5,,WASHER PLAIN,FG,FINISHED GOODS,STORE,73182200,NOS,2.85,0,0
I04188,BK7-F5888-00-0080,,"COVER,RESERVER TANK",FG,FINISHED GOODS,STORE,73201019,NOS,12.12,0,0
I04189,90465-20801-00-80,,CLAMP,FG,FINISHED GOODS,STORE,73201019,NOS,8.4,0,0
I04190,38B-E3327-00,,COVER GEAR,FG,FINISHED GOODS,STORE,73201019,NOS,7.13,0,0
I04191,90201-10021,,WASHER PLAIN,FG,FINISHED GOODS,STORE,73182200,NOS,7.18,0,0
I04192,90215-10803,,WASHER TONGUED,FG,FINISHED GOODS,STORE,73182200,NOS,3.21,0,0
I04193,B1P-F5414-00-00-80,,SPACER SPROCKET,FG,FINISHED GOODS,STORE,73201019,NOS,63.27,0,0
I04202,90209-10812-00-80,,WASHER,FG,FINISHED GOODS,STORE,73182200,NOS,18.31,0,0
I04204,I04204,0,SPACER 11.5MM,BOP,BOUGHT OUT,STORE,73269099,NOS,0,0,0
I04205,I04205,0,SPACER 6MM,BOP,BOUGHT OUT,STORE,73269099,NOS,0,0,0
I04206,I04206,0,M4X 25 SCREW PAN HEAD (PART NO. 98502-04025),BOP,BOUGHT OUT,STORE,73181500,NOS,0,0,0
I04207,I04207,0,SPACER 7MM,BOP,BOUGHT OUT,STORE,73269099,NOS,0,0,0
I04208,90201-22793,,WASHER PLAIN,FG,FINISHED GOODS,STORE,73182200,NOS,2.34,0,0
I04209,90214100060080,,"WASHER, CLAW",FG,FINISHED GOODS,STORE,73182200,NOS,5.27,0,0
I04210,90331080010080,,"PLUG,3",FG,FINISHED GOODS,STORE,73201019,NOS,2.74,0,0
I04219,I04219,0,SPACER -8MM,BOP,BOUGHT OUT,STORE,73269099,NOS,0,0,0
I04221,1GC-E5484-00-00-80,,CLAMP,FG,FINISHED GOODS,STORE,73201019,NOS,10.64,0,0
I04222,90450-44803-00-80,,HOSE CLAMP ASSY.,FG,FINISHED GOODS,STORE,73201019,NOS,15.35,0,0
I04227,B7JE111F000080,,PLATE,FG,FINISHED GOODS,STORE,73201019,NOS,7.98,0,0
I04231,90467138000080,,CLIP-(HOSE CLAMP),FG,FINISHED GOODS,STORE,73182910,NOS,4.47,0,0
I04232,B7JE112F000080,,PLATE 2,FG,FINISHED GOODS,STORE,73182200,NOS,4.76,0,0
I04233,90183030100080,,NUT SPRING,FG,FINISHED GOODS,STORE,73201019,NOS,2.11,0,0
I04234,90467-10008,,CLIP WIRE,FG,FINISHED GOODS,STORE,73201019,NOS,1.04,0,0
I04235,99002096000080,,CIRCLIP,FG,FINISHED GOODS,STORE,73182910,NOS,1.4,0,0
I04237,90450398060080,,HOSE CLAMP,FG,FINISHED GOODS,STORE,73201019,NOS,11.55,0,0
I04238,I04238,0,M4X 25 SCREW PAN HEAD (PART NO. 98507-04025),BOP,BOUGHT OUT,STORE,73181500,NOS,0,0,0
I04241,90201168180080,,"WASHER,PLAIN",FG,FINISHED GOODS,STORE,73182200,NOS,3.61,0,0
I04243,90450558050080,,HOSE CLAMP,FG,FINISHED GOODS,STORE,73201019,NOS,15.11,0,0
I04244,90201-22793,,PLUG TIGHT 90331-09001,FG,FINISHED GOODS,STORE,73201019,NOS,4.15,0,0
I04247,90467-17803-00-80,,CLIP,FG,FINISHED GOODS,STORE,73182910,NOS,4.58,0,0
I04248,90201158470080,,WAHSER PLAIN,FG,FINISHED GOODS,STORE,73201019,NOS,1.75,0,0
I04249,92907106000080,,"WASHER, PLAIN",FG,FINISHED GOODS,STORE,73182200,NOS,2.08,0,0
I04253,90183040390080,,NUT SPRING,FG,FINISHED GOODS,STORE,73201019,NOS,7.43,0,0
I04254,NRNDYMCP000221,,NUT SPRING,FG,FINISHED GOODS,STORE,73201019,NOS,2.19,0,0
I04255,90183068150080,,"NUT,SPRG.",FG,FINISHED GOODS,STORE,73201019,NOS,2.09,0,0
I04256,BCWF7437000080,,WASHER SPECIAL,FG,FINISHED GOODS,STORE,73182200,NOS,6.3,0,0
I04257,BFWF5414000080,,"SPACER,SPROCKET",FG,FINISHED GOODS,STORE,73201019,NOS,80.47,0,0
I04258,BO01609605,,NUT SPRING 90183-05076,FG,FINISHED GOODS,STORE,73201019,NOS,9.9,0,0
I04259,BLVE2279000080,,PLATE,FG,FINISHED GOODS,STORE,73201019,NOS,8.86,0,0
I04260,BLVE113F000080,,PLATE-3,FG,FINISHED GOODS,STORE,73201019,NOS,8.5,0,0
I04262,90201168190080,,WASHER PLAIN,FG,FINISHED GOODS,STORE,73182200,NOS,13.47,0,0
I04263,BLV-E111F-00,,PLATE,FG,FINISHED GOODS,STORE,73201019,NOS,0,0,0
I04265,90215168040080,,"WASHER ,TONGUED",FG,FINISHED GOODS,STORE,73182200,NOS,5.79,0,0
I04266,90201-10843,,"WASHER,PLAIN",FG,FINISHED GOODS,STORE,73182200,NOS,2.42,0,0
I04267,90201108490080,,"WASHER,PLAIN",FG,FINISHED GOODS,STORE,73182200,NOS,7.45,0,0
I04268,90201148240080,,"WASHER,PLAIN",FG,FINISHED GOODS,STORE,73182200,NOS,17,0,0
I04269,90215148030080,,"WASHER,TONGUED",FG,FINISHED GOODS,STORE,73182200,NOS,5.1,0,0
I04270,90215188000080,,"WASHER,TONGUED",FG,FINISHED GOODS,STORE,73182200,NOS,6.33,0,0
I04271,90201220130080,,"WASHER,PLAIN",FG,FINISHED GOODS,STORE,73182200,NOS,17.83,0,0
I04273,90201080140080,,WASHER PLAIN,FG,FINISHED GOODS,STORE,73182200,NOS,3.7,0,0
I04279,BTAE7471000080,,LOCATING PIN,FG,FINISHED GOODS,STORE,123,NOS,0,0,0
I15001,3020068,,PIN 3X14,FG,FINISHED GOODS,STORE,73201019,NOS,0.63,0,0
I15002,3020067,,PIN,FG,FINISHED GOODS,STORE,73201019,NOS,0,0,0
I15003,3000389,,PIN 3 X 28,FG,FINISHED GOODS,STORE,73201019,NOS,0,0,0
I15005,3000745,,HAR.STAR WA.(WHITE FINISH) 5.3 X 9.0,FG,FINISHED GOODS,STORE,73182200,NOS,0,0,0
I15008,3000261(C981),,HAR.STAR WA.(WHITE FINISH) 5.3 X 9.0,FG,FINISHED GOODS,STORE,73182200,NOS,0,0,0
I15009,3000664,,WASHR BJ4,FG,FINISHED GOODS,STORE,73182200,NOS,2.52,0,0
I15012,3000394,,PIN SPRING 3X16,FG,FINISHED GOODS,STORE,73201019,NOS,0,0,0
I15013,3000395,,PIN SPRING 3X20,FG,FINISHED GOODS,STORE,73201019,NOS,0,0,0
INST00001,TR DVC-13,,DIAL VERNIER,Instrument,INSTRUMENT,STORE,14040000,NOS,0,1,0
INST2,TR DVC-13,,DIAL VERINER,Instrument,INSTRUMENT,STORE,14040000,Select,0,1,0
J06003,R11070083001,,SHELL,FG,FINISHED GOODS,STORE,73201019,NOS,240,0,0
K12001,451004,,INT. CIRCLIP B38X1.5,FG,FINISHED GOODS,STORE,73182910,NOS,2.07,0,0
K12004,450944,,RETAINING RING,FG,FINISHED GOODS,STORE,73201019,NOS,0.6,0,0
K12009,469126,,LOCK WASHER 10,FG,FINISHED GOODS,STORE,73182200,NOS,0.63,0,0
K19001,87295-73R00,,NUT PUSH,FG,FINISHED GOODS,STORE,73201019,NOS,1.42,0,0
L13001,26245554,,E CLIP,FG,FINISHED GOODS,STORE,73182910,NOS,3.76,0,0
L13002,L13002,0,CIRCLIP A 9 X 1,BOP,BOUGHT OUT,STORE,73182910,NOS,0,0,0
L13005,26245797,,E CLIP 15 X 2,FG,FINISHED GOODS,STORE,73182910,NOS,4.16,0,0
L13006,26717406,,BALL BEARING RET.,FG,FINISHED GOODS,STORE,73182200,NOS,2.38,0,0
L13007,26717551,,BELLEVILLE SPRING,FG,FINISHED GOODS,STORE,73182200,NOS,1.45,0,0
L13011,26242325,,E-CLIP,FG,FINISHED GOODS,STORE,73182910,NOS,4,0,0
L13014,26717196,,CUP WASHER,FG,FINISHED GOODS,STORE,73182200,NOS,4.19,0,0
L13015,26143803,,PRESS.PAD,FG,FINISHED GOODS,STORE,73182200,NOS,2.09,0,0
L13016,26711587,,JUMP RING,FG,FINISHED GOODS,STORE,73182910,NOS,0.94,0,0
L13017,26140820,,PRESSURE PAD,FG,FINISHED GOODS,STORE,73182200,NOS,1.13,0,0
L13019,26716858,,RETAINER 0.3,FG,FINISHED GOODS,STORE,73182200,NOS,1.49,0,0
L13020,26710797,,RETAINER PLATE,FG,FINISHED GOODS,STORE,73182200,NOS,2.07,0,0
L13021,26246550,,E CLIP,FG,FINISHED GOODS,STORE,73182910,NOS,4.04,0,0
L13023,26143820,,PRESSURE PAD,FG,FINISHED GOODS,STORE,73182200,NOS,1.35,0,0
L13024,26256775,,CIRCLIP A 12 X 1,FG,FINISHED GOODS,STORE,73182910,NOS,0.7,0,0
L13025,26143831,,E CLIP C10X1.2,FG,FINISHED GOODS,STORE,73201019,NOS,0.96,0,0
L13026,26143830,,E CLIP 9 X 1.1,FG,FINISHED GOODS,STORE,73182910,NOS,1.03,0,0
L13027,26143829,,PRESSURE PAD 0.5 MM,FG,FINISHED GOODS,STORE,73182200,NOS,1.69,0,0
L13028,26246553,,THRUST WASHER,FG,FINISHED GOODS,STORE,73182200,NOS,5.18,0,0
L13031,26254428,,SNAP RING,FG,FINISHED GOODS,STORE,73201019,NOS,0.83,0,0
L13035,26247047,,CIRCLPI A14X1.0,FG,FINISHED GOODS,STORE,73182910,NOS,0.82,0,0
L13036,26719654UF,,JUMP RING 1.2,FG,FINISHED GOODS,STORE,73182910,NOS,1.58,0,0
L13039,26248787,,E CLIP 17X2,FG,FINISHED GOODS,STORE,73182910,NOS,0,0,0
L13041,26241246,,THRUST WASHER 1.0,FG,FINISHED GOODS,STORE,73182910,NOS,0,0,0
L13042,26241247,,THRUST WASHER 1.0,FG,FINISHED GOODS,STORE,73182910,NOS,0,0,0
L13044,26716873,,RETAINER PLATE,FG,FINISHED GOODS,STORE,73182200,NOS,1.84,0,0
L13045,26257392,,SNAP RING 1.2,FG,FINISHED GOODS,STORE,73182910,NOS,2.15,0,0
L13051,26718019uf,,CIRCLIP 12X1.0,FG,FINISHED GOODS,STORE,73182910,NOS,0.98,0,0
L13053,26143802,,E CLIP 1.3 MM,FG,FINISHED GOODS,STORE,73182910,NOS,1.42,0,0
L13062,26718067,,CIRCLIP A10 X 1.0MM,FG,FINISHED GOODS,STORE,73182910,NOS,1.2,0,0
L13064,26142800,,CIRCLIP 19 X1.0,FG,FINISHED GOODS,STORE,73182910,NOS,1.24,0,0
L13066,26143882,,PRESSURE PAD,FG,FINISHED GOODS,STORE,73201019,NOS,2.34,0,0
L13067,26143883,,PRESSURE PAD 0.5,FG,FINISHED GOODS,STORE,73182200,NOS,1.52,0,0
L13069,26718084,,SLIPRING FOR GEAR WHEEL,FG,FINISHED GOODS,STORE,73182910,NOS,0,0,0
L13074,26713390,,BEARING RETAINER,FG,FINISHED GOODS,STORE,73182200,NOS,1.76,0,0
L13075,26213844,,DE INSERT,FG,FINISHED GOODS,STORE,73201019,NOS,0.87,0,0
l13076,26211884,,D E BRACKET INSERT,FG,FINISHED GOODS,STORE,73182910,NOS,0,0,0
L13077,9030-321,,INSERT,FG,FINISHED GOODS,STORE,73182910,NOS,0,0,0
L13078,54140055,,PRESSURE PADD,FG,FINISHED GOODS,STORE,73182200,NOS,0.4,0,0
L13079,26713273,,JUMP RING M04,FG,FINISHED GOODS,STORE,73182910,NOS,0.75,0,0
L13080,26710029,,CIRCLIP 0.5,FG,FINISHED GOODS,STORE,73182910,NOS,0.46,0,0
L13081,137290,,WASHER,FG,FINISHED GOODS,STORE,73182200,NOS,0.25,0,0
L13082,26714045,,PRESSURE PAD,FG,FINISHED GOODS,STORE,73182200,NOS,0.6,0,0
L13088,26752195,,MAGNET RETAINING CLIP,FG,FINISHED GOODS,STORE,73201019,NOS,2.7,0,0
L13091,26752196,,BEARING RETAINING PLATE,FG,FINISHED GOODS,STORE,73201019,NOS,2.45,0,0
L13092,26752197,,BUSH RETAINING SPRING,FG,FINISHED GOODS,STORE,73201019,NOS,4.4,0,0
L13095,26752366,,WAVE WASHER,FG,FINISHED GOODS,STORE,73182200,NOS,1.17,0,0
L13096,26717936,,GRIP RING 8MM CIRCLIP,FG,FINISHED GOODS,STORE,73182910,NOS,0,0,0
L13101,26724281,,PLAIN WASHER,FG,FINISHED GOODS,STORE,73182200,NOS,3.9,0,0
L13102,26724532,,JUMPRING,FG,FINISHED GOODS,STORE,73182200,NOS,1.6,0,0
L13103,26724534,,SPINDLE WASHER,FG,FINISHED GOODS,STORE,73182200,NOS,1.75,0,0
L13107,26263654A,,CIRCLIP,FG,FINISHED GOODS,STORE,73182910,NOS,0,0,0
L13111,26727756,,WAVE WASHER,FG,FINISHED GOODS,STORE,73182200,NOS,1.25,0,0
L13112,L13112,0,SPRING WASHER 26246193,BOP,BOUGHT OUT,STORE,73182200,NOS,0,0,0
L13113,L13113,0,SPRING WASHER 26140343,BOP,BOUGHT OUT,STORE,73182200,NOS,0,0,0
L13116,L13116,0,M6 SPRINKLER WASHER,BOP,BOUGHT OUT,STORE,0,NOS,0,0,0
L16001,3000001738,,WAVED SPRING WASHER,FG,FINISHED GOODS,STORE,73182200,NOS,1.2,0,0
LJW-F0,F01040,,INT. CIRCLIP B 28 X 1.20,FG,FINISHED GOODS,STORE,73182910,NOS,0,0,0
M05005,102-02-0000153,,WASHER CLUTCH PLATE WAVE(21472-41K00),FG,FINISHED GOODS,STORE,73182200,NOS,0,0,0
M05006,102-02-0000154,,Judder Spring,FG,FINISHED GOODS,STORE,73182200,NOS,0,0,0
M05007,102-02-0000164,,SPRING JUDDER 612 (1.1 mm) KW7 (22402-KW7-9000),FG,FINISHED GOODS,STORE,73182200,NOS,0,0,0
M05008,102-02-0000150,,SEAT JUDDER UG4,FG,FINISHED GOODS,STORE,73182200,NOS,0,0,0
M22002,COASYPURU00003,,UG 3 JUDDER SEAT_M22002,FG,FINISHED GOODS,STORE,73201019,NOS,34.41,0,0
M22003,COASYPURU00004,,UG 3 JUDDER SPRING_M22003,FG,FINISHED GOODS,STORE,73201019,NOS,44.32,0,0
M22004,102-02-0000151,,SEAT JUDDER RING UG4,FG,FINISHED GOODS,STORE,73182200,NOS,27.55,0,0
M22008,9002139B030,,SEAT JUDDER RING (PULSAR 135/DISC 150CC),FG,FINISHED GOODS,STORE,73182200,NOS,23.94,0,0
M22009,9003105B026,,BEVEL SPRING CNC 3W,FG,FINISHED GOODS,STORE,73182200,NOS,4.67,0,0
M22010,9003105B029,,BEVEL WASHER FOR CNG 3W,FG,FINISHED GOODS,STORE,73182200,NOS,4.45,0,0
M23001,BB49200900C,,KEY,FG,FINISHED GOODS,STORE,73182910,NOS,6.84,0,0
M23004,GZ511A1400,,SNAP RING,FG,FINISHED GOODS,STORE,73182910,NOS,1.85,0,0
M23006,GM951A1500,,Snap Ring,FG,FINISHED GOODS,STORE,73182910,NOS,1.93,0,0
M23011,GM41933300,,SNAP RING,FG,FINISHED GOODS,STORE,73182910,NOS,6.35,0,0
M23012,GM41933400,,SNAP RING,FG,FINISHED GOODS,STORE,73182910,NOS,5.24,0,0
M23018,GU95200100,,E-Ring,FG,FINISHED GOODS,STORE,73182910,NOS,1.08,0,0
M23026,GP27602700,,CLIP.GB.HZFC-GCR3 +CHROME,FG,FINISHED GOODS,STORE,73182910,NOS,2.51,0,0
M23027,GP27602500,,CLIP.IB.HZFC-GCR3 +CHROME,FG,FINISHED GOODS,STORE,73182910,NOS,2.72,0,0
M23033,GZ27151500,,PLANE WASHER B515 FORD,FG,FINISHED GOODS,STORE,73182200,NOS,1.03,0,0
M23036,GZ451A1200,,LEAF SPRING,FG,FINISHED GOODS,STORE,73201019,NOS,5.76,0,0
M23040,BB49201000 (M23040),,KEY YL8(BAS)SK5,FG,FINISHED GOODS,STORE,73182910,NOS,7.76,0,0
M23045,GZ451X1040,,LEAF SPRING.X104 TATA,FG,FINISHED GOODS,STORE,73201019,NOS,8.58,0,0
M23046,GP27602900,,CLIP,FG,FINISHED GOODS,STORE,73182910,NOS,3.25,0,0
M24002,9903908001,,spring v square rotor ecp28c,FG,FINISHED GOODS,STORE,73201019,NOS,17.61,0,0
M24003,9903908002,,spring v square rotor ecp32 c,FG,FINISHED GOODS,STORE,73201019,NOS,28.02,0,0
M24004,9903908003,,SPRING V-SQUARE ROTOR ECP34 C,FG,FINISHED GOODS,STORE,73201019,NOS,42.82,0,0
M25001,MBPL050006,,2GS PLUG TIGHT 90331-08001,FG,FINISHED GOODS,STORE,73201019,NOS,2.77,0,0
M25002,MBPL060036,,2GS WASHER PLAIN 90201-22793,FG,FINISHED GOODS,STORE,73182200,NOS,3.05,0,0
M25003,MBPL070010,,2GS CIRCLIP 93440-22039,FG,FINISHED GOODS,STORE,73182910,NOS,2.3,0,0
M25004,MBPL060037,,2GS WASHER 90209-18028,FG,FINISHED GOODS,STORE,73182200,NOS,2.91,0,0
M25005,MBPL060038,,2GS WASHER PLAIN 90201-178D3,FG,FINISHED GOODS,STORE,73182200,NOS,3.26,0,0
M25006,MBPL060039,,2GS WASHER 90209-17285,FG,FINISHED GOODS,STORE,73182200,NOS,2.84,0,0
M25007,MBPL070011,,2GS CIRCLIP 93410-20809,FG,FINISHED GOODS,STORE,73182910,NOS,2.17,0,0
M25008,MBPL050008,,BCG250-PLUGTIGHT 90331-09001,FG,FINISHED GOODS,STORE,73201019,NOS,4.25,0,0
M25009,MBPL060077,,BCG250-WASHER 90209-22191,FG,FINISHED GOODS,STORE,73182200,NOS,4.91,0,0
M25010,MBPL070020,,BCG250-CIRCLIP 9340-25084,FG,FINISHED GOODS,STORE,73182910,NOS,3.55,0,0
M25011,MBPL070021,,BCG250-CIRCLIP 93410-17037,FG,FINISHED GOODS,STORE,73182910,NOS,2.31,0,0
M26001,M26001(SPR0016),,CLIP,FG,FINISHED GOODS,STORE,73201019,NOS,0,0,0
M26002,M26002(I04231),,HOSE CLAMP,FG,FINISHED GOODS,STORE,73182910,NOS,5.1,0,0
M27001,2000003691,,CLIP NUT M5 SCREW 949190-05000,FG,FINISHED GOODS,STORE,73201019,NOS,5.25,0,0
M27002,2000003707,,COLLAR 63401-BA2-10,FG,FINISHED GOODS,STORE,73201019,NOS,7,0,0
MC0001-PP,PP / P.S. / P01,,M/BNX-60/SR10030/7/2011 - PRESS 60 TONS ( BANSAL ),Asset,Pneumatic,MAIN PRESS -A (MAIN SITE ),0,NOS,0,0,0
MC0002-PP,PP / P.S. / P02,,M/BNX-60/SR/0517/2/2019 - PRESS 60 TONS ( BANSAL ),Asset,Pneumatic,MAIN PRESS -A (MAIN SITE ),0,NOS,0,0,0
MC0003-PP,PP / P.S. / P03,,M/BNX-45/SR/0018/5/2011 - PRESS 45 TONS ( BANSAL),Asset,Pneumatic,MAIN PRESS -A (MAIN SITE ),0,NOS,0,0,0
MC0004-PP,PP / P.S. / P04,,M/SX-32/SR/7472/05/2008 - PRESS 32 TONS ( SEW),Asset,Pneumatic,MAIN PRESS -A (MAIN SITE ),0,NOS,0,0,0
MC0005-PP,PP / P.S. / P05,,M/SX-40/SR/76/78109/2009 - PRESS 40 TONS ( SEW ),Asset,Pneumatic,MAIN PRESS -A (MAIN SITE ),0,NOS,0,0,0
MC0006-PP,PP / P.S. / P06,,M/SX-40/SR/7677/109/2009 - PRESS 40 TONS ( SEW ),Asset,Pneumatic,MAIN PRESS -A (MAIN SITE ),0,NOS,0,0,0
MC0007-PP,PP / P.S. / P08,,M/BNX-110/SR/0032/8/2011 - PRESS 110 TONS ( BANSAL ),Asset,Pneumatic,MAIN PRESS -A (MAIN SITE ),0,NOS,0,0,0
MC0008-PP,PP / P.S. / P09,,M/BNX-60/0050/11/2011 - PRESS 60 TONS ( BANSAL ),Asset,Pneumatic,MAIN PRESS -A (MAIN SITE ),0,NOS,0,0,0
MC0009-PP,PP / P.S. / P10,,M/BNX-60/SR/0477/10/2018 - PRESS 60 TONS ( BANSAL ),Asset,Pneumatic,MAIN PRESS -A (MAIN SITE ),0,NOS,0,0,0
MC0010-BJS,PP / P.S. / P 02,,M/SNX-160/SR/9147/03/2015 - PRESS 160 TONS (SEW),Asset,Pneumatic,PRESS SHOP - B (EMANS - 5),0,NOS,0,0,0
MC0011-BJS,PP / P.S. / P 03,,M/SNX-160/SR/11793/02/222 - PRESS 160 TONS (SEW),Asset,Pneumatic,PRESS SHOP - B (EMANS - 5),0,NOS,0,0,0
MC0012-BJS,PP / P.S. / P 04,,M/SNX-160/SR/11868/03/2022 - PRESS 160 TONS (SEW),Asset,Pneumatic,PRESS SHOP - B (EMANS - 5),0,NOS,0,0,0
MC0013-BJS,PP / P.S. / P 05,,M0DEL/GX-63-SR N0-SM602 - PRESS 63 TONS ( ISGEC RHINO),Asset,Mechanical,PRESS SHOP - B (EMANS - 5),0,NOS,0,0,0
MC0014-BJS,PP / P.S. / P 06,,M/BBNX60/SR/0487/11/2018 - PRESS 60 TONS (BANSAL),Asset,Pneumatic,PRESS SHOP - B (EMANS - 5),0,NOS,0,0,0
MC0015-BJS,PP / P.S. / P 07,,PRESS 150 TON (KAWA),Asset,Mechanical,PRESS SHOP - B (EMANS - 5),0,NOS,0,0,0
MC0016-BJS,PP / P.S. / P 08,,M/BNX/SR/0518/2/2019 - PRESS 80 TON (BANSAL),Asset,Pneumatic,PRESS SHOP - B (EMANS - 5),0,NOS,0,0,0
MC0017-BJS,PP / P.S. / P 09 N,,PRESS 150 TONS (HYDROLIC),Asset,Hydrolic,PRESS SHOP - B (EMANS - 5),0,NOS,0,0,0
MC0018-BJS,PP / P.S. / P 10,,SR/243219 - PRESS 80TONS (DIGVIJAY),Asset,Mechanical,PRESS SHOP - B (EMANS - 5),0,NOS,0,0,0
MC0019-BLS,PP / P.S. / P 01,,MFG-6.6.19 - PRESS 65 TONS (DIGVIJAY),Asset,Mechanical,PRESS SHOP - D (EMANS - 6),0,NOS,0,0,0
MC0020-BLS,PP / P.S. / P 02,,MFG-6.6.19 - PRESS 65 TONS (DIGVIJAY),Asset,Mechanical,PRESS SHOP - D (EMANS - 6),0,NOS,0,0,0
MC0021-BLS,PP / P.S. / P 03,,MGF-243-219 - PRESS 80TONS (DIGVIJAY),Asset,Mechanical,PRESS SHOP - D (EMANS - 6),0,NOS,0,0,0
MC0022-BLS,PP / P.S. / P 04,,_ - PRESS 80TONS (DIGVIJAY),Asset,Mechanical,PRESS SHOP - D (EMANS - 6),0,NOS,0,0,0
MC0023-BLS,PP / P.S. / P 05,,MFG-07-2017 - PRESS 75 TONS (SHAILESH),Asset,Mechanical,PRESS SHOP - D (EMANS - 6),0,NOS,0,0,0
MC0024-BLS,PP / P.S. / P 06,,_ - PRESS 30 TONS (JAYANT),Asset,Mechanical,PRESS SHOP - D (EMANS - 6),0,NOS,0,0,0
MC0025-BLS,PP / P.S. / P 07,,_ - PRESS 30 TONS (DIGVIJAY),Asset,Mechanical,PRESS SHOP - D (EMANS - 6),0,NOS,0,0,0
MC0026-BLS,PP / P.S. / P 08,,MFG-07-2018 - PRESS 50 TONS (SHAILESH),Asset,Mechanical,PRESS SHOP - D (EMANS - 6),0,NOS,0,0,0
MC0027-BLS,PP / P.S. / P 09,,MFG-6.6.19 - PRESS 10 TONS ( (DIGVIJAY),Asset,Mechanical,PRESS SHOP - D (EMANS - 6),0,NOS,0,0,0
MC0028-BLS,PP / P.S. / P 10,,_ - PRESS 10 TONS ( (JAYANT),Asset,Mechanical,PRESS SHOP - D (EMANS - 6),0,NOS,0,0,0
MC0029-NVS,PP / ZF / P 01,,MFG-07-2018 - PRESS 30 TON (SHAILESH),Asset,Mechanical,PRESS SHOP - E --ZF,0,NOS,0,0,0
MC0030-NVS,PP / ZF / P 02,,MFG-07-2017 - PRESS 50 TON (SHAILESH),Asset,Mechanical,PRESS SHOP - E --ZF,0,NOS,0,0,0
MC0031-NVS,PP / ZF / P 03,,MFG-09-2018 - PRESS 30 TON (SHAILESH),Asset,Mechanical,PRESS SHOP - E --ZF,0,NOS,0,0,0
MC0032-NVS,PP / ZF / P 04,,PRESS 30 TON (JAYANT),Asset,Mechanical,PRESS SHOP - E --ZF,0,NOS,0,0,0
MC0033-NVS,PP / ZF / P 05,,PRESS 30 TON (NIRAV),Asset,Mechanical,PRESS SHOP - E --ZF,0,NOS,0,0,0
MC0034-NVS,PP / ZF / P 06,,PRESS 75 TON (NIRAV),Asset,Pneumatic,PRESS SHOP - E --ZF,0,NOS,0,0,0
MC0035-NVS,PP / ZF / P 07,,MFG-7/5/21 - PRESS 80 TON (DIGVIJAY),Asset,Mechanical,PRESS SHOP - E --ZF,0,NOS,0,0,0
MC0036-NVS,PP / ZF / P 08,,PRESS 20 TON (DIGVIJAY),Asset,Mechanical,PRESS SHOP - E --ZF,0,NOS,0,0,0
MC0037-NVS,PP / ZF / P 09,,PRESS 50 TON (NIRAV),Asset,Mechanical,PRESS SHOP - E --ZF,0,NOS,0,0,0
MC0038-NVS,PP / ZF / P 10,,PRESS 75 TON (NIRAV),Asset,Pneumatic,PRESS SHOP - E --ZF,0,NOS,0,0,0
MC0039-NVS,PP / ZF / P 11,,MFG-7/5/21 - PRESS 80 TON (DIGVIJAY),Asset,Mechanical,PRESS SHOP - E --ZF,0,NOS,0,0,0
MC0040-NVS,PP / ZF / P 12,,PRESS 80 TON (NIRAV),Asset,Mechanical,PRESS SHOP - E --ZF,0,NOS,0,0,0
MC0041-NVS,PP / ZF / P 13,,M/LX/0650-N-403-10D/SR/2502208 - PRESS 30 TON HYDRAULIC (OMKAR),Asset,Hydraulic,PRESS SHOP - E --ZF,0,NOS,0,0,0
MC0042-NVS,PP / ZF / P 14,,M/LX/0640-403-10D/SR/2505327 - PRESS 30 TON HYDRAULIC (OMKAR),Asset,Hydraulic,PRESS SHOP - E --ZF,0,NOS,0,0,0
MC0043-NVS,PP / ZF / P 15,,LX/1620-N-403-10P/SR/2502190 - PRESS 50 TON HYDRAULIC (OMKAR),Asset,Hydraulic,PRESS SHOP - E --ZF,0,NOS,0,0,0
MC0044-NVS,PP / ZF / P 16,,LX/1620-N-403-10P/SR/2412202 - PRESS 50 TON HYDRAULIC (OMKAR),Asset,Hydraulic,PRESS SHOP - E --ZF,0,NOS,0,0,0
MC0045-NVS,PP / ZF / P 17,,LX/1620-N-403-10P/SR/2505327 - PRESS 50 TON HYDRAULIC (OMKAR),Asset,Hydraulic,PRESS SHOP - E --ZF,0,NOS,0,0,0
MC0046-NVS,PP / ZF / P 18,,LX/1620-N-403-10P/SR/2505345 - PRESS 30 TON HYDRAULIC(OMKAR),Asset,Hydraulic,PRESS SHOP - E --ZF,0,NOS,0,0,0
MC0047-NVS,PP / ZF / P 19,,LX/0650-403-10P/D/2505348 - PRESS 250 TON HYDRAULIC(OMKAR),Asset,Hydraulic,PRESS SHOP - E --ZF,0,NOS,0,0,0
MC0048-NVS,PP / ZF / P 20,,PRESS 65 TON HYDROLIC (ANCHOR),Asset,Hydraulic,PRESS SHOP - E --ZF,0,NOS,0,0,0
MC0049-NVS,PP / ZF2 / P 01 N,,11181 - PRESS 05 TON HYDRAULIC (OMKAR),Asset,Hydraulic,PRESS SHOP - E --ZF-2,0,NOS,0,0,0
MC0050-NVS,PP / ZF2 / P 02 N,,11182 - PRESS 05 TON HYDRAULIC (OMKAR),Asset,Hydraulic,PRESS SHOP - E --ZF-2,0,NOS,0,0,0
MC0051-NVS,PP / ZF2 / P 03 N,,11189 - PRESS 05 TON HYDRAULIC (OMKAR),Asset,Hydraulic,PRESS SHOP - E --ZF-2,0,NOS,0,0,0
MC0052-NVS,PP / ZF2 / P 04 N,,11188 - PRESS 05 TON HYDRAULIC (OMKAR),Asset,Hydraulic,PRESS SHOP - E --ZF-2,0,NOS,0,0,0
MC0053-NVS,PP / ZF2 / P 05,,MFG -7-5-21 - PRESS 05 TONS (DIGVIJAY),Asset,Mechanical,PRESS SHOP - E --ZF-2,0,NOS,0,0,0
MC0054-NVS,PP / ZF2 / P 06,,MFG -7-5-21 - PRESS 05 TONS (DIGVIJAY),Asset,Mechanical,PRESS SHOP - E --ZF-2,0,NOS,0,0,0
MC0055-NVS,PP / ZF2 / P 07,,MFG -15-6-21 - PRESS 05 TONS (DIGVIJAY),Asset,Mechanical,PRESS SHOP - E --ZF-2,0,NOS,0,0,0
MC0056-NVS,PP / ZF2 / P 08,,MFG -15-6-21 - PRESS 05 TONS (DIGVIJAY),Asset,Mechanical,PRESS SHOP - E --ZF-2,0,NOS,0,0,0
MC0057-NVS,PP / ZF2 / P 09,,MFG -15-6-21 - PRESS 05 TONS (DIGVIJAY),Asset,Mechanical,PRESS SHOP - E --ZF-2,0,NOS,0,0,0
MC0058-NVS,PP / ZF2 / P 10,,MFG -15-6-21 - PRESS 05 TONS (DIGVIJAY),Asset,Mechanical,PRESS SHOP - E --ZF-2,0,NOS,0,0,0
MC0059-NVS,PP / ZF2/ P 11 N,,11185 - PRESS 05 TON HYDRAULIC (OMKAR),Asset,Hydraulic,PRESS SHOP - E --ZF-2,0,NOS,0,0,0
MC0060-NVS,PP / ZF2 / P 12 N,,11186 - PRESS 05 TON HYDRAULIC (OMKAR),Asset,Hydraulic,PRESS SHOP - E --ZF-2,0,NOS,0,0,0
MC0061-NVS,PP / ZF2 / P 13 N,,11175 - PRESS 05 TON HYDRAULIC (OMKAR),Asset,Hydraulic,PRESS SHOP - E --ZF-2,0,NOS,0,0,0
MC0062-NVS,PP / ZF2 / P 14 N,,11187 - PRESS 05 TON HYDRAULIC (OMKAR),Asset,Hydraulic,PRESS SHOP - E --ZF-2,0,NOS,0,0,0
MC0063-NVS,PP / ZF2 / P 15 N,,11184 - PRESS 05 TON HYDRAULIC (OMKAR),Asset,Hydraulic,PRESS SHOP - E --ZF-2,0,NOS,0,0,0
MC0064-NVS,PP / ZF2 / P 16 N,,11183 - PRESS 05 TON HYDRAULIC (OMKAR),Asset,Hydraulic,PRESS SHOP - E --ZF-2,0,NOS,0,0,0
MC0065-NVS,PP / ZF2 / P 17 N,,11172 - PRESS 05 TON HYDRAULIC (OMKAR),Asset,Hydraulic,PRESS SHOP - E --ZF-2,0,NOS,0,0,0
MC0066-NVS,PP / ZF2 / P 18 N,,PRESS 05 TON HYDRAULIC (OMKAR),Asset,Hydraulic,PRESS SHOP - E --ZF-2,0,NOS,0,0,0
MC0067-KS,PP/CL 02/P01,,PRESS 110 TON ( BANSAL),Asset,Pneumatic,PRESS SHOP - G - SECTION (EMANS -9),0,NOS,0,0,0
MC0068-KS,PP/CL 02/P02,,PRESS 45 TON (SEW),Asset,Pneumatic,PRESS SHOP - G - SECTION (EMANS -9),0,NOS,0,0,0
MC0069-KS,PP/CL 02/P03,,BNX /-45-SR -2003/12/2010 - PRESS 45 TON ( BANSAL ),Asset,Pneumatic,PRESS SHOP - G - SECTION (EMANS -9),0,NOS,0,0,0
MC0070-KS,PP/CL 02/P04,,BNX /SR -0058 / 12/2011 - PRESS 45 TON (BANSAL ),Asset,Pneumatic,PRESS SHOP - G - SECTION (EMANS -9),0,NOS,0,0,0
MC0071-KS,PP/CL 02/P05,,BNX-60-SR-0002/12/2010 - PRESS 60 TON ( BANSAL ),Asset,Pneumatic,PRESS SHOP - G - SECTION (EMANS -9),0,NOS,0,0,0
MC0072-KS,PP/CL 02/P06,,SR-0291/3/2016 - PRESS 45 TON ( BANSAL),Asset,Pneumatic,PRESS SHOP - G - SECTION (EMANS -9),0,NOS,0,0,0
MC0073-KS,PP/CL 02/P07,,SR -0021/6/2011 - PRESS 60 TON ( BANSAL ),Asset,Pneumatic,PRESS SHOP - G - SECTION (EMANS -9),0,NOS,0,0,0
MC0074-KS,PP/CL 02/P08,,SR-030516/2016 - PRESS 45 TON ( BANSAL ),Asset,Pneumatic,PRESS SHOP - G - SECTION (EMANS -9),0,NOS,0,0,0
MC0075-KS,PP/CL 02/P09,,SR/0524/03/2019 - PRESS 45 TON (BANSAL),Asset,Pneumatic,PRESS SHOP - G - SECTION (EMANS -9),0,NOS,0,0,0
MC0076-KS,PP/CL 02/P10,,SR/0486/11/2018 - PRESS 45 TON (BANSAL),Asset,Pneumatic,PRESS SHOP - G - SECTION (EMANS -9),0,NOS,0,0,0
MC0077-KS,PP/CL 02/P11,,SR/0045/9/2011 - PRESS 45 TON ( BANSAL ),Asset,Pneumatic,PRESS SHOP - G - SECTION (EMANS -9),0,NOS,0,0,0
MC0078-KS,PP/CL 02/P12,,SR/7663/07/2009 - PRESS 40 TON (SEW),Asset,Pneumatic,PRESS SHOP - G - SECTION (EMANS -9),0,NOS,0,0,0
MC0079-KS,PP/CL 02/P13,,BNX/35-SR-0015/4/2011 - PRESS 35 TON ( BANSAL ),Asset,Pneumatic,PRESS SHOP - G - SECTION (EMANS -9),0,NOS,0,0,0
MC0080-KS,PP/CL 02/P14,,SR-0066/1/2012 - PRESS 25 TON ( BANSAL),Asset,Pneumatic,PRESS SHOP - G - SECTION (EMANS -9),0,NOS,0,0,0
MC0081-KS,PP/CL 02/P15,,SR-0026/7/2011 - PRESS 25 TON ( BANSAL),Asset,Pneumatic,PRESS SHOP - G - SECTION (EMANS -9),0,NOS,0,0,0
MC0082-KS,PP/CL 02/P16,,0046/10/2011 - PRESS 25 TON ( BANSAL),Asset,Pneumatic,PRESS SHOP - G - SECTION (EMANS -9),0,NOS,0,0,0
MC0083-KS,PP/CL 02/P17,,0023/6/2011 - PRESS 25 TON ( BANSAL),Asset,Pneumatic,PRESS SHOP - G - SECTION (EMANS -9),0,NOS,0,0,0
MC0084-KS,PP/CL 02/P18,,PRESS 5 TON ( VIJAY),Asset,Mechanical,PRESS SHOP - G - SECTION (EMANS -9),0,NOS,0,0,0
MC0085-KS,PP/CL 02/P19,,PRESS 16 TONS(GODREJ ) (ENDURANCE M/C.),Asset,Mechanical,PRESS SHOP - G - SECTION (EMANS -9),0,NOS,0,0,0
MC0086-KS,PP/CL 02/P20,,PRESS 100 TON ( DIGVIJAY),Asset,Mechanical,PRESS SHOP - G - SECTION (EMANS -9),0,NOS,0,0,0
MC0087-KS,PP/CL 02/P21,,PRESS 150 TON (DIGVIJAY),Asset,Mechanical,PRESS SHOP - G - SECTION (EMANS -9),0,NOS,0,0,0
MC0088-KS,PP/CL 02/P22,,PRESS 05 TON (OMKAR) HYDROLIC,Asset,Hydrolic,PRESS SHOP - G - SECTION (EMANS -9),0,NOS,0,0,0
MC0089-KS,PP/CL 02/P23,,PRESS 05 TON (OMKAR) HYDROLIC,Asset,Hydrolic,PRESS SHOP - G - SECTION (EMANS -9),0,NOS,0,0,0
MC0090-KS,PP/CL 02/P24,,BNX-110-SR-0013/3/2011 - PRESS 110 TON ( BANSAL),Asset,Pneumatic,PRESS SHOP - G - SECTION (EMANS -9),0,NOS,0,0,0
MC0091-KS,PP/CL 02/P25 N,,BNX/110--1151/3/2026 - PRESS 110 TON ( BANSAL),Asset,Pneumatic,PRESS SHOP - G - SECTION (EMANS -9),0,NOS,0,0,0
MC0092-KS,PP/CL 02/P26 N,,BNX-110--1150/3/2026 - PRESS 110 TON ( BANSAL),Asset,Pneumatic,PRESS SHOP - G - SECTION (EMANS -9),0,NOS,0,0,0
MC0093-PP,PP / P.S. / P01,,_ - PRESS 5 TONS ( VIJAY),Asset,Mechanical,PRESS SHOP - H (EMANS - 7),0,NOS,0,0,0
MC0094-PP,PP / P.S. / P02 - PUNE,,_ - PRESS 5 TONS ( VIJAY),Asset,Mechanical,PRESS SHOP - H (EMANS - 7),0,NOS,0,0,0
MC0095-PP,PP / P.S. / P03,,_ - PRESS 5 TONS ( DVL ),Asset,Mechanical,PRESS SHOP - H (EMANS - 7),0,NOS,0,0,0
MC0096-PP,PP / P.S. / P04,,_ - PRESS 5 TONS ( DVL ),Asset,Mechanical,PRESS SHOP - H (EMANS - 7),0,NOS,0,0,0
MC0097-PP,PP / P.S. / P05,,_ - PRESS 5 TONS ( VIJAY),Asset,Mechanical,PRESS SHOP - H (EMANS - 7),0,NOS,0,0,0
MC0098-PP,PP / P.S. / P06,,_ - PRESS 5 TONS ( VIJAY),Asset,Mechanical,PRESS SHOP - H (EMANS - 7),0,NOS,0,0,0
MC0099-PP,PP / P.S. / P10,,MFG - 26-10-2018 - PRESS 05 TONS (DIGVIJAY),Asset,Mechanical,PRESS SHOP - H (EMANS - 7),0,NOS,0,0,0
MC0100-PP,PP / P.S. / P11,,MFG - 26-10-2018 - PRESS 05 TONS (DIGVIJAY),Asset,Mechanical,PRESS SHOP - H (EMANS - 7),0,NOS,0,0,0
MC0101-PP,PP / P.S. / P12,,MFG - 26-10-2018 - PRESS 05 TONS (DIGVIJAY),Asset,Mechanical,PRESS SHOP - H (EMANS - 7),0,NOS,0,0,0
MC0102-PP,PP / P.S. / P13,,MFG - 27-08-2018 - PRESS 05 TONS (DIGVIJAY),Asset,Mechanical,PRESS SHOP - H (EMANS - 7),0,NOS,0,0,0
MC0103-PP,PP / P.S. / P14,,MFG - 07-5-2021 - PRESS 05 TONS (DIGVIJAY),Asset,Mechanical,PRESS SHOP - H (EMANS - 7),0,NOS,0,0,0
MC0104-PP,PP / P.S. / P15,,MFG - 07-5-2021 - PRESS 05 TONS (DIGVIJAY),Asset,Mechanical,PRESS SHOP - H (EMANS - 7),0,NOS,0,0,0
MC0105-PP,PP / P.S. / P16,,_ - PRESS 05 TONS (DIGVIJAY),Asset,Mechanical,PRESS SHOP - H (EMANS - 7),0,NOS,0,0,0
MC0106-PP,PP / P.S. / P17,,SR-72302004 - PRESS 05 TON (OMKAR) HYDROLIC,Asset,Hydrolic,PRESS SHOP - H (EMANS - 7),0,NOS,0,0,0
MC0107-PP,PP / P.S. / P18,,PRESS 05 TON (OMKAR) HYDROLIC,Asset,Hydrolic,PRESS SHOP - H (EMANS - 7),0,NOS,0,0,0
MC0108-YS,PP/ YS / P01,,MFG-20.9.2022 - PRESS 30 TON (DIG VIJAY),Asset,Mechanical,PRESS SHOP - J (EMANS-10),0,NOS,0,0,0
MC0109-YS,PP/ YS / P02,,MFG-29.9.2022 - PRESS 30 TON (DIG VIJAY),Asset,Mechanical,PRESS SHOP - J (EMANS-10),0,NOS,0,0,0
MC0110-YS,PP/ YS / P03,,MFG-29.9.2022 - PRESS 30 TON (DIG VIJAY),Asset,Mechanical,PRESS SHOP - J (EMANS-10),0,NOS,0,0,0
MC0111-YS,PP/ YS / P04,,MFG-29.9.2022 - PRESS 30 TON (DIG VIJAY),Asset,Mechanical,PRESS SHOP - J (EMANS-10),0,NOS,0,0,0
MC0112-YS,PP/ YS / P05,,MFG-22.9.2022 - PRESS 30 TON (DIG VIJAY),Asset,Mechanical,PRESS SHOP - J (EMANS-10),0,NOS,0,0,0
MC0113-YS,PP/ YS / P06,,MFG-22.9.2022 - PRESS 20 TON (DIG VIJAY),Asset,Mechanical,PRESS SHOP - J (EMANS-10),0,NOS,0,0,0
MC0114-YS,PP/ YS / P07,,MFG-22.9.2022 - PRESS 20 TON (DIG VIJAY),Asset,Mechanical,PRESS SHOP - J (EMANS-10),0,NOS,0,0,0
MC0115-YS,PP/ YS / P08,,MFG-29.9.2022 - PRESS 20 TON (DIG VIJAY),Asset,Mechanical,PRESS SHOP - J (EMANS-10),0,NOS,0,0,0
MC0116-YS,PP/ YS / P09,,MFG-22.9.2022 - PRESS 63 TON ( SEW ),Asset,Pneumatic,PRESS SHOP - J (EMANS-10),0,NOS,0,0,0
MC0117-YS,PP/ YS / P10,,MFG-22.9.2022 - PRESS 30 TON (DIG VIJAY),Asset,Mechanical,PRESS SHOP - J (EMANS-10),0,NOS,0,0,0
MC0118-YS,PP/ YS / P11,,MFG-22.9.2022 - PRESS 30 TON (DIG VIJAY),Asset,Mechanical,PRESS SHOP - J (EMANS-10),0,NOS,0,0,0
MC0119-YS,PP/ YS / P12,,MFG-22.9.2022 - PRESS 30 TON (DIG VIJAY),Asset,Mechanical,PRESS SHOP - J (EMANS-10),0,NOS,0,0,0
MC0120-YS,PP/ YS / P13,,MFG-22.9.2022 - PRESS 30 TON (DIG VIJAY),Asset,Mechanical,PRESS SHOP - J (EMANS-10),0,NOS,0,0,0
MC0121-YS,PP/ YS / P14,,_ - PRESS 30 TON (DIG VIJAY),Asset,Mechanical,PRESS SHOP - J (EMANS-10),0,NOS,0,0,0
MC0122-YS,PP/ YS / P16,,MFG-22.9.2022 - PRESS 50 TON (DIG VIJAY),Asset,Mechanical,PRESS SHOP - J (EMANS-10),0,NOS,0,0,0
MC0123-YS,PP/ YS / P17,,MFG-22.9.2022 - PRESS 50 TON (DIG VIJAY),Asset,Mechanical,PRESS SHOP - J (EMANS-10),0,NOS,0,0,0
MC0124-YS,PP/ YS / P18,,MFG-22.9.2022 - PRESS 50 TON (DIG VIJAY),Asset,Mechanical,PRESS SHOP - J (EMANS-10),0,NOS,0,0,0
MC0125-YS,PP / YS / P19,,MFG-22.9.2022 - PRESS 60 TON (KOMATSU),Asset,Pneumatic,PRESS SHOP - J (EMANS-10),0,NOS,0,0,0
MC0126-YS,PP/ YS / P20,,MFG-22.9.2022 - PRESS 80 TON (DIG VIJAY),Asset,Mechanical,PRESS SHOP - J (EMANS-10),0,NOS,0,0,0
MC0127-YS,PP/ YS / P21,,_ - HYDROLIC PRESS 26 TONS (PRESS MAN),Asset,Hydrolic,PRESS SHOP - J (EMANS-10),0,NOS,0,0,0
MC0128-YS,PP/YS / P22,,_ - HYDROLIC PRESS 40 TONS (PRESS MAN),Asset,Hydrolic,PRESS SHOP - J (EMANS-10),0,NOS,0,0,0
MC0129-YS,PP/YS/ P23,,43907 - PRESS 10 TON (DIGVIJAY),Asset,Mechanical,PRESS SHOP - J (EMANS-10),0,NOS,0,0,0
MC0130-YS,PP/ YS / P24,,43907 - PRESS 10 TON (DIGVIJAY),Asset,Mechanical,PRESS SHOP - J (EMANS-10),0,NOS,0,0,0
MC0131-YS,PP/ YS / P25,,MFG - 27/11/2022 - PRESS 80 TON (DIG VIJAY),Asset,Mechanical,PRESS SHOP - J (EMANS-10),0,NOS,0,0,0
MC0132-YS,PP/ YS / P26,,_ - PRESS 80 TON (DIG VIJAY),Asset,Mechanical,PRESS SHOP - J (EMANS-10),0,NOS,0,0,0
MC0133-YS,PP/YS / P27,,_ - PRESS 05 TON ( VIJAY ),Asset,Mechanical,PRESS SHOP - J (EMANS-10),0,NOS,0,0,0
MC0134-YS,PP/ YS / P29,,_ - PRESS 05 TON ( NIRAV ),Asset,Mechanical,PRESS SHOP - J (EMANS-10),0,NOS,0,0,0
MC0135-YS,PP/ YS / P33,,LX1030-N-403-10P-SR-2301235 - PRESS 30 TON (OMKAR) HYDROLIC,Asset,Hydrolic,PRESS SHOP - J (EMANS-10),0,NOS,0,0,0
MC0136-YS,PP/ YS / P34,,PRESS 30 TON (OMKAR) HYDROLIC,Asset,Hydrolic,PRESS SHOP - J (EMANS-10),0,NOS,0,0,0
MC0137-YS,PP/ YS / P35,,PRESS 50 TON (OMKAR) HYDROLIC,Asset,Hydrolic,PRESS SHOP - J (EMANS-10),0,NOS,0,0,0
MC0138-NVS,PP/PS/P01,,PRESS 40 TON (SHAILESH),Asset,Mechanical,PRESS SHOP - K,0,NOS,0,0,0
MC0139-NVS,PP/PS/P02,,MFG-26-10-2018 - PRESS 40 TON (DIG VIJAY),Asset,Mechanical,PRESS SHOP - K,0,NOS,0,0,0
MC0140-NVS,PP/PS/P03,,MFG-7-17 - PRESS 30 TON (SHAILESH),Asset,Mechanical,PRESS SHOP - K,0,NOS,0,0,0
MC0141-NVS,PP/PS/P04,,MFG-6-7-17 - PRESS 20 TON (DIGVIJAY),Asset,Mechanical,PRESS SHOP - K,0,NOS,0,0,0
MC0142-NVS,PP/PS/P05,,SR-2301243 - PRESS 50 TON (OMKAR) HYDROLIC,Asset,Hydrolic,PRESS SHOP - K,0,NOS,0,0,0
MC0143-NVS,PP/PS/P06,,MFG-23/219 - PRESS 50 TON (DIG VIJAY),Asset,Mechanical,PRESS SHOP - K,0,NOS,0,0,0
MC0144-NVS,PP/PS/P07,,44810 - PRESS 65 TON (DIG VIJAY),Asset,Mechanical,PRESS SHOP - K,0,NOS,0,0,0
MC0145-NVS,PP/PS/P08,,SR-2310200 - PRESS 30 TON (OMKAR) HYDROLIC,Asset,Hydrolic,PRESS SHOP - K,0,NOS,0,0,0
MC0146-NVS,PP/PS/P09,,SR-2310079 - PRESS 30 TON (OMKAR) HYDROLIC,Asset,Hydrolic,PRESS SHOP - K,0,NOS,0,0,0
MC0147-NVS,PP/PS/P10,,MFG-6-1-17 - PRESS 20 TON (DIGVIJAY),Asset,Mechanical,PRESS SHOP - K,0,NOS,0,0,0
MC0148-NVS,PP/PS/P11,,SR-2301238 - PRESS 20 TON (OMKAR) HYDROLIC,Asset,Hydrolic,PRESS SHOP - K,0,NOS,0,0,0
MC0149-NVS,PP/PS/P12,,44323 - PRESS 5 TON (DIGVIJAY),Asset,Mechanical,PRESS SHOP - K,0,NOS,0,0,0
MC0150-NVS,PP/PS/P13,,44323 - PRESS 5 TON (DIGVIJAY),Asset,Mechanical,PRESS SHOP - K,0,NOS,0,0,0
MC0151-NVS,PP/PS/P14,,SR-2302009 - PRESS 5 TON (OMKAR) HYDROLIC,Asset,Hydrolic,PRESS SHOP - K,0,NOS,0,0,0
MC0152-NVS,PP/PS/P15,,_ - PRESS 5 TON (OMKAR) HYDROLIC,Asset,Hydrolic,PRESS SHOP - K,0,NOS,0,0,0
MC0153-NVS,PP/PS/P16,,_ - PRESS 40 TON (SHAILESH),Asset,Mechanical,PRESS SHOP - K,0,NOS,0,0,0
MC0154-NVS,PP/PS/P17,,42917 - PRESS 30 TON (SHAILESH),Asset,Mechanical,PRESS SHOP - K,0,NOS,0,0,0
MC0155-NVS,PP/PS/P18,,MFG-07/2017 - PRESS 50 TON (SHAILESH),Asset,Mechanical,PRESS SHOP - K,0,NOS,0,0,0
MC0156-NVS,PP/PS/P19,,MFG-6-9-22 - PRESS 50 TON (DIGVIJAY),Asset,Mechanical,PRESS SHOP - K,0,NOS,0,0,0
MC0157-RS,PP/PS/P01,,44824 - PRESS 50 TON (DIGVIJAY),Asset,Mechanical,PRESS SHOP - L (EMANS - 11),0,NOS,0,0,0
MC0158-RS,PP/PS/P02,,44826 - PRESS 50 TON (DIGVIJAY),Asset,Mechanical,PRESS SHOP - L (EMANS - 11),0,NOS,0,0,0
MC0159-RS,PP/PS/P03,,44810 - PRESS 100 TON (DIGVIJAY),Asset,Mechanical,PRESS SHOP - L (EMANS - 11),0,NOS,0,0,0
MC0160-RS,PP/PS/P04,,44889 - PRESS 80 TON (DIGVIJAY),Asset,Mechanical,PRESS SHOP - L (EMANS - 11),0,NOS,0,0,0
MC0161-RS,PP/PS/P05,,44889 - PRESS 80 TON (DIGVIJAY),Asset,Mechanical,PRESS SHOP - L (EMANS - 11),0,NOS,0,0,0
MC0162-RS,PP/PS/P06,,44781 - PRESS 50 TON (DIGVIJAY),Asset,Mechanical,PRESS SHOP - L (EMANS - 11),0,NOS,0,0,0
MC0163-RS,PP/PS/P07,,MFG EFB 27T/SR-016/2010 - PRESS 27 TONS ( PRESS FIELD),Asset,Pneumatic,PRESS SHOP - L (EMANS - 11),0,NOS,0,0,0
MC0164-RS,PP/PS/P08,,BNX-66-SR-0516/2/2019 - PRESS 60 TON ( BANSAL ),Asset,Pneumatic,PRESS SHOP - L (EMANS - 11),0,NOS,0,0,0
MC0165-RS,PP/PS/P11,,BNX 60 SR-0027/7/2011 - PRESS 60 TON (BANSAL),Asset,Pneumatic,PRESS SHOP - L (EMANS - 11),0,NOS,0,0,0
MC0166-RS,PP/PS/P13,,_ - PRESS 20 TON (RUSHI),Asset,Mechanical,PRESS SHOP - L (EMANS - 11),0,NOS,0,0,0
MC0167-RS,PP / P.S. / P 15,,SR / 2302010 - PRESS 05 TON (OMKAR) HYDROLIC,Asset,Hydrolic,PRESS SHOP - L (EMANS - 11),0,NOS,0,0,0
MC0168-RS,PP / P.S. / P 16,,SR / 2302003 - PRESS 05 TON (OMKAR) HYDROLIC,Asset,Hydrolic,PRESS SHOP - L (EMANS - 11),0,NOS,0,0,0
MC0169-NVS,PP/PS/P01,,45381 - PRESS 100 TON (DIGVIJAY),Asset,Mechanical,PRESS SHOP - M,0,NOS,0,0,0
MC0170-NVS,PP/PS/P02,,45381 - PRESS 150 TON (DIGVIJAY),Asset,Mechanical,PRESS SHOP - M,0,NOS,0,0,0
MC0171-NVS,PP/PS/P03,,45381 - PRESS 150 TON (DIGVIJAY),Asset,Mechanical,PRESS SHOP - M,0,NOS,0,0,0
MC0172-NVS,PP/PS/P04,,MFG-23-3-24 - PRESS 20 TON (DIGVIJAY),Asset,Mechanical,PRESS SHOP - M,0,NOS,0,0,0
MC0173-NVS,PP/PS/P16,,SR-2508016 - PRESS 5 TON (HYDROLIC)OMKAR,Asset,Hydrolic,PRESS SHOP - M,0,NOS,0,0,0
MC0174-NVS,PP/PS/P17,,SR-2310200 - PRESS 5 TON (HYDROLIC)OMKAR,Asset,Hydrolic,PRESS SHOP - M,0,NOS,0,0,0
MC0175-NVS,PP/PS/P07,,PRESS 30 TON (SHAILESH),Asset,Mechanical,PRESS SHOP - M,0,NOS,0,0,0
MC0176-NVS,PP/ YS / P09,,PRESS 30 TON (DIG VIJAY),Asset,Mechanical,PRESS SHOP - M,0,NOS,0,0,0
MC0177-KS,PP/ NG / P32,,PRESS 05 TON (VIJAY ),Asset,Mechanical,PRESS SHOP - N,0,NOS,0,0,0
MC0178-KS,PP/PS/P01,,PRESS 30 TON (VIJAY),Asset,Mechanical,PRESS SHOP - N,0,NOS,0,0,0
MC0179-KS,PP/PS/P03,,PRESS 30 TON (DIG VIJAY),Asset,Mechanical,PRESS SHOP - N,0,NOS,0,0,0
MC0180-KS,PP/PS/P04,,PRESS 30 TON ( MANKOO ),Asset,Mechanical,PRESS SHOP - N,0,NOS,0,0,0
MC0181-KS,PP/PS/P10,,PRESS 20 TON (RUSHI),Asset,Mechanical,PRESS SHOP - N,0,NOS,0,0,0
MC0182-KS,PP / P.S. / P09,,PRESS 5 TON (DIGVIJAY),Asset,Mechanical,PRESS SHOP - N,0,NOS,0,0,0
MC0183-KS,PP / P.S. / P 11,,PRESS 5 TON (SHAILESH),Asset,Mechanical,PRESS SHOP - N,0,NOS,0,0,0
MC0184-KS,PP / P.S. / P 12,,PRESS 5 TON (SHAILESH),Asset,Mechanical,PRESS SHOP - N,0,NOS,0,0,0
MC0185-KS,PP/PS/P10,,PRESS 5 TON (VIJAY),Asset,Mechanical,PRESS SHOP - N,0,NOS,0,0,0
MC0186-KS,PP/CL 02/P18,,PRESS 5 TON ( SHAILESH),Asset,Mechanical,PRESS SHOP - N,0,NOS,0,0,0
MC0187-KS,PP WSPL/P15,,PRESS 5 TON,Asset,Mechanical,PRESS SHOP - N,0,NOS,0,0,0
MC0188-KS,PP WSPL/P16,,PRESS 5 TON,Asset,Mechanical,PRESS SHOP - N,0,NOS,0,0,0
MC0189-KS,PP WSPL/P17,,PRESS 5 TON,Asset,Mechanical,PRESS SHOP - N,0,NOS,0,0,0
MC0190-KS,PP WSPL/P18,,PRESS 5 TON,Asset,Mechanical,PRESS SHOP - N,0,NOS,0,0,0
MC0191-KS,PP WSPL/P19,,PRESS 5 TON,Asset,Mechanical,PRESS SHOP - N,0,NOS,0,0,0
MC0192-KS,PP WSPL/P20,,PRESS 5 TON,Asset,Mechanical,PRESS SHOP - N,0,NOS,0,0,0
MC0193-KS,PP / CL/ P07,,MFG 21/ 5 /18 - PRESS 10 TON (DIGVIJAY),Asset,Mechanical,PRESS SHOP -NAIGAON-II,0,NOS,0,0,0
MC0194-KS,PP / CL/ P08,,MFG 21/ 5 /19 - PRESS 10 TON (DIGVIJAY),Asset,Mechanical,PRESS SHOP -NAIGAON-II,0,NOS,0,0,0
MC0195-KS,PP/PS/P10,,PRESS 5 TON (VIJAY),Asset,Mechanical,PRESS SHOP -NAIGAON-II,0,NOS,0,0,0
MC0196-KS,PP/PS/P1,,PRESS 5 TON (VIJAY),Asset,Mechanical,PRESS SHOP -NAIGAON-II,0,NOS,0,0,0
MC0197-KS,PP/PS/P2,,PRESS 5 TON (VIJAY),Asset,Mechanical,PRESS SHOP -NAIGAON-II,0,NOS,0,0,0
MC0198-KS,PP/PS/P3,,PRESS 5 TON (VIJAY),Asset,Mechanical,PRESS SHOP -NAIGAON-II,0,NOS,0,0,0
MC0199-KS,PP/PS/P4,,PRESS 5 TON (VIJAY),Asset,Mechanical,PRESS SHOP -NAIGAON-II,0,NOS,0,0,0
MC0200-KS,PP/PS/P5,,PRESS 5 TON (VIJAY),Asset,Mechanical,PRESS SHOP -NAIGAON-II,0,NOS,0,0,0
MC0201-KS,PP/PS/P1,,PRESS 10 TON,Asset,Mechanical,PRESS SHOP -NAIGAON-II,0,NOS,0,0,0
MC0202-KS,PP/PS/P2,,PRESS 50 TON,Asset,Mechanical,PRESS SHOP -NAIGAON-II,0,NOS,0,0,0
MC0203-KS,PP/PS/P3,,PRESS 30 TON,Asset,Mechanical,PRESS SHOP -NAIGAON-II,0,NOS,0,0,0
MC0204-KS,PP/PS/P4,,PRESS 30 TON,Asset,Mechanical,PRESS SHOP -NAIGAON-II,0,NOS,0,0,0
MC0205-PP,PP / MF / MF 01,,DS-25-220-SR-23166 - MULTI FORMING M/C. (DONGSEO) 25 TON,Asset,MF,MULTI FORMING - C (EMANS - 8),0,NOS,0,0,0
MC0206-PP,PP / MF / MF 02,,SR-360005 - MULTI FORMING M/C (YSM ) 36 TON,Asset,MF,MULTI FORMING - C (EMANS - 8),0,NOS,0,0,0
MC0207-PP,PP / MF / MF 04,,SR-1547 - MULTI FORMING M/C. (DONGSEO) 15 TON,Asset,MF,MULTI FORMING - C (EMANS - 8),0,NOS,0,0,0
MC0208-PP,PP / MF / MF 05,,SR-1968 - MULTI FORMING M/C (DONGSEO) 15 TON,Asset,MF,MULTI FORMING - C (EMANS - 8),0,NOS,0,0,0
MC0209-PP,PP / MF / MF 06,,SR-23159 - MULTI FORMING M/C (DONGSEO) 25 TON,Asset,MF,MULTI FORMING - C (EMANS - 8),0,NOS,0,0,0
MC0210-PP,PP / MF / MF 07,,_ - MULTI FORMING M/C (DONGSEO) 15 TON,Asset,MF,MULTI FORMING - C (EMANS - 8),0,NOS,0,0,0
MC0211-PP,PP / MF / MF 08,,_ - MULTI FORMING M/C (DONGSEO) 15 TON,Asset,MF,MULTI FORMING - C (EMANS - 8),0,NOS,0,0,0
MC0212-PP,PP / MF / MF 09,,_ - MULTI FORMING M/C. (INOVATIVE),Asset,MF,MULTI FORMING - C (EMANS - 8),0,NOS,0,0,0
MC0213-PP,PP / MF / MF 10,,_ - MULTY FORMING M/C (INOVATIVE),Asset,MF,MULTI FORMING - C (EMANS - 8),0,NOS,0,0,0
MC0214-PP,PP / MF / MF 11,,SR-1363 - MULTI FORMING M/C (DONGSEO) 15 TON,Asset,MF,MULTI FORMING - C (EMANS - 8),0,NOS,0,0,0
MC0215-PP,PP / MF / MF 12,,DS-15-220.SR NO -22082 - MULTI FORMING M/C (DONGSEO) 25 TON,Asset,MF,MULTI FORMING - C (EMANS - 8),0,NOS,0,0,0
MC0216-PP,PP / MF / MF 13,,DS-25-220.SR NO -23166 - MULTI FORMING M/C (DONGSEO) 15 TON,Asset,MF,MULTI FORMING - C (EMANS - 8),0,NOS,0,0,0
MC0217-PP,PP / MF / MF 14,,SR-17042 - MULTI FORMING M/C. (DONGSEO) 25 TON,Asset,MF,MULTI FORMING - C (EMANS - 8),0,NOS,0,0,0
MC0218-PP,PP / MF / MF 15,,SR NO 260793 - MULTI FORMING M/C (YSM ) 26 TON,Asset,MF,MULTI FORMING - C (EMANS - 8),0,NOS,0,0,0
MC0219-PP,PP / MF / MF 16,,SR NO 260801 - MULTI FORMING M/C (YSM ) 26 TON,Asset,MF,MULTI FORMING - C (EMANS - 8),0,NOS,0,0,0
MC0220-PP,PP / MF / MF 17 N,,DS 25-220/SR 25028 - MULTI FORMING M/C. (DONGSEO) 25 TON,Asset,MF,MULTI FORMING - C (EMANS - 8),0,NOS,0,0,0
MC0221-PP,PP / MF / MF 18 N,,DS35-353/SR 25029 - MULTI FORMING M/C. (DONGSEO) 35 TON,Asset,MF,MULTI FORMING - C (EMANS - 8),0,NOS,0,0,0
MC0222-PP,PP / MF / WF 1,,CMS-20T/SR-0845 - WIRE FORMING M/C (HERDON),Asset,WF,MULTI FORMING - C (EMANS - 8),0,NOS,0,0,0
MC0223-PP,PP / MF / WF 2,,CMS-20T/SR-0846 - WIRE FORMING M/C (HERDON),Asset,WF,MULTI FORMING - C (EMANS - 8),0,NOS,0,0,0
MC0224-PP,PP / MF / WF 3,,CMS-20T/SR-0847 - WIRE FORMING M/C (HERDON),Asset,WF,MULTI FORMING - C (EMANS - 8),0,NOS,0,0,0
MC0225-PP,PP / MF / WF 4,,CMS-20T/SR-0844 - WIRE FORMING M/C (HERDON),Asset,WF,MULTI FORMING - C (EMANS - 8),0,NOS,0,0,0
MC0226-PP,PP / MF/ T 01,,TAPPING M/C. ( HIGH SPEED ),Asset,TM,MULTI FORMING - C (EMANS - 8),0,NOS,0,0,0
MC0227-PP,PP / MF/ T 02,,TAPPING M/C. (ANJALI VIBRO TECH),Asset,TM,MULTI FORMING - C (EMANS - 8),0,NOS,0,0,0
MC0228-ALC,PP / CL/ P01,,MFG 27/2/21 - PRESS 50 TON (DIGVIJAY),Asset,Mechanical,CLUTCH UNIT-I (EMANS-1),0,NOS,0,0,0
MC0229-ALC,PP / CL/ P02,,MFG 6/6/19 - PRESS 50 TON (DIGVIJAY),Asset,Mechanical,CLUTCH UNIT-I (EMANS-1),0,NOS,0,0,0
MC0230-ALC,PP / CL/ P03,,MFG 21/5019 - PRESS 50 TON (DIGVIJAY),Asset,Mechanical,CLUTCH UNIT-I (EMANS-1),0,NOS,0,0,0
MC0231-ALC,PP / CL/ P04,,MFG 21/5019 - PRESS 50 TON (DIGVIJAY),Asset,Mechanical,CLUTCH UNIT-I (EMANS-1),0,NOS,0,0,0
MC0232-ALC,PP / CL/ P05,,MFG 6/6/19 - PRESS 65 TON (DIGVIJAY),Asset,Mechanical,CLUTCH UNIT-I (EMANS-1),0,NOS,0,0,0
MC0233-ALC,PP / CL/ P06,,MFG 6/6/19 - PRESS 65 TON (DIGVIJAY),Asset,Mechanical,CLUTCH UNIT-I (EMANS-1),0,NOS,0,0,0
MC0234-ALC,PP / CL/ P09,,MFG 21/ 5 /19 - PRESS 10 TON (DIGVIJAY),Asset,Mechanical,CLUTCH UNIT-I (EMANS-1),0,NOS,0,0,0
MC0235-ALC,PP / CL/ P10,,MFG 21/ 5 /19 - PRESS 10 TON (DIGVIJAY),Asset,Mechanical,CLUTCH UNIT-I (EMANS-1),0,NOS,0,0,0
MC0236-ALC,PP / CL/ P11,,MFG 5 / 6 19 - PRESS 20 TON (DIGVIJAY),Asset,Mechanical,CLUTCH UNIT-I (EMANS-1),0,NOS,0,0,0
MC0237-ALC,PP / CL/ P12,,MFG 5 / 6 19 - PRESS 20 TON (DIGVIJAY),Asset,Mechanical,CLUTCH UNIT-I (EMANS-1),0,NOS,0,0,0
MC0238-ALC,PP / CL/ P13,,MFG 5 / 6 19 - PRESS 20 TON (DIGVIJAY),Asset,Mechanical,CLUTCH UNIT-I (EMANS-1),0,NOS,0,0,0
MC0239-ALC,PP / CL/ P14,,MFG 6/6/19 - PRESS 50 TON (DIGVIJAY),Asset,Mechanical,CLUTCH UNIT-I (EMANS-1),0,NOS,0,0,0
MC0240-ALC,PP / CL/ P15,,MFG 27/2/21 - PRESS 50 TON (DIGVIJAY),Asset,Mechanical,CLUTCH UNIT-I (EMANS-1),0,NOS,0,0,0
MC0241-ALC,PP / CL/ P16,,MFG 27/2/21 - PRESS 50 TON (DIGVIJAY),Asset,Mechanical,CLUTCH UNIT-I (EMANS-1),0,NOS,0,0,0
MC0242-ALC,PP / CL/ P17,,_ - PRESS 50 TON (DIGVIJAY),Asset,Mechanical,CLUTCH UNIT-I (EMANS-1),0,NOS,0,0,0
MC0243-ALC,PP / CL/ P18,,_ - PRESS 20 TON (OMKAR) HYDROLIC,Asset,Hydrolic,CLUTCH UNIT-I (EMANS-1),0,NOS,0,0,0
MC0244-ALC,PP / CL/ P19,,_ - PRESS 20 TON (OMKAR) HYDROLIC,Asset,Hydrolic,CLUTCH UNIT-I (EMANS-1),0,NOS,0,0,0
MC0245-ALC,PP / CL/ P20 N,,81334 - PRESS HYDRO PNEUMATIC (MERCURY),Asset,HYDRO PNEUMATIC,CLUTCH UNIT-I (EMANS-1),0,NOS,0,0,0
MC0246-WIN,PP/W/A-01,,0016/4/2011 - BANSAL ( 35 TON ),Asset,Pneumatic press,MAIN PRESS - EMANS - 12,0,NOS,0,0,0
MC0247-WIN,PP/W/A-02,,0039/9/2011 - BANSAL ( 25 TON ),Asset,Pneumatic press,MAIN PRESS - EMANS - 12,0,NOS,0,0,0
MC0248-WIN,PP/W/A-03,,0041/9/2011 - BANSAL ( 25 TON ),Asset,Pneumatic press,MAIN PRESS - EMANS - 12,0,NOS,0,0,0
MC0249-WIN,PP/W/P-02,,0001/11/2010 - BANSAL ( 60 TON ),Asset,Pneumatic press,MAIN PRESS - EMANS - 12,0,NOS,0,0,0
MC0250-WIN,PP/W/P-03,,0020/6/2011 - BANSAL ( 25 TON ),Asset,Pneumatic press,MAIN PRESS - EMANS - 12,0,NOS,0,0,0
MC0251-WIN,PP/W/P-04,,0025/7/2011 - BANSAL ( 35 TON ),Asset,Pneumatic press,MAIN PRESS - EMANS - 12,0,NOS,0,0,0
MC0252-WIN,PP/W/P-06,,0036/8/2011 - BANSAL ( 35 TON ),Asset,Pneumatic press,MAIN PRESS - EMANS - 12,0,NOS,0,0,0
MC0253-WIN,PP/W/P-07,,0047/10/2011 - BANSAL ( 25 TON ),Asset,Pneumatic press,MAIN PRESS - EMANS - 12,0,NOS,0,0,0
MC0254-WIN,PP/W/P-08,,0022/6/2011 - BANSAL ( 25 TON ),Asset,Pneumatic press,MAIN PRESS - EMANS - 12,0,NOS,0,0,0
MC0255-WIN,PP/W/P-09,,- - VJIYA ( 5 TON ),Asset,Mechanical press,MAIN PRESS - EMANS - 12,0,NOS,0,0,0
MC0256-WIN,PP/W/P-10,,- - VJIYA ( 5 TON ),Asset,Mechanical press,MAIN PRESS - EMANS - 12,0,NOS,0,0,0
MC0257-WIN,PP/W/P-11,,- - VJIYA ( 5 TON ),Asset,Mechanical press,MAIN PRESS - EMANS - 12,0,NOS,0,0,0
MC0258-WIN,PP/W/P-12,,- - VJIYA ( 5 TON ),Asset,Mechanical press,MAIN PRESS - EMANS - 12,0,NOS,0,0,0
MC0259-WIN,PP/W/P-13,,- - VJIYA ( 5 TON ),Asset,Mechanical press,MAIN PRESS - EMANS - 12,0,NOS,0,0,0
MC0260-WIN,PP/W/P-14,,- - VJIYA ( 5 TON ),Asset,Mechanical press,MAIN PRESS - EMANS - 12,0,NOS,0,0,0
MC0261-WIN,PP/W/P-15,,- - VJIYA ( 5 TON ),Asset,Mechanical press,MAIN PRESS - EMANS - 12,0,NOS,0,0,0
MC0262-WIN,PP/W/P-16,,- - VJIYA ( 5 TON ),Asset,Mechanical press,MAIN PRESS - EMANS - 12,0,NOS,0,0,0
MC0263-WIN,PP/W/P-17,,- - VJIYA ( 5 TON ),Asset,Mechanical press,MAIN PRESS - EMANS - 12,0,NOS,0,0,0
MC0264-WIN,PP/W/P-18,,- - VJIYA ( 5 TON ),Asset,Mechanical press,MAIN PRESS - EMANS - 12,0,NOS,0,0,0
MC0265-WIN,PP/W/P-19,,- - VJIYA ( 5 TON ),Asset,Mechanical press,MAIN PRESS - EMANS - 12,0,NOS,0,0,0
MC0266-WIN,PP/W/P-20,,- - VJIYA ( 5 TON ),Asset,Mechanical press,MAIN PRESS - EMANS - 12,0,NOS,0,0,0
MC0267-WIN,PP/W/P-21,,- - VJIYA ( 5 TON ),Asset,Mechanical press,MAIN PRESS - EMANS - 12,0,NOS,0,0,0
MC0268-WIN,PP/W/P-22,,- - VJIYA ( 5 TON ),Asset,Mechanical press,MAIN PRESS - EMANS - 12,0,NOS,0,0,0
MC0269-WIN,PP/W/P-23,,- - VJIYA ( 5 TON ),Asset,Mechanical press,MAIN PRESS - EMANS - 12,0,NOS,0,0,0
MC0270-WIN,PP/W/P-24,,- - VJIYA ( 5 TON ),Asset,Mechanical press,MAIN PRESS - EMANS - 12,0,NOS,0,0,0
MC0271-WIN,PP/W/P-25,,- - VJIYA ( 5 TON ),Asset,Mechanical press,MAIN PRESS - EMANS - 12,0,NOS,0,0,0
MC0272-WIN,PP/W/P-26,,- - VJIYA ( 5 TON ),Asset,Mechanical press,MAIN PRESS - EMANS - 12,0,NOS,0,0,0
MC0273-WIN,PP/W/P-27,,- - VJIYA ( 5 TON ),Asset,Mechanical press,MAIN PRESS - EMANS - 12,0,NOS,0,0,0
MC0274-WIN,PP/W/P-28,,- - VJIYA ( 5 TON ),Asset,Mechanical press,MAIN PRESS - EMANS - 12,0,NOS,0,0,0
MC0275-WIN,PP/W/P-29,,- - VJIYA ( 5 TON ),Asset,Mechanical press,MAIN PRESS - EMANS - 12,0,NOS,0,0,0
MC0276-WIN,PP/W/P-30,,- - VJIYA ( 5 TON ),Asset,Mechanical press,MAIN PRESS - EMANS - 12,0,NOS,0,0,0
MC0277-WIN,PP/W/P-31,,- - VJIYA ( 5 TON ),Asset,Mechanical press,MAIN PRESS - EMANS - 12,0,NOS,0,0,0
MC0278-WIN,PP/W/P-32,,- - VJIYA ( 5 TON ),Asset,Mechanical press,MAIN PRESS - EMANS - 12,0,NOS,0,0,0
MC0279-WIN,PP/W/P-33,,- - VJIYA ( 5 TON ),Asset,Mechanical press,MAIN PRESS - EMANS - 12,0,NOS,0,0,0
MC0280-WIN,PP/W/P-34,,- - VJIYA ( 5 TON ),Asset,Mechanical press,MAIN PRESS - EMANS - 12,0,NOS,0,0,0
MC0281-WIN,PP/W/P-35,,- - VJIYA ( 5 TON ),Asset,Mechanical press,MAIN PRESS - EMANS - 12,0,NOS,0,0,0
MC0282-WIN,PP/W/P-36,,- - VJIYA ( 5 TON ),Asset,Mechanical press,MAIN PRESS - EMANS - 12,0,NOS,0,0,0
MC0283-WIN,PP/W/P-37,,- - VJIYA ( 5 TON ),Asset,Mechanical press,MAIN PRESS - EMANS - 12,0,NOS,0,0,0
MC0284-WIN,PP/W/P-38,,- - VJIYA ( 5 TON ),Asset,Mechanical press,MAIN PRESS - EMANS - 12,0,NOS,0,0,0
MC0285-WIN,PP/W/P-39,,- - VJIYA ( 15 TON ),Asset,Mechanical press,MAIN PRESS - EMANS - 12,0,NOS,0,0,0
MC0286-WIN,PP/W/P-40,,- - VJIYA ( 15 TON ),Asset,Mechanical press,MAIN PRESS - EMANS - 12,0,NOS,0,0,0
MC0287-WIN,PP/W/P-48,,VJIYA ( 50 TON ),Asset,Mechanical press,MAIN PRESS - EMANS - 12,0,NOS,0,0,0
MC0288-WIN,PP/W/HYD-01,,- - JOGRIN ( 7 TON ),Asset,Hydraulic press,MAIN PRESS - EMANS - 12,0,NOS,0,0,0
MC0289-WIN,PP/W/HYD-02,,- - JOGRIN ( 7 TON ),Asset,Hydraulic press,MAIN PRESS - EMANS - 12,0,NOS,0,0,0
MC0290-WIN,PP/W/HYD-03,,- - JIH ( 7 TON ),Asset,Hydraulic press,MAIN PRESS - EMANS - 12,0,NOS,0,0,0
MC0291-WIN,PP/W/HYD-04,,- - JIH ( 7 TON ),Asset,Hydraulic press,MAIN PRESS - EMANS - 12,0,NOS,0,0,0
MC0292-WIN,PP/W/P-41,,NIRAV ( 50 TON ),Asset,Mechanical press,SWASTIK PRESS,0,NOS,0,0,0
MC0293-WIN,PP/W/P-42,,NIRAV ( 50 TON ),Asset,Mechanical press,SWASTIK PRESS,0,NOS,0,0,0
MC0294-WIN,PP/W/P-43,,NIRAV ( 50 TON ),Asset,Mechanical press,SWASTIK PRESS,0,NOS,0,0,0
MC0295-WIN,PP/W/P-44,,NIRAV ( 30 TON ),Asset,Mechanical press,SWASTIK PRESS,0,NOS,0,0,0
MC0296-WIN,PP/W/P-45,,NIRAV ( 30 TON ),Asset,Mechanical press,SWASTIK PRESS,0,NOS,0,0,0
MC0297-WIN,PP/W/P-46,,NIRAV ( 50 TON ),Asset,Mechanical press,SWASTIK PRESS,0,NOS,0,0,0
MC0298-WIN,PP/W/P-47,,NIRAV ( 30 TON ),Asset,Mechanical press,SWASTIK PRESS,0,NOS,0,0,0
MC0299-WIN,PP/HP-01,,SKY PRESS ( 2 TON ),Asset,Mechanical press,HAND PRESS,0,NOS,0,0,0
MC0300-WIN,PP/HP-02,,SKY PRESS ( 2 TON ),Asset,Mechanical press,HAND PRESS,0,NOS,0,0,0
MC0301-WIN,PP/HP-03,,SKY PRESS ( 2 TON ),Asset,Mechanical press,HAND PRESS,0,NOS,0,0,0
MC0302-WIN,PP/HP-04,,SKY PRESS ( 2 TON ),Asset,Mechanical press,HAND PRESS,0,NOS,0,0,0
MC0303-WIN,PP/HP-05,,SKY PRESS ( 2 TON ),Asset,Mechanical press,HAND PRESS,0,NOS,0,0,0
MC0304-WIN,PP/HP-06,,SKY PRESS ( 2 TON ),Asset,Mechanical press,HAND PRESS,0,NOS,0,0,0
MC0305-WIN,PP/HP-07,,KARCHI ( 2 TON ),Asset,Mechanical press,HAND PRESS,0,NOS,0,0,0
MC0306-WIN,PP/HP-09,,KARCHI ( 2 TON ),Asset,Mechanical press,HAND PRESS,0,NOS,0,0,0
MC0307-WIN,PP/HP-10,,SKY PRESS ( 2 TON ),Asset,Mechanical press,HAND PRESS,0,NOS,0,0,0
MC0308-WIN,PP/HP-11,,SKY PRESS ( 2 TON ),Asset,Mechanical press,HAND PRESS,0,NOS,0,0,0
MC0309-WIN,PP/HP-12,,SKY PRESS ( 2 TON ),Asset,Mechanical press,HAND PRESS,0,NOS,0,0,0
MC0310-WIN,PP/HP-13,,SKY PRESS ( 2 TON ),Asset,Mechanical press,HAND PRESS,0,NOS,0,0,0
MC0311-WIN,PP/HP-14,,SKY PRESS ( 2 TON ),Asset,Mechanical press,HAND PRESS,0,NOS,0,0,0
MC0312-WIN,PP/HP-15,,SKY PRESS ( 2 TON ),Asset,Mechanical press,HAND PRESS,0,NOS,0,0,0
MC0313-WIN,PP/HP-16,,SKY PRESS ( 2 TON ),Asset,Mechanical press,HAND PRESS,0,NOS,0,0,0
MC0314-WIN,PP/HP-17,,SKY PRESS ( 2 TON ),Asset,Mechanical press,HAND PRESS,0,NOS,0,0,0
MC0315-WIN,PP/HP-18,,SKY PRESS ( 2 TON ),Asset,Mechanical press,HAND PRESS,0,NOS,0,0,0
MC0316-WIN,PP/HP-19,,SKY PRESS ( 2 TON ),Asset,Mechanical press,HAND PRESS,0,NOS,0,0,0
MC0317-NVS,PP/W/A-04,,0004/12/2010 - BANSAL ( 45 TON ),Asset,Pneumatic press,MILAN PALACE PRESS,0,NOS,0,0,0
MC0318-NVS,PP/W/A-05,,0012/3/2011 - BANSAL ( 35 TON ),Asset,Pneumatic press,MILAN PALACE PRESS,0,NOS,0,0,0
MC0319-NVS,PP/W/A-06,,0485/11/2018 - BANSAL ( 45 TON ),Asset,Pneumatic press,MILAN PALACE PRESS,0,NOS,0,0,0
MC0320-NVS,PP/W/P-01,,0011/3/2011 - BANSAL ( 35 TON ),Asset,Pneumatic press,MILAN PALACE PRESS,0,NOS,0,0,0
MC0321-NVS,PP/W/P-05,,0006/1/2011 - BANSAL ( 45 TON ),Asset,Pneumatic press,MILAN PALACE PRESS,0,NOS,0,0,0
MC0322-NVS,PP/W/B-01,,005SA0725043 - DIJVAJAY ( 5 TON ),Asset,Mechanical press,MILAN PALACE PRESS,0,NOS,0,0,0
MC0323-NVS,PP/W/B-02,,005SA0725041 - DIJVAJAY ( 5 TON ),Asset,Mechanical press,MILAN PALACE PRESS,0,NOS,0,0,0
MC0324-NVS,PP/W/B-03,,005SA0725048 - DIJVAJAY ( 5 TON ),Asset,Mechanical press,MILAN PALACE PRESS,0,NOS,0,0,0
MC0325-NVS,PP/W/B-04,,005SA0725047 - DIJVAJAY ( 5 TON ),Asset,Mechanical press,MILAN PALACE PRESS,0,NOS,0,0,0
MC0326-NVS,PP/W/B-05,,005SA0725040 - DIJVAJAY ( 5 TON ),Asset,Mechanical press,MILAN PALACE PRESS,0,NOS,0,0,0
MC0327-NVS,PP/W/B-06,,005SA0725049 - DIJVAJAY ( 5 TON ),Asset,Mechanical press,MILAN PALACE PRESS,0,NOS,0,0,0
MC0328-NVS,PP/W/B-07,,- - DIJVAJAY ( 5 TON ),Asset,Mechanical press,MILAN PALACE PRESS,0,NOS,0,0,0
MC0329-NVS,PP/W/B-08,,005SA0725045 - DIJVAJAY ( 5 TON ),Asset,Mechanical press,MILAN PALACE PRESS,0,NOS,0,0,0
MC0330-NVS,PP/W/B-09,,- - DIJVAJAY ( 5 TON ),Asset,Mechanical press,MILAN PALACE PRESS,0,NOS,0,0,0
MC0331-NVS,PP/W/B-10,,005SA0725061 - DIJVAJAY ( 5 TON ),Asset,Mechanical press,MILAN PALACE PRESS,0,NOS,0,0,0
MC0332-NVS,PP/W/B-11,,005SA0725063 - DIJVAJAY ( 5 TON ),Asset,Mechanical press,MILAN PALACE PRESS,0,NOS,0,0,0
MC0333-NVS,PP/W/B-12,,005SA0725038 - DIJVAJAY ( 5 TON ),Asset,Mechanical press,MILAN PALACE PRESS,0,NOS,0,0,0
MC0334-NVS,PP/W/B-13,,005SA0725041 - DIJVAJAY ( 5 TON ),Asset,Mechanical press,MILAN PALACE PRESS,0,NOS,0,0,0
MC0335-NVS,PP/W/B-14,,005SA0725042 - DIJVAJAY ( 5 TON ),Asset,Mechanical press,MILAN PALACE PRESS,0,NOS,0,0,0
MC0336-NVS,PP/W/B-15,,005SA0725058 - DIJVAJAY ( 5 TON ),Asset,Mechanical press,MILAN PALACE PRESS,0,NOS,0,0,0
MC0337-NVS,PP/W/B-16,,005SA0725059 - DIJVAJAY ( 5 TON ),Asset,Mechanical press,MILAN PALACE PRESS,0,NOS,0,0,0
MC0338-NVS,PP/W/B-17,,005SA0725055 - DIJVAJAY ( 5 TON ),Asset,Mechanical press,MILAN PALACE PRESS,0,NOS,0,0,0
MC0339-NVS,PP/W/B-18,,005SA0725056 - DIJVAJAY ( 5 TON ),Asset,Mechanical press,MILAN PALACE PRESS,0,NOS,0,0,0
MC0340-NVS,PP/W/B-19,,- - DIJVAJAY ( 5 TON ),Asset,Mechanical press,MILAN PALACE PRESS,0,NOS,0,0,0
MC0341-NVS,PP/W/B-20,,- - DIJVAJAY ( 5 TON ),Asset,Mechanical press,MILAN PALACE PRESS,0,NOS,0,0,0
MC0342-WIN,PP/W/M-01,,45134 - DIJVAJAY (30 TON ),Asset,Mechanical press,GAS GODOWN PRESS,0,NOS,0,0,0
MC0343-WIN,PP/W/M-02,,44889 - DIJVAJAY (30 TON ),Asset,Mechanical press,GAS GODOWN PRESS,0,NOS,0,0,0
MC0344-WIN,PP/W/M-03,,44889 - DIJVAJAY (30 TON ),Asset,Mechanical press,GAS GODOWN PRESS,0,NOS,0,0,0
MC0345-WIN,PP/W/M-04,,44889 - DIJVAJAY (30 TON ),Asset,Mechanical press,GAS GODOWN PRESS,0,NOS,0,0,0
MC0346-WIN,PP/W/M-05,,44826 - DIJVAJAY (20 TON ),Asset,Mechanical press,GAS GODOWN PRESS,0,NOS,0,0,0
MC0347-WIN,PP/W/M-06,,45134 - DIJVAJAY (30 TON ),Asset,Mechanical press,GAS GODOWN PRESS,0,NOS,0,0,0
MC0348-WIN,PP/W/M-07,,- - DIJVAJAY (30 TON ),Asset,Mechanical press,GAS GODOWN PRESS,0,NOS,0,0,0
MC0349-WIN,PP/W/M-08,,45134 - DIJVAJAY (30 TON ),Asset,Mechanical press,GAS GODOWN PRESS,0,NOS,0,0,0
MC0350-WIN,PP/W/M-09,,45134 - DIJVAJAY (30 TON ),Asset,Mechanical press,GAS GODOWN PRESS,0,NOS,0,0,0
MC0351-WIN,PP/W/M-10,,45134 - DIJVAJAY (50 TON ),Asset,Mechanical press,GAS GODOWN PRESS,0,NOS,0,0,0
MC0352-WIN,PP/W/M-11,,45134 - DIJVAJAY (50 TON ),Asset,Mechanical press,GAS GODOWN PRESS,0,NOS,0,0,0
MC0353-WIN,PP/W/M-12,,45134 - DIJVAJAY ( 5 TON ),Asset,Mechanical press,GAS GODOWN PRESS,0,NOS,0,0,0
MC0354-WIN,PP/W/M-13,,45134 - DIJVAJAY ( 5 TON ),Asset,Mechanical press,GAS GODOWN PRESS,0,NOS,0,0,0
MC0355-WIN,PP/W/M-14,,45134 - DIJVAJAY ( 5 TON ),Asset,Mechanical press,GAS GODOWN PRESS,0,NOS,0,0,0
MC0356-WIN,PP/W/M-15,,45134 - DIJVAJAY ( 5 TON ),Asset,Mechanical press,GAS GODOWN PRESS,0,NOS,0,0,0
MC0357-WIN,PP/W/M-16,,45134 - DIJVAJAY ( 5 TON ),Asset,Mechanical press,GAS GODOWN PRESS,0,NOS,0,0,0
MC0358-WIN,PP/W/M-17,,45134 - DIJVAJAY ( 5 TON ),Asset,Mechanical press,GAS GODOWN PRESS,0,NOS,0,0,0
MC0359-WIN,PP/W/M-18,,44826 - DIJVAJAY ( 5 TON ),Asset,Mechanical press,GAS GODOWN PRESS,0,NOS,0,0,0
MC0360-WIN,PP/W/M-19,,44826 - DIJVAJAY ( 5 TON ),Asset,Mechanical press,GAS GODOWN PRESS,0,NOS,0,0,0
MC0361-WIN,PP/W/M-20,,45134 - DIJVAJAY ( 5 TON ),Asset,Mechanical press,GAS GODOWN PRESS,0,NOS,0,0,0
MC0362-WIN,PP/W/M-21,,45134 - DIJVAJAY ( 5 TON ),Asset,Mechanical press,GAS GODOWN PRESS,0,NOS,0,0,0
MC0363-WIN,PP/W/M-22,,45134 - DIJVAJAY ( 5 TON ),Asset,Mechanical press,GAS GODOWN PRESS,0,NOS,0,0,0
MC0364-WIN,PP/W/M-23,,45134 - DIJVAJAY ( 5 TON ),Asset,Mechanical press,GAS GODOWN PRESS,0,NOS,0,0,0
MC0365-PP,PP / MS / LC 01,,LENGTH CUTTING MACHINE,Asset,L C MC,RAW MATERIAL (MAIN SITE),0,NOS,0,0,0
MC0366-PP,PP / MS / SH03,,SHEARING MACHINE,Asset,SH . MC,RAW MATERIAL (MAIN SITE),0,NOS,0,0,0
MC0367-PP,PP / MS / SS01,,STRIP STRAIGHTENER,Asset,STRAIGHTER,RAW MATERIAL (MAIN SITE),0,NOS,0,0,0
MC0368-PP,PP / MS / SH04,,HAND SHEARING MACHINES,Asset,H SH . MC,RAW MATERIAL (MAIN SITE),0,NOS,0,0,0
MC0369-PP,PP / MS / L01,,LIFT,Asset,LIFT,RAW MATERIAL (MAIN SITE),0,NOS,0,0,0
MC0370-PP,PP / MS / CR 01,,CRANE (HOIST),Asset,CRANE,RAW MATERIAL (MAIN SITE),0,NOS,0,0,0
MC0371-PP,PP / MS / LF 01,,LIFTER (AAGENGI SERVICE) 1000 KG,Asset,LIFTER,RAW MATERIAL (MAIN SITE),0,NOS,0,0,0
MC0372-PP,PP / MS / LF 02,,LIFTER (AAGENGI SERVICE) 1000 KG,Asset,LIFTER,RAW MATERIAL (MAIN SITE),0,NOS,0,0,0
MC0373-KS,PP / MS / SH02,,SHEARING MACHINE,Asset,,RAW MATERIAL--NAIGAON,0,NOS,0,0,0
MC0374-KS,PP / MS / LC 05,,LENGTH CUTTING MACHINE,Asset,L C MC,RAW MATERIAL--NAIGAON,0,NOS,0,0,0
MC0375-KS,PP / MS / SS02,,STRIP STRAIGHTENER,Asset,,RAW MATERIAL--NAIGAON,0,NOS,0,0,0
MC0376-KS,PP / MS / SM01,,STACKER M/C,Asset,,RAW MATERIAL--NAIGAON,0,NOS,0,0,0
MC0377-KS,PP / MS / FL 01 N,,FORKLIFTER (ELIGHT INDUSTRIAL) CAPACITY 2000 KG--ECBKN6706N00010,Asset,,RAW MATERIAL--NAIGAON,0,NOS,0,0,0
MC0378-RNS,PP/HT/AUST/01,,_ - AUSTEMPERING CONTINUOUS FURNACE -MAKE -KOHNLE(BENCO GROUP),Asset,AUS TEMPERING,HEAT TREATMENT --AUST TEMPERING (EMANS-2),0,NOS,0,0,0
MC0379-RNS,PP/HT/CT/01,,_ - COOLING TOWER,Asset,COOLING,HEAT TREATMENT --AUST TEMPERING (EMANS-2),0,NOS,0,0,0
MC0380-RNS,PP/HT/HT/18,,SR NO-2023/1541 - ROCKWELL HARDNESS TESTER (FINE ),Asset,H .TESTER,HEAT TREATMENT --AUST TEMPERING (EMANS-2),0,NOS,0,0,0
MC0381-RNS,PP/HT/HT/19,,SR NO-2023/1538 - ROCKWELL CUM SUPERFICIAL (FINE),Asset,H .TESTER,HEAT TREATMENT --AUST TEMPERING (EMANS-2),0,NOS,0,0,0
MC0382-RNS,PP/ HT / MFT/ 01,,MUFFLE FURNACE TEMPERING,Asset,TEMPERING,HEAT TREATMENT --AUST TEMPERING (EMANS-2),0,NOS,0,0,0
MC0383-BJS,PP / HT / SHF02,,SHAKER HEARTH FURNACE,Asset,HARDENING,HEAT-TREATMENT (BAJAJ),0,NOS,0,0,0
MC0384-BJS,PP / HT / PTTF02,,PIT TYPE TEMPERING FURNACE,Asset,TEMPERING,HEAT-TREATMENT (BAJAJ),0,NOS,0,0,0
MC0385-BJS,PP / H.T / OCU02,,OIL COOLING UNIT,Asset,CHILLER MC,HEAT-TREATMENT (BAJAJ),0,NOS,0,0,0
MC0386-BJS,PP / H.T./COM 01,,COMPRESSOR ELGE 2270,Asset,COMPRESSOR,HEAT-TREATMENT (BAJAJ),0,NOS,0,0,0
MC0387-BJS,PP / HT / DVB01,,VIBRATORY BARREL DRY,Asset,DRAYER,HEAT-TREATMENT (BAJAJ),0,NOS,0,0,0
MC0388-BJS,PP / H.T / HT 05,,FINE TESTING SUPERFICIAL HARDNESS TESTER,Asset,H.TESTER,HEAT-TREATMENT (BAJAJ),0,NOS,0,0,0
MC0389-BJS,PP / H.T / HT 06,,HARDNESS TESTER (FINE TESTING),Asset,H.TESTER,HEAT-TREATMENT (BAJAJ),0,NOS,0,0,0
MC0390-BJS,PP / H.T / HT 08,,HARDNESS TESTER (FINE TESTING) NOT IN USE,Asset,H.TESTER,HEAT-TREATMENT (BAJAJ),0,NOS,0,0,0
MC0391-BJS,PP/ HT/CR/ 01,,CRANE,Asset,HOIST,HEAT-TREATMENT (BAJAJ),0,NOS,0,0,0
MC0392-PMS,PP / HT / MFH01,,_ - MUFFLE FURNACE ( HARDENING),Asset,HARDENING,FIX. TEMPERING (EMANS-3),0,NOS,0,0,0
MC0393-PMS,PP / HT / MFT01,,_ - MUFFLE FURNACE ( TEMPERING),Asset,TEMPERING,FIX. TEMPERING (EMANS-3),0,NOS,0,0,0
MC0394-PMS,PP / HT / MFT02,,_ - MUFFLE FURNACE ( TEMPERING),Asset,TEMPERING,FIX. TEMPERING (EMANS-3),0,NOS,0,0,0
MC0395-PMS,PP / HT / MFT03,,_ - MUFFLE FURNACE ( TEMPERING),Asset,TEMPERING,FIX. TEMPERING (EMANS-3),0,NOS,0,0,0
MC0396-PMS,PP / H.T / HP01,,_ - HAND PRESS,Asset,H PRESS,FIX. TEMPERING (EMANS-3),0,NOS,0,0,0
MC0397-PMS,PP / PM/ HT/09,,SR NO-2016/783 - ROCKWELL CUM SUPERFICIAL HARDNESS TESTER(FINE),Asset,H TESTER,FIX. TEMPERING (EMANS-3),0,NOS,0,0,0
MC0398-PMS,PP / HT / L01,,AM23060930 - LIFTER,Asset,LIFTER,FIX. TEMPERING (EMANS-3),0,NOS,0,0,0
MC0399-PMS,PP /HT/ COM /01,,BR-PNA820503 - COMPRESSOR (CHICAGO PNEUMATIC)-15 HP,Asset,COMPRESSOR,FIX. TEMPERING (EMANS-3),0,NOS,0,0,0
MC0400-PMS,PP /HT/ COM /02,,TS07120 HN - COMPRESSOR ELGE --7 .5 HP,Asset,COMPRESSOR,FIX. TEMPERING (EMANS-3),0,NOS,0,0,0
MC0401-PMS,PP / HT / SHF01A,,_ - SHAKER HEARTH FURNACE & TEMPERING,Asset,HARDENING,HEAT-TREATMENT (MAIN SITE),0,NOS,0,0,0
MC0402-PP,PP / HT / PTTF01,,_ - PIT TYPE TEMPERING FURNACE,Asset,TEMPERING,HEAT-TREATMENT (MAIN SITE),0,NOS,0,0,0
MC0403-PP,PP / HT / OCU01,,_ - OIL COOLING UNIT,Asset,CHILLER MC,HEAT-TREATMENT (MAIN SITE),0,NOS,0,0,0
MC0404-PP,PP / H.T / HT 03,,SR-200-/001 - SUPERFICIAL HARDNESS TESTER,Asset,H.TESTER,HEAT-TREATMENT (MAIN SITE),0,NOS,0,0,0
MC0405-PP,PP/ HT/ HT/ 10,,SR-2017/830 - ROCKWELL HARDNESS TESTER,Asset,H.TESTER,HEAT-TREATMENT (MAIN SITE),0,NOS,0,0,0
MC0406-PP,PP/ HT/CR/ 01,,_ - CRANE,Asset,CRANE,HEAT-TREATMENT (MAIN SITE),0,NOS,0,0,0
MC0407-PP,PP/ HT/DLT / 01,,_ - DRUM LIFTER TROLLY,Asset,TROLLY,HEAT-TREATMENT (MAIN SITE),0,NOS,0,0,0
MC0408-KS,PP / H.T / PW01,,6763 - PNEUMATIC TORQUE WRENCH ( CP-3/4 '' ),Asset,Pneumatic,PNEUMATIC WRENCH,0,NOS,0,0,0
MC0409-KS,PP / H.T / PW02,,278D - PNEUMATIC TORQUE WRENCH (TPT-3/4'' ),Asset,Pneumatic,PNEUMATIC WRENCH,0,NOS,0,0,0
MC0410-KS,PP / H.T / PW03,,SA2357 - PNEUMATIC TORQUE WRENCH (VGL-3/4'' ),Asset,Pneumatic,PNEUMATIC WRENCH,0,NOS,0,0,0
MC0411-KS,PP / H.T / PW04,,6763 - PNEUMATIC TORQUE WRENCH ( CP-3/4 '' ),Asset,Pneumatic,PNEUMATIC WRENCH,0,NOS,0,0,0
MC0412-KS,PP / H.T / PW05,,6763 - PNEUMATIC TORQUE WRENCH ( CP-3/4 '' ),Asset,Pneumatic,PNEUMATIC WRENCH,0,NOS,0,0,0
MC0413-KS,PP / H.T / PW06,,6763 - PNEUMATIC TORQUE WRENCH ( CP-3/4 '' ),Asset,Pneumatic,PNEUMATIC WRENCH,0,NOS,0,0,0
MC0414-KS,PP / H.T / PW07,,769 - PNEUMATIC TORQUE WRENCH ( CP-1/2 '' ),Asset,Pneumatic,PNEUMATIC WRENCH,0,NOS,0,0,0
MC0415-KS,PP / H.T / PW08,,6763 - PNEUMATIC TORQUE WRENCH ( CP-3/4 '' ),Asset,Pneumatic,PNEUMATIC WRENCH,0,NOS,0,0,0
MC0416-KS,PP / H.T / PW09,,6763 - PNEUMATIC TORQUE WRENCH ( CP-3/4 '' ),Asset,Pneumatic,PNEUMATIC WRENCH,0,NOS,0,0,0
MC0417-KS,PP / H.T / PW10,,231C - PNEUMATIC TORQUE WRENCH( IR-1/2 '' ),Asset,Pneumatic,PNEUMATIC WRENCH,0,NOS,0,0,0
MC0418-KS,PP / H.T / PW13,,6763 - PNEUMATIC TORQUE WRENCH ( CP-3/4 '' ),Asset,Pneumatic,PNEUMATIC WRENCH,0,NOS,0,0,0
MC0419-KS,PP / H.T / PW14,,6763 - PNEUMATIC TORQUE WRENCH ( CP-3/4 '' ),Asset,Pneumatic,PNEUMATIC WRENCH,0,NOS,0,0,0
MC0420-KS,PP / H.T / PW15,,7776 - PNEUMATIC TORQUE WRENCH ( CP-1 '' ),Asset,Pneumatic,PNEUMATIC WRENCH,0,NOS,0,0,0
MC0421-KS,PP / H.T / PW16,,8613 - DIGITAL TORQUE WRENCH ( CP-3/4 '' ),Asset,Pneumatic,PNEUMATIC WRENCH,0,NOS,0,0,0
MC0422-KS,PP / H.T / PW17,,7729 - PNEUMATIC TORQUE WRENCH ( CP-3/8'' ),Asset,Pneumatic,PNEUMATIC WRENCH,0,NOS,0,0,0
MC0423-KS,PP / H.T / PW18,,7729 - PNEUMATIC TORQUE WRENCH ( CP-3/8 '' ),Asset,Pneumatic,PNEUMATIC WRENCH,0,NOS,0,0,0
MC0424-BJS,PP / VB / VB01,,VIBRATOR BARREL DRY (CERAMED),Asset,VIBRATOR,BAJAJ FIXTURE TEMPERING,0,NOS,0,0,0
MC0425-BJS,PP / HT / MFT01,,MUFFLE FURNACE ( TEMPERING),Asset,TEMPERING,BAJAJ FIXTURE TEMPERING,0,NOS,0,0,0
MC0426-RNS,PP / HT / SHF02 N,,SHF#16*4*96 C.INCH - SHAKER HEARTH AND CONTINUOUS TEMPERING FURNACE (QTE),Asset,HARDENING,HEAT-TREATMENT (RN),0,NOS,0,0,0
MC0427-RNS,PP / H.T / OCU02,,SR NO - KY100032 - OIL CHILLER UNIT(BLUE STAR) 10 TR,Asset,CHILLER MC,HEAT-TREATMENT (RN),0,NOS,0,0,0
MC0428-RNS,PP / H.T / COM 01,,SR NO - SS1150573 - COMPRESSOR FCSURTIS SEM 40,Asset,COMPRESSOR,HEAT-TREATMENT (RN),0,NOS,0,0,0
MC0429-RNS,PP / H.T / COM 02,,SR NO - SS12/10157 - COMPRESSOR FCSURTIS SEM 30,Asset,COMPRESSOR,HEAT-TREATMENT (RN),0,NOS,0,0,0
MC0430-RNS,PP/ HT/DLT / 02,,_ - DRUM LIFTER TROLLY,Asset,TROLLY,HEAT-TREATMENT (RN),0,NOS,0,0,0
MC0431-MS,PP/TR01/L02,,_ - LATHE (ATUL )JK,Asset,LATHE MC,TOOL ROOM-1,0,NOS,0,0,0
MC0432-MS,PP/TR01/L03,,_ - LATHE M/C (PINACHO) 4 1/2,Asset,LATHE MC,TOOL ROOM-1,0,NOS,0,0,0
MC0433-MS,PP/TR01/L04,,_ - LATHE (ATUL ),Asset,LATHE MC,TOOL ROOM-1,0,NOS,0,0,0
MC0434-MS,PP/TR01/L05,,MODEL NO-5 - LATHE M/C – ANIL M/C NO 7744/SIZE 162MM,Asset,LATHE MC,TOOL ROOM-1,0,NOS,0,0,0
MC0435-MS,PP/ TR01/SG 01,,SR NO-87-88/31 - SURFACE GRINDING MACHINE NH 500 (ALEX),Asset,SURFACE GRINDER,TOOL ROOM-1,0,NOS,0,0,0
MC0436-MS,PP/ TR01/SG 02,,SR NO-01-19/10 - SURFACE GRINDING M/C NH-500,Asset,SURFACE GRINDER,TOOL ROOM-1,0,NOS,0,0,0
MC0437-MS,PP/ TR01/SG 03,,SURFACE GRINDING MACHINE NH750 (ALEX),Asset,SURFACE GRINDER,TOOL ROOM-1,0,NOS,0,0,0
MC0438-MS,PP/ TR01/SG 04,,SR NO-10-11-03 - SURFACE GRINDING M/C NH-8040,Asset,SURFACE GRINDER,TOOL ROOM-1,0,NOS,0,0,0
MC0439-MS,PP/TR01/M01,,MILLING M/C LINK LTM5SS,Asset,MILLING MC,TOOL ROOM-1,0,NOS,0,0,0
MC0440-MS,PP/TR01/M02,,SR NO18-19/10 - MILLING M/C (GRAFT TOOL) OLD M/CIN NH 500,Asset,MILLING MC,TOOL ROOM-1,0,NOS,0,0,0
MC0441-MS,PP/TR01/BG01,,_ - BENCH GRINDER ELMACO BG 583,Asset,GRINDER,TOOL ROOM-1,0,NOS,0,0,0
MC0442-MS,PP/TR01/BG02,,_ - BENCH GRINDER,Asset,GRINDER,TOOL ROOM-1,0,NOS,0,0,0
MC0443-MS,PP/TR01/HG 01,,_ - HAND GRINDIER,Asset,GRINDER,TOOL ROOM-1,0,NOS,0,0,0
MC0444-MS,PP/TR01/HP01,,_ - HAND PRESS (NO.5),Asset,H PRESS,TOOL ROOM-1,0,NOS,0,0,0
MC0445-MS,PP/TR01/HP02,,_ - HAND PRESS (NO.5),Asset,H PRESS,TOOL ROOM-1,0,NOS,0,0,0
MC0446-MS,PP/TR01/D01,,_ - DRILLING M/C SKF 20MM,Asset,DRILLING MC,TOOL ROOM-1,0,NOS,0,0,0
MC0447-MS,PP/TR01/D02,,_ - DRILLING M/C GPM 13 MM,Asset,DRILLING MC,TOOL ROOM-1,0,NOS,0,0,0
MC0448-MS,PP/TR01/CR 01,,_ - CRAIN-JAYCU-1.0 TON,Asset,CRAIN MC,TOOL ROOM-1,0,NOS,0,0,0
MC0449-MS,PP / RN /SG 01,,_ - SURFACE GRINDER (KENT),Asset,GRINDER,TOOL ROOM-1,0,NOS,0,0,0
MC0450-MS,PP / RN /CMF 01,,_ - CHAMFER MACHINE (BHAVYA),Asset,CHAMFER MC,TOOL ROOM-1,0,NOS,0,0,0
MC0451-MS,PP/TR01/DH 01,,DHT-8 SR NO-806/10 - DYNAMIC HARDNESS TESTER -FASNE TEST EQUIPEMENTS PVT LTED,Asset,HARNESS TESTER,TOOL ROOM-1,0,NOS,0,0,0
MC0452-MS,PP/TR/HT/21,,TRB-250/2025/1710 - ROCKWELL HARDNESS TESTER -FINE MANUFACTURING IND.,Asset,HARNESS TESTER,TOOL ROOM-1,0,NOS,0,0,0
MC0453-ALC,PP/TR02/SG01,,SR NO 16-17/6 - SURFACE GRINDER ALEX NH 500,Asset,S.GRINDER,TOOL ROOM - 2,0,NOS,0,0,0
MC0454-ALC,PP/TR02/SG02,,SR NO 16-17/7 - SURFACE GRINDER ALEX NH 500,Asset,S.GRINDER,TOOL ROOM - 2,0,NOS,0,0,0
MC0455-ALC,PP/TR02/SG03,,SR NO-03-04/12 - SURFACE GRINDER NH 750,Asset,S.GRINDER,TOOL ROOM - 2,0,NOS,0,0,0
MC0456-ALC,PP/TR02/SG04,,SR-09-10/11 - SURFACE GRINDER ALEX -MODEL-NH 8040,Asset,S.GRINDER,TOOL ROOM - 2,0,NOS,0,0,0
MC0457-ALC,PP/TR02/BG01,,_ - BENCH GRINDER,Asset,GRINDER,TOOL ROOM - 2,0,NOS,0,0,0
MC0458-ALC,PP/TR02/L01,,_ - LATHE M/C (ATUL) JK,Asset,LATHE MC,TOOL ROOM - 2,0,NOS,0,0,0
MC0459-ALC,PP/TR02/L02,,SR NO-130749(09-2011) - ESTEAM ETM 410 LATHE,Asset,LATHE MC,TOOL ROOM - 2,0,NOS,0,0,0
MC0460-ALC,PP/TR02/L03,,SR.NO.57 YEAR 01-015 - LATH M/C – PREMIER MODEL NO. LD 1 -,Asset,LATHE MC,TOOL ROOM - 2,0,NOS,0,0,0
MC0461-ALC,PP/TR02/D01,,SR NO - 19596 - DRILLING M/C SKP 19MM(19596101),Asset,DRILL MC,TOOL ROOM - 2,0,NOS,0,0,0
MC0462-ALC,PP/TR02/D02,,SR NO-26307 - DRILLING M/C SKP 20MM,Asset,DRILL MC,TOOL ROOM - 2,0,NOS,0,0,0
MC0463-ALC,PP/TR02/D03,,SR NO-16135-95 YEAR - DRILLING M/C 19 MM,Asset,DRILL MC,TOOL ROOM - 2,0,NOS,0,0,0
MC0464-ALC,PP/TR02/D04,,_ - DRILLING M/C CAPACITY 20 MM TO 25MM,Asset,DRILL MC,TOOL ROOM - 2,0,NOS,0,0,0
MC0465-ALC,PP/TR02/HP01,,_ - HAND PRESS (NO.5),Asset,H.PRESS,TOOL ROOM - 2,0,NOS,0,0,0
MC0466-ALC,PP/TR02/M01,,1306006 - MILLING M/C LINK LTM 5SS,Asset,MILLING MC,TOOL ROOM - 2,0,NOS,0,0,0
MC0467-ALC,PP/TR02/M02,,SR NO--201007150N - MILLING M/C ALTO HV2CWU,Asset,MILLING MC,TOOL ROOM - 2,0,NOS,0,0,0
MC0468-ALC,PP/TR02/COM2,,SR NO -SS1140198 - FS CURTIS SE G-15,Asset,COMP,TOOL ROOM - 2,0,NOS,0,0,0
MC0469-ALC,PP/TR02/ STD 01,,_ - SMART TOOL DISPENSPESAR,Asset,,TOOL ROOM - 2,0,NOS,0,0,0
MC0470-ALC,PP/TR02/WC01,,DK7740 CONCORD - EDM (W/C ) SUZHOU BOMA,Asset,EDM,TOOL ROOM - 2,0,NOS,0,0,0
MC0471-ALC,PP/TR02/WC02,,SR NO MW13400001 - YCM W 400,Asset,YCM,TOOL ROOM - 2,0,NOS,0,0,0
MC0472-ALC,PP/TR02/WC03,,MW 114025 - YCM W 40,Asset,YCM,TOOL ROOM - 2,0,NOS,0,0,0
MC0473-ALC,PP/TR02/WC05,,SY-2030 F - EDM DRILLING -SHIANG YANG-,Asset,EDM DRILL,TOOL ROOM - 2,0,NOS,0,0,0
MC0474-ALC,PP/TR02/WC06,,SR NO -P1ES11223 - EDM DRILLING MACHINE -PHILLIPS MODEL NI -PRD 438,Asset,EDM DRILL,TOOL ROOM - 2,0,NOS,0,0,0
MC0475-ALC,PP/TR02/WC07,,SR NO CML 620D026 - ACCUTEX WIRE CUT -MODEL NO-AL 600SA--,Asset,ACCUTEX,TOOL ROOM - 2,0,NOS,0,0,0
MC0476-ALC,PP/TR02/WC08,,SR NO ME 52CD010 - ACCUTEX WIRE CUT -MODEL NO-GR 53 S--,Asset,ACCUTEX,TOOL ROOM - 2,0,NOS,0,0,0
MC0477-ALC,PP/TR02/COM1,,TPD(PNE 311513)CP - COMPRESSOR CPA 15,Asset,COMPRESSOR,TOOL ROOM - 2,0,NOS,0,0,0
MC0478-ALC,PP/TR02/HT07,,HARDNESS TESTER,Asset,,TOOL ROOM - 2,0,NOS,0,0,0
MC0479-ALC,PP/TR02/V02,,60012134 - 2014 - JYOTI PX-10 (V.M.C),Asset,VMC,VMC,0,NOS,0,0,0
MC0480-ALC,PP/TR02/V03,,JC - 1002394-0730 - VMC 640--MAKE JYOTI,Asset,VMC,VMC,0,NOS,0,0,0
MC0481-ALC,PP/TR02/V04,,SR NO -0060031361-2019 - JYOTI VMC MODEL NO-TACHYOH,Asset,VMC,VMC,0,NOS,0,0,0
MC0482-ALC,PP/TR04/L01,,LATHE M/C (KIRLOSKAR),Asset,LATHE MC,TOOL ROOM - 4,0,NOS,0,0,0
MC0483-ALC,PP/TR04/L02,,LATHE M/C(KISAN),Asset,LATHE MC,TOOL ROOM - 4,0,NOS,0,0,0
MC0484-ALC,PP/TR04/L03,,LATHE M/C(PREMIER),Asset,LATHE MC,TOOL ROOM - 4,0,NOS,0,0,0
MC0485-ALC,PP/TR04/L04,,LATHE M/C(KISAN),Asset,LATHE MC,TOOL ROOM - 4,0,NOS,0,0,0
MC0486-ALC,PP/TR04/L05,,LATHE M/C(KISAN),Asset,LATHE MC,TOOL ROOM - 4,0,NOS,0,0,0
MC0487-RNS,PP / H / DD01,,SR-21-22 / 02 - ALEX GRINDING MACHINE -DDV 350,Asset,DOUBLE DISK,HANON (EMANS-2),0,NOS,0,0,0
MC0488-RNS,PP / H / DD02,,SR-24-25/ 02 - ALEX GRINDING MACHINE -DDV 350,Asset,DOUBLE DISK,HANON (EMANS-2),0,NOS,0,0,0
MC0489-RNS,PP / H / DD03,,SR-24-25/ 03 - ALEX GRINDING MACHINE -DDV 350,Asset,DOUBLE DISK,HANON (EMANS-2),0,NOS,0,0,0
MC0490-RNS,PP / H / LP01,,M/15 B-5L-1V-SR-DSM-1205 - LAPPING MACHINE(SPEED FAM ),Asset,LAPPING,HANON (EMANS-2),0,NOS,0,0,0
MC0491-RNS,PP / H / LP02,,M/15 B-5L-1V-SR-DSM-1262 - LAPPING MACHINE(SPEED FAM ),Asset,LAPPING,HANON (EMANS-2),0,NOS,0,0,0
MC0492-RNS,PP / H / LP 03,,M/15 B-5L-1V-SR-DSM-1304 - LAPPING MACHINE (SPEED FAM),Asset,LAPPING,HANON (EMANS-2),0,NOS,0,0,0
MC0493-RNS,PP / H / LP 04,,M.NO-21050297 - LAPPING MACHINE(YUHUAN ),Asset,LAPPING,HANON (EMANS-2),0,NOS,0,0,0
MC0494-RNS,PP / H / TCE 01,,D-N0-40722 - THICKNESS CHECKING EQUIPMENT(PN),Asset,THK CHECK,HANON (EMANS-2),0,NOS,0,0,0
MC0495-RNS,PP / H / CP / 01,,_ - COLOUR PROTOTYPE,Asset,COLOUR PROT,HANON (EMANS-2),0,NOS,0,0,0
MC0496-RNS,PP / H / CF / 01,,_ - CENTRIFUGAL BARREL (CHE-40 L),Asset,SURFACE FINISH,HANON (EMANS-2),0,NOS,0,0,0
MC0497-RNS,PP / H / DVB01,,_ - VIBRATOR BARREL DRYER (SMS),Asset,SURFACE FINISH,HANON (EMANS-2),0,NOS,0,0,0
MC0498-RNS,PP / H / COM01,,_ - COMPRESSOR (HORIZON) TS 07,Asset,COMPRESSOR,HANON (EMANS-2),0,NOS,0,0,0
MC0499-RNS,PP / H / MFT / 01,,_ - MUFFLE FURNACE (KIRAN ENGG),Asset,TEMPERING,HANON (EMANS-2),0,NOS,0,0,0
MC0500-RNS,PP / H / BP / 01,,_ - BHOOSA POLISHING MACHING,Asset,SURFACE FINISH,HANON (EMANS-2),0,NOS,0,0,0
MC0501-RNS,PP / H / RO / 01,,_ - R O PLANT (PURE LIFE FILTERION PVT LTD.),Asset,R O PLANT,HANON (EMANS-2),0,NOS,0,0,0
MC0502-RNS,PP/H /CR 01,,_ - CRAIN-JAYCU-1.0 TON,Asset,CRAIN,HANON (EMANS-2),0,NOS,0,0,0
MC0503-RNS,PP/ H / SM 01,,_ - SEELING MACHING(DIVINE MFG CO),Asset,SEELING MC,HANON (EMANS-2),0,NOS,0,0,0
MC0504-HS,PP / CS / CNC 03,,DX - 250 - JYOTI,Asset,CNC,CNC SHOP,0,NOS,0,0,0
MC0505-HS,PP / CS / CNC 04,,HAOZE CK 0640 0104 - HAOZE,Asset,CNC,CNC SHOP,0,NOS,0,0,0
MC0506-HS,PP / CS / CNC 05,,SR NO -2104310 - DAEWOO (LYNX 210 B),Asset,CNC,CNC SHOP,0,NOS,0,0,0
MC0507-HS,PP / CS / CNC 06,,HAOZE CK 0640 - HAOZE,Asset,CNC,CNC SHOP,0,NOS,0,0,0
MC0508-HS,PP / CS / CNC 07,,HAOZE CK 0640 0103 - HAOZE,Asset,CNC,CNC SHOP,0,NOS,0,0,0
MC0509-HS,PP / CS / CNC 08 N,,HAOZE CK 0640 /2025040247 - HAOZE,Asset,CNC,CNC SHOP,0,NOS,0,0,0
MC0510-HS,PP / CS / CNC 09 N,,HAOZE CK 0640 /2025040248 - HAOZE,Asset,CNC,CNC SHOP,0,NOS,0,0,0
MC0511-PP,PP/ ML/ HT/ 11,,FINE MANUFACTURING INDUSTRIES-SR NO-2016/301 - ROCKWELL CUM SUPERFICIAL(DIGITAL),Asset,H .TESTER,METALAB (MAIN SITE),0,NOS,0,0,0
MC0512-PP,PP/ ML/ HT/ 12,,FINE MANUFACTURING INDUSTRIES-2019-259 - VICKERS HARDNESS TESTER,Asset,H .TESTER,METALAB (MAIN SITE),0,NOS,0,0,0
MC0513-PP,PP/ ML/ ETM/ 01,,FINE MANUFACTURING INDUSTRIES - ERICHSEN CUPPING TESTING MACHINE,Asset,TESTER,METALAB (MAIN SITE),0,NOS,0,0,0
MC0514-PP,PP/ ML/ SRT/ 01,,MITUTOYO - SURFACE ROUGHNESS TESTER (SEMI INSP),Asset,TESTER,METALAB (MAIN SITE),0,NOS,0,0,0
MC0515-PP,PP/ ML/ MHT/ 01,,MITUTOYO-060110046 - MICRO VICKERS HARDNESS TESTER,Asset,H.TESTER,METALAB (MAIN SITE),0,NOS,0,0,0
MC0516-PP,PP/ ML/ MHT/ 02,,MITUTOYO-1700112206 - MICRO VICKERS HARDNESS TESTER,Asset,H.TESTER,METALAB (MAIN SITE),0,NOS,0,0,0
MC0517-PP,PP/ ML/ SSA/ 01,,KIRAN ELECTRONICS - SALT SPRAY APPARATUS,Asset,S.S,METALAB (MAIN SITE),0,NOS,0,0,0
MC0518-PP,PP/ ML/ SSA/ 02,,KIRAN ELECTRONICS - SALT SPRAY APPARATUS,Asset,S.S,METALAB (MAIN SITE),0,NOS,0,0,0
MC0519-PP,PP/ ML/ WB/ 01,,CLASSIC INDUSTRIES - WEIGHING BALANCE ( SINGLE PAN),Asset,,METALAB (MAIN SITE),0,NOS,0,0,0
MC0520-PP,PP/ ML/ PHT/ 02,,HANNA INSTRUMENTS - POCKET PH TESTER,Asset,TESTER,METALAB (MAIN SITE),0,NOS,0,0,0
MC0521-PP,PP/ML/TDS/01,,HANNA INSTRUMENTS - TDS METER,Asset,METER,METALAB (MAIN SITE),0,NOS,0,0,0
MC0522-PP,PP/ML/CTG/01,,HALL MARK - COATING THICKNESS GAUGE (YUYUTSU),Asset,THK .GAUGE,METALAB (MAIN SITE),0,NOS,0,0,0
MC0523-PP,PP/ML/CTG/02,,KIRAN ELECTRONICS - COATING THICKNESS (PTT ECO),Asset,THK .GAUGE,METALAB (MAIN SITE),0,NOS,0,0,0
MC0524-PP,PP/ ML/ M/ 01,,SEIWA OPTICALS - IMAGE ANALYSER METALLURGICAL MICROSCOPE,Asset,MICROSCOPE,METALAB (MAIN SITE),0,NOS,0,0,0
MC0525-PP,PP/ ML/ SM/ 01,,AMETEK - SPECTRO METER,Asset,MICROSCOPE,METALAB (MAIN SITE),0,NOS,0,0,0
MC0526-PP,PP/ ML/ HT/ 13,,FINE MANUFACTURING INDUSTRIES-20221503 - ROCKWELL HARDNESS TESTER,Asset,METER,METALAB (MAIN SITE),0,NOS,0,0,0
MC0527-PP,PP/ML/RM/01,,ERMA-INC(TOKYO JAPAN) - REFRACTO METER,Asset,METER,METALAB (MAIN SITE),0,NOS,0,0,0
MC0528-PP,PP/ ML/ CT/ 01,,CHENNAI METCO -6392 - CUTTING MACHINE,Asset,CUTTING MC,METALAB (MAIN SITE),0,NOS,0,0,0
MC0529-PP,PP/ ML/ GR/ 01,,CHENNAI METCO - BELT GRINDER,Asset,GRINDER,METALAB (MAIN SITE),0,NOS,0,0,0
MC0530-PP,PP /ML/ DHT/ 01 N,,FASNE TEST EQUIPMENTS PVT.LTD. - DYNAMIC HARDNESS TESTER,Asset,TESTER,METALAB (MAIN SITE),0,NOS,0,0,0
MC0531-PP,PP/ ML/ MM/ 01,,CHENNAI METCO - SPECTRUM MOUNT PREPARATION MACHINE,Asset,,METALAB (MAIN SITE),0,NOS,0,0,0
MC0532-PP,PP/ ML/ PM/ 01,,CHENNAI METCO - POLISHING MACHINE,Asset,P. MC,METALAB (MAIN SITE),0,NOS,0,0,0
MC0533-PP,PP/ ML/ XA/ 01,,FISCHER - FISCHERSCOPE --X-RAY XAN,Asset,,METALAB (MAIN SITE),0,NOS,0,0,0
MC0534-PP,PP/ML/SWB/ 01,,META-LAB SCIENTIFIC INDUSTRIES-SR NO-29953 - SEROLOGICAL WATER BATH,Asset,,METALAB (MAIN SITE),0,NOS,0,0,0
MC0535-PP,PP/ML/VM/01,,OPTEL - VIBRATION METER,Asset,METER,METALAB (MAIN SITE),0,NOS,0,0,0
MC0536-PP,PP/ML/IM/02,,DAKSH - INVERTED MICROSCOPE,Asset,MICROSCOPE,METALAB (MAIN SITE),0,NOS,0,0,0
MC0537-PP,PP/ML/MF/01,,ARGO - MUFFLE FURNACE,Asset,,METALAB (MAIN SITE),0,NOS,0,0,0
MC0538-PP,PP/ML/MPAS/01,,DAKSH - MILLIPORE PARTICLE ANALYSIS SYSTEM,Asset,,METALAB (MAIN SITE),0,NOS,0,0,0
MC0539-PP,PP/ML/EWB/02,,WENSAR - ELECTRONIC WEIGHING BALANCE,Asset,,METALAB (MAIN SITE),0,NOS,0,0,0
MC0540-PP,PP/ML/OV/01,,DAKSH - OVEN,Asset,,METALAB (MAIN SITE),0,NOS,0,0,0
MC0541-PP,PP/ML/DPM/01,,BVG -TECH - DISE -POLISHING MACHINE MODEL -DDMG-28 SR. -090915 BVG -TECH,Asset,,METALAB (MAIN SITE),0,NOS,0,0,0
MC0542-PP,PP / LS / LP 01,,DSM - 1286 - LAPPING MACHINE (SPEED FAM),Asset,LAPPING MC,LAPPING SHOP (MAIN SITE),0,NOS,0,0,0
MC0543-PP,PP / LS / LP 02,,DSM - 1299 - LAPPING MACHINE (SPEED FAM),Asset,LAPPING MC,LAPPING SHOP (MAIN SITE),0,NOS,0,0,0
MC0544-PP,PP / LS / LP 03,,20090969 - LAPPING MACHINE (YUHANN),Asset,LAPPING MC,LAPPING SHOP (MAIN SITE),0,NOS,0,0,0
MC0545-PP,PP / LP / DM 01,,_ - DE - MAGNETISER (SARGA),Asset,DE MAGNT,LAPPING SHOP (MAIN SITE),0,NOS,0,0,0
MC0546-PP,PP / LP / OF 01,,_ - OIL FILTRASSION,Asset,OIL FILT,LAPPING SHOP (MAIN SITE),0,NOS,0,0,0
MC0547-PP,PP /LP / DM 02,,_ - DE - MAGNETISER (JK) JK INDUSTRIES,Asset,DE MAGNT,LAPPING SHOP (MAIN SITE),0,NOS,0,0,0
MC0548-PP,PP/GRD/RG01,,_ - VERTICAL GRINDING M/C ( ROATARY ),Asset,SINGLE DISK,GRINDING - I (MAIN SITE),0,NOS,0,0,0
MC0549-PP,PP/GRD/RG02,,_ - VERTICAL GRINDING M/C ( ROATARY ),Asset,SINGLE DISK,GRINDING - I (MAIN SITE),0,NOS,0,0,0
MC0550-PP,PP/GRD/RG03,,_ - VERTICAL GRINDING M/C ( ROATARY ),Asset,SINGLE DISK,GRINDING - I (MAIN SITE),0,NOS,0,0,0
MC0551-PP,PP/GRD/RG04,,_ - VERTICAL GRINDING M/C ( ROATARY ),Asset,SINGLE DISK,GRINDING - I (MAIN SITE),0,NOS,0,0,0
MC0552-PP,PP/GRD/RG05,,_ - VERTICAL GRINDING M/C ( ROATARY ),Asset,SINGLE DISK,GRINDING - I (MAIN SITE),0,NOS,0,0,0
MC0553-PP,PP/GRD/RG06,,_ - GRINDING M/C ( ALEX R20A),Asset,SINGLE DISK,GRINDING - I (MAIN SITE),0,NOS,0,0,0
MC0554-PP,PP/GRD/DD01,,_ - GRINDING M/C.(RIMACO),Asset,DOUBLE DISK,GRINDING - I (MAIN SITE),0,NOS,0,0,0
MC0555-PP,PP/GRD/DD02,,21-22 / 01 - GRINDING M/C ALEX (DDV-350),Asset,DOUBLE DISK,GRINDING - I (MAIN SITE),0,NOS,0,0,0
MC0556-PP,PP/GRD/DD03,,_ - GRINDING M/C.(SHREE SHUBH),Asset,DOUBLE DISK,GRINDING - I (MAIN SITE),0,NOS,0,0,0
MC0557-PP,PP/GRD/DD04,,23-24 / 03 - GRINDING M/C ALEX (DDV-350),Asset,DOUBLE DISK,GRINDING - I (MAIN SITE),0,NOS,0,0,0
MC0558-PP,PP / GRD / WM 01,,_ - WASHING M/C,Asset,W MC,GRINDING - I (MAIN SITE),0,NOS,0,0,0
MC0559-PP,PP/GRD II /DD01,,2022 / 07 - GRINDING M/C YHDM 580 B,Asset,DOUBLE DISK,GRINDING - II (MAIN SITE),0,NOS,0,0,0
MC0560-PP,PP/GRD II /DD02,,2022 / 03 - DOUBLE SIDE GRINDING -YHM 700 (FINE GRINDING/LAPPING),Asset,FINE GRD,GRINDING - II (MAIN SITE),0,NOS,0,0,0
MC0561-PP,PP/GRD II /DD03,,SR NO 22-23/01 - GRINDING M/C ALEX (DDV-350),Asset,DOUBLE DISK,GRINDING - II (MAIN SITE),0,NOS,0,0,0
MC0562-PP,PP/GRD II /DD04,,_ - GRINDING M/C YHDM 750 A,Asset,DOUBLE DISK,GRINDING - II (MAIN SITE),0,NOS,0,0,0
MC0563-PP,PP/GRD II /DD05 N,,70251104-2025 - DOUBLE SURFACE FINE GRINDING MACHINE -YHM 700,Asset,FINE GRD,GRINDING - II (MAIN SITE),0,NOS,0,0,0
MC0564-PP,PP/GRD II /LM 01,,_ - LASER MARKING MACHINE,Asset,LASER MARK,GRINDING - II (MAIN SITE),0,NOS,0,0,0
MC0565-PP,PP/S.F./ GM 01,,_ - GRIND MASTER,Asset,GRIND MC,GRINDING - II (MAIN SITE),0,NOS,0,0,0
MC0566-PP,PP/S.F./ WM 01,,_ - BIN WASHING MACHINE,Asset,WASHING MC,GRINDING - II (MAIN SITE),0,NOS,0,0,0
MC0567-RS,PP/GRD/RS/RG01,,SR NO-14 / 15 / 01 - GRINDING M/C ( ALEX R20A),Asset,SINGLE DISK,ROYAL SECTION,0,NOS,0,0,0
MC0568-RS,PP/GRD/RS/DD01,,_ - GRINDING M/C.(SHREE SHUBH),Asset,DOUBLE DISK,ROYAL SECTION,0,NOS,0,0,0
MC0569-RS,PP/GRD/RS/DD02,,_ - GRINDING M/C.(SHREE SHUBH),Asset,DOUBLE DISK,ROYAL SECTION,0,NOS,0,0,0
MC0570-RS,PP/GRD/RS/DD03,,_ - DUPLEX GRINDING MACHINE (AJEET),Asset,DOUBLE DISK,ROYAL SECTION,0,NOS,0,0,0
MC0571-RS,PP/GRD/RS/DD04,,_ - DUPLEX GRINDING MACHINE (AJEET),Asset,DOUBLE DISK,ROYAL SECTION,0,NOS,0,0,0
MC0572-RS,PP/GRD/RS/DD05 N,,ALEX DDV 350/25-26/01 - DUPLEX GRINDING MACHINE (ALEX),Asset,DOUBLE DISK,ROYAL SECTION,0,NOS,0,0,0
MC0573-MS,PP / T.S. / C.M. 01 N,,CUTTING MACHINE (BAND -SOW),Asset,CUTTING MC,TOOL STORE,0,NOS,0,0,0
MC0574-MS,PP / T.S. / C.M. 02 N,,CUTTING MACHINE (BAND -SOW),Asset,CUTTING MC,TOOL STORE,0,NOS,0,0,0
MC0575-PP,PP / S.F. / DVB02,,VIBRATOR BARREL DRYER (SMS),Asset,DRYER,SURFACE-FINISHING (MAIN SITE),0,NOS,0,0,0
MC0576-PP,PP/S.F./ DD01,,DRUM DRIER (CERAMED),Asset,DRYER,SURFACE-FINISHING (MAIN SITE),0,NOS,0,0,0
MC0577-PP,PP/S.F./ DD02,,DRUM DRIER (CERAMED),Asset,DRYER,SURFACE-FINISHING (MAIN SITE),0,NOS,0,0,0
MC0578-PP,PP / S.F. / CF01,,CENTRIFUGAL BARREL (SMS) 40 L,Asset,SURFACE FINISH,SURFACE-FINISHING (MAIN SITE),0,NOS,0,0,0
MC0579-PP,PP / S.F. / CF03,,CENTRIFUGAL BARREL (CERAMED) 240 L,Asset,SURFACE FINISH,SURFACE-FINISHING (MAIN SITE),0,NOS,0,0,0
MC0580-PP,PP / S.F. / CF04,,CENTRIFUGAL BARREL (CERAMED)240 L,Asset,SURFACE FINISH,SURFACE-FINISHING (MAIN SITE),0,NOS,0,0,0
MC0581-PP,PP / S.F. / CF05,,CENTRIFUGAL BARREL (CERAMED) 240 L,Asset,SURFACE FINISH,SURFACE-FINISHING (MAIN SITE),0,NOS,0,0,0
MC0582-PP,PP / S.F. / VIB 04,,VIBRATOR BARREL WET (DALAL),Asset,VIBRATOR,SURFACE-FINISHING (MAIN SITE),0,NOS,0,0,0
MC0583-PP,PP / S.F. / VIB 07,,VIBRATOR BARREL WET (DALAL),Asset,VIBRATOR,SURFACE-FINISHING (MAIN SITE),0,NOS,0,0,0
MC0584-PP,PP / S.F. / S01,,SEPARATOR,Asset,SAPARATOR,SURFACE-FINISHING (MAIN SITE),0,NOS,0,0,0
MC0585-PP,PP/S.F./SP01,,SHOT PEENING (MEC SHOT),Asset,SHOT PENNING,SURFACE-FINISHING (MAIN SITE),0,NOS,0,0,0
MC0586-PP,PP/S.F./SP02 N,,MAGNET BELT SAPERATOR,Asset,SAPARATOR,SURFACE-FINISHING (MAIN SITE),0,NOS,0,0,0
MC0587-PP,PP / S.F. / VB01,,VERTICAL ROTARY BARREL- 40KG,Asset,,SURFACE-FINISHING (Bhusa gala),0,NOS,0,0,0
MC0588-PP,PP / S.F. / HB01 N,,HORIZONTAL ROTARY BARREL,Asset,,SURFACE-FINISHING (Bhusa gala),0,NOS,0,0,0
MC0589-PP,PP / S.F. / HB02 N,,HORIZONTAL ROTARY BARREL,Asset,,SURFACE-FINISHING (Bhusa gala),0,NOS,0,0,0
MC0590-PP,PP / S.F. /SVB 01,,SMALL VIBRATOR,Asset,,SURFACE-FINISHING (Bhusa gala),0,NOS,0,0,0
MC0591-PP,PP / MA / D01,,103 / 2011 - DRILLING M/C - EIFCO -EP-50 AG,Asset,DRILL,MAINTENANCE (MAIN SITE),0,NOS,0,0,0
MC0592-PP,PP / MA / HP01,,_ - HAND PRESS (NO 3),Asset,H .PRESS,MAINTENANCE (MAIN SITE),0,NOS,0,0,0
MC0593-PP,PP / MA / BG01,,_ - BENCH GRINDER,Asset,GRINDER,MAINTENANCE (MAIN SITE),0,NOS,0,0,0
MC0594-PP,PP / MA / WE01,,_ - WELDING M/C,Asset,WELDER,MAINTENANCE (MAIN SITE),0,NOS,0,0,0
MC0595-PP,PP / MA / WE02,,_ - WELDING M/C,Asset,WELDER,MAINTENANCE (MAIN SITE),0,NOS,0,0,0
MC0596-PP,PP / MA / D01,,_ - HAND DRILLING M/C,Asset,.H.DRILL,MAINTENANCE (MAIN SITE),0,NOS,0,0,0
MC0597-PP,PP / MA / G02,,_ - HAND GRINDER M/C,Asset,GRINDER,MAINTENANCE (MAIN SITE),0,NOS,0,0,0
MC0598-PP,PP/MA/EC01,,_ - ELECTRIC CUTTER,Asset,CUTTER,MAINTENANCE (MAIN SITE),0,NOS,0,0,0
MC0599-PP,PP/ MA /COM 01 N,,2022050425 - FIRST AIR (EUCOMP) FAS V 30,Asset,COMP,MAINTENANCE (MAIN SITE),0,NOS,0,0,0
MC0600-PP,PP/ MA /COM 02 N,,2022050426 - FIRST AIR (EUCOMP) FAS V 30,Asset,COMP,MAINTENANCE (MAIN SITE),0,NOS,0,0,0
MC0601-PMS,PP/SSD/CSM 01,,SR NO -1588 - CARTON SEALING MACHINE(EAGLE)-TS-500,Asset,PACKING MC,SORTING & SIZING (FCC / PM),0,NOS,0,0,0
MC0602-PMS,PP /SSD / STRP 01,,MODEL NO-S219100.SR NO-STTT0890388 - STRAPPING MACHINE (STRAPEX),Asset,STRAPPING MC,SORTING & SIZING (FCC / PM),0,NOS,0,0,0
MC0603-PMS,PP/SSD/ SM 01,,SEELING MACHINE (MOOSH),Asset,SEELING MC,SORTING & SIZING (FCC / PM),0,NOS,0,0,0
MC0604-PMS,PP/SSD/ SM 02,,SEELING MACHINE (MOOSH),Asset,SEELING MC,SORTING & SIZING (FCC / PM),0,NOS,0,0,0
MC0605-PMS,PP/SSD/ SM 03,,SEELING MACHINE (MOOSH),Asset,SEELING MC,SORTING & SIZING (FCC / PM),0,NOS,0,0,0
MC0606-PMS,PP/SSD/ SW 01,,SHRINK WRAP MACHINE,Asset,,SORTING & SIZING (FCC / PM),0,NOS,0,0,0
MC0607-PMS,PP/SSD/L01,,LIFT,Asset,LIFT,SORTING & SIZING (FCC / PM),0,NOS,0,0,0
MC0608-PMS,PP/SSD/OD 01,,OIL DEEPING MACHINE,Asset,OD MC,SORTING & SIZING (FCC / PM),0,NOS,0,0,0
MC0609-PMS,PP/SSD/BPL02,,BELT POLISHING MACHINE,Asset,BP MC,SORTING & SIZING (FCC / PM),0,NOS,0,0,0
MC0610-HS,PP /SSD / P01,,STRAPPING MACHINE,Asset,,SORTING & SIZING (HG),0,NOS,0,0,0
MC0611-HS,PP/SSD/ SM 01,,SEELING MACHING (MOOSH),Asset,,SORTING & SIZING (HG),0,NOS,0,0,0
MC0612-HS,PP/SSD/ SM 02,,SEELING MACHING (MOOSH),Asset,,SORTING & SIZING (HG),0,NOS,0,0,0
MC0613-HS,PP/SSD/BPL01,,BELT POLISHING MACHINE,Asset,,SORTING & SIZING (HG),0,NOS,0,0,0
MC0614-HS,PP/SSD/L01,,LIFT,Asset,,SORTING & SIZING (HG),0,NOS,0,0,0
MC0615-PP,PP/SSD/ SM 02,,SEELING MACHING (MOOSH),Asset,,SORTING & SIZING (export),0,NOS,0,0,0
MC0616-PP,PP/SSD/ SR 01,,SEELING MACHING (MOOSH),Asset,,SORTING & SIZING (export),0,NOS,0,0,0
MC0617-PP,PP/SSD /OSS01,,SHRINK MACHINE,Asset,,SORTING & SIZING (export),0,NOS,0,0,0
MC0618-PP,PP /SSD / STRP 01,,OPTICAL SORTING SYSTEM (EMBESOFT SOLUTION),Asset,,SORTING & SIZING (export),0,NOS,0,0,0
MC0619-PP,PP/SSD/US 01,,5822 - STRAPPING MACHINE(EMC-20),Asset,,SORTING & SIZING (export),0,NOS,0,0,0
MC0620-PP,PP /SSD/ AIR 01,,2025-10 - ULTRA SONIC MACHINE--MERTRONICS,Asset,,SORTING & SIZING (export),0,NOS,0,0,0
MC0621-PP,PP/SSD /LT / 01,,BAKER (AIR GAUGE),Asset,,SORTING & SIZING (export),0,NOS,0,0,0
MC0622-YS,PP/SSD/CSM 01,,XT-551 TB - LIFT,Asset,CARTON SEALING MC,SORTING & SIZING (YAMAHA) (EMANS-10),0,NOS,0,0,0
MC0623-YS,PP /SSD / SW01,,CARTON SEALING MACHINE,Asset,SHRINK MC,SORTING & SIZING (YAMAHA) (EMANS-10),0,NOS,0,0,0
MC0624-YS,PP/SSD/ SM 01,,SHRINK WRAP(DEELOPMENT RESOURCES),Asset,SEELING MC,SORTING & SIZING (YAMAHA) (EMANS-10),0,NOS,0,0,0
MC0625-YS,PP/SSD/ SM 02,,SEELING MACHING (MOOSH),Asset,SEELING MC,SORTING & SIZING (YAMAHA) (EMANS-10),0,NOS,0,0,0
MC0626-YS,PP /SSD / L01,,SEELING MACHING (MOOSH),Asset,,SORTING & SIZING (YAMAHA) (EMANS-10),0,NOS,0,0,0
MC0627-YS,PP/SSD /DP 01,,LIFT,Asset,D P MC,SORTING & SIZING (YAMAHA) (EMANS-10),0,NOS,0,0,0
MC0628-YS,PP /SSD / STRP 01,,15 / 5117 - DOT PAINTING MACHINE(NORDSON),Asset,STRAPPING MC,SORTING & SIZING (YAMAHA) (EMANS-10),0,NOS,0,0,0
MC0629-YS,PP /SSD / CV 01,,STRAPPING MACHINE(EAGLE-EMC20),Asset,CAMERA VISION,SORTING & SIZING (YAMAHA) (EMANS-10),0,NOS,0,0,0
MC0630-YS,PP /SSD / SOR 01,,MODEL :ECS-M-001 - CAMERA VISION MACHINE,Asset,SORTER MC,SORTING & SIZING (YAMAHA) (EMANS-10),0,NOS,0,0,0
MC0631-PP,PP/ SSD/ PM 01,,EDDY CURRENT SORTER,Asset,,SORTING & SIZING. ASTEMO / BREMBO,0,NOS,0,0,0
MC0632-PP,PP/SSD/ SM 01,,PACKING MACHINE (MAXWELL),Asset,,SORTING & SIZING. ASTEMO / BREMBO,0,NOS,0,0,0
MC0633-PP,PP/SSD/L01,,SEELING MACHING (MOOSH),Asset,,SORTING & SIZING. ASTEMO / BREMBO,0,NOS,0,0,0
MC0634-PP,PP/SSD/SRM 01N,,28896 - LIFT,Asset,,SORTING & SIZING. ASTEMO / BREMBO,0,NOS,0,0,0
MC0635-RS,PP/SSD/ SM 01,,SEELING MACHING (MOOSH),Asset,,SORTING & SIZING- ROYAL (EMANS -11),0,NOS,0,0,0
MC0636-RS,PP/SSD/ SM 02 N,,SEELING MACHING (MOOSH),Asset,,SORTING & SIZING- ROYAL (EMANS -11),0,NOS,0,0,0
MC0637-RS,PP/SM/01,,SHRINK MACHINE,Asset,,SORTING & SIZING- ROYAL (EMANS -11),0,NOS,0,0,0
MC0638-RS,PP/ ML/ HT/ 14 N,,2022-14922 - ROCKWELL HARDNESS TESTER,Asset,,SORTING & SIZING- ROYAL (EMANS -11),0,NOS,0,0,0
MC0639-RS,PP/SSD/OPS/ 01 N,,MODEL NO -WIS- SR NO201 - OPTICAL SORTING SEMITRONIK,Asset,,SORTING & SIZING- ROYAL (EMANS -11),0,NOS,0,0,0
MC0640-ALC,PP / CL/ MFT01,,_ - MUFFELE FURNACE,Asset,,CLUTCH UNIT-I (EMANS-1),0,NOS,0,0,0
MC0641-ALC,PP/ CL / COM 01,,CPB-30IVR-SR-PNA-020127 - COMPRESSOR PARKING 40 HP-114 CFM,Asset,COMP,CLUTCH UNIT-I (EMANS-1),0,NOS,0,0,0
MC0642-ALC,PP/ CL /L01,,_ - LIFT,Asset,LIFT,CLUTCH UNIT-I (EMANS-1),0,NOS,0,0,0
MC0643-ALC,PP/ CL / FLS 01,,_ - MANUAL FORK LIFT STACKER-500 KG,Asset,,CLUTCH UNIT-I (EMANS-1),0,NOS,0,0,0
MC0644-ALC,PP / CL/ CF01,,M/CHF-240/3B/SR-9335/07/19 - CENTRIFUGAL BARREL(CEL) 240 LTR,Asset,SURFACE FINISH,CLUTCH UNIT-I (EMANS-1),0,NOS,0,0,0
MC0645-ALC,PP / CL/ CF02 N,,CHE-24-48/10484-022620 - CENTRIFUGAL BARREL(CEL) 240 LTR,Asset,SURFACE FINISH,CLUTCH UNIT-I (EMANS-1),0,NOS,0,0,0
MC0646-ALC,PP / CL/ DD01,,_ - DRUM DRIER (CEL),Asset,SURFACE FINISH,CLUTCH UNIT-I (EMANS-1),0,NOS,0,0,0
MC0647-ALC,PP / CL/ S01,,_ - SEPERATOR,Asset,SURFACE FINISH,CLUTCH UNIT-I (EMANS-1),0,NOS,0,0,0
MC0648-ALC,PP /CL/SG01,,SURFACE GRINDER (PINNACLE)-MC NO 136-879,Asset,SURFACE GRINDER,CLUTCH UNIT-I (EMANS-1),0,NOS,0,0,0
MC0649-ALC,PP /CL/SG02,,SURFACE GRINDER (PINNACLE)-MC NO PHR-500 C,Asset,SURFACE GRINDER,CLUTCH UNIT-I (EMANS-1),0,NOS,0,0,0
MC0650-ALC,PP /CL/ D 01,,DRILLING M/C SKP 12 MM,Asset,DRILL MC,CLUTCH UNIT-I (EMANS-1),0,NOS,0,0,0
MC0651-ALC,PP /CL/ BGM 01,,BENCH GRINDING MACHINE,Asset,GRINDER,CLUTCH UNIT-I (EMANS-1),0,NOS,0,0,0
MC0652-ALC,PP/ CL / BG 01,,BELT GRINDING MACHINE,Asset,GRINDER,CLUTCH UNIT-I (EMANS-1),0,NOS,0,0,0
MC0653-ALC,PP / CL/ VB01,,VIBRATOR BARREL (CERAMED),Asset,SURFACE FINISH,CLUTCH UNIT-I (EMANS-1),0,NOS,0,0,0
MC0654-ALC,PP / CL/ VB02,,VIBRATOR BARREL ( BROWN),Asset,SURFACE FINISH,CLUTCH UNIT-I (EMANS-1),0,NOS,0,0,0
MC0655-ALC,PP/ RN VB/01,,VIBRATOR BARREL WET (DALAL),Asset,SURFACE FINISH,CLUTCH UNIT-I (EMANS-1),0,NOS,0,0,0
MC0656-ALC,PP/ RN VB/02,,VIBRATOR BARREL WET (DALAL),Asset,SURFACE FINISH,CLUTCH UNIT-I (EMANS-1),0,NOS,0,0,0
MC0657-ALC,PP/ RN VB/03,,VIBRATOR BARREL WET (FIN TECS),Asset,SURFACE FINISH,CLUTCH UNIT-I (EMANS-1),0,NOS,0,0,0
MC0658-ALC,PP/RN/DR/01 N,,DRUM DRYER(AVIO ELECTRO POWER),Asset,SURFACE FINISH,CLUTCH UNIT-I (EMANS-1),0,NOS,0,0,0
MC0659-ALC,PP / RN SP/01,,SEPARATOR,Asset,SURFACE FINISH,CLUTCH UNIT-I (EMANS-1),0,NOS,0,0,0
MC0660-KS,PP / CL 02/COM.01,,SR-PNE 300 557 - COMPRESSOR CHICAGO PNEUMATIC - MAX. FINAL PR.= 10.1KG/CM2 (CPC 40),Asset,COMP,PRESS SHOP - G - SECTION (EMANS -9),0,NOS,0,0,0
MC0661-KS,PP / CL 02/ COM.02,,SR-5592/10116 - COMPRESSOR FS CURTIS SEM 40,Asset,COMP,PRESS SHOP - G - SECTION (EMANS -9),0,NOS,0,0,0
MC0662-KS,PP/ CL 02 /LFT01,,LIFTER - 500 KG,Asset,LIFTER,PRESS SHOP - G - SECTION (EMANS -9),0,NOS,0,0,0
MC0663-KS,PP/ CL 02 /LF 01,,LIFT- CAPACITY - 500 KG,Asset,LIFTER,PRESS SHOP - G - SECTION (EMANS -9),0,NOS,0,0,0
MC0664-KS,PP/ CL 02 /ST 01,,STACKER M/C,Asset,STACKER,PRESS SHOP - G - SECTION (EMANS -9),0,NOS,0,0,0
MC0665-KS,PP/CL 02/CF04,,CHE-240/38 SR-9334-110/20 - CENTRIFUGAL (CERAMED),Asset,SURFACE FINISH,PRESS SHOP - G - SECTION (EMANS -9),0,NOS,0,0,0
MC0666-KS,PP/ CL 02 VD/01,,_ - VIBRATOR BARREL DRYER (SMS),Asset,DRYER,PRESS SHOP - G - SECTION (EMANS -9),0,NOS,0,0,0
MC0667-KS,PP/CL 02/ VB01,,_ - VIBRATOR (FINTECH),Asset,SURFACE FINISH,PRESS SHOP - G - SECTION (EMANS -9),0,NOS,0,0,0
MC0668-KS,PP/CL 02/ VB02,,_ - VIBRATOR (FINTECH),Asset,SURFACE FINISH,PRESS SHOP - G - SECTION (EMANS -9),0,NOS,0,0,0
MC0669-KS,PP/ RN VD/01,,VIBRATORY DRYER (FINTECH),Asset,SURFACE FINISH,PRESS SHOP - G - SECTION (EMANS -9),0,NOS,0,0,0
MC0670-KS,PP /CL02/SP 01,,_ - SEPARATOR,Asset,SEPERATOR,PRESS SHOP - G - SECTION (EMANS -9),0,NOS,0,0,0
MC0671-KS,PP /CL02/HB 01,,_ - EMERY HORIZANTAL BARREL--80 KG,Asset,EMERY,PRESS SHOP - G - SECTION (EMANS -9),0,NOS,0,0,0
MC0672-KS,PP /CL02/HB 02,,_ - EMERY HORIZANTAL BARREL--20 KG,Asset,EMERY,PRESS SHOP - G - SECTION (EMANS -9),0,NOS,0,0,0
MC0673-KS,PP/CL 02/CV 01,,-MODEL NO-WSM-1-SR NO 133 - CAMERA VISION SEMITRONIC INSTRUMENT,Asset,CV,PRESS SHOP - G - SECTION (EMANS -9),0,NOS,0,0,0
MC0674-KS,PP/ CL 02 / CR 01,,_ - CRANE (HOIST)--1 TON-JAYCO-2022,Asset,CRANE,PRESS SHOP - G - SECTION (EMANS -9),0,NOS,0,0,0
MC0675,,,FURNACE,Asset,,PRESS SHOP - G - SECTION (EMANS -9),0,NOS,0,0,0
MC0676-KS,PP / CL 02 / MFH 01,,_ - MUFFLE FURNACE (SMALL),Asset,TEMPERING,PRESS SHOP - G - SECTION (EMANS -9),0,NOS,0,0,0
MC0677-KS,PP/CL02/MFT 01,,_ - MUFFLE FURNACE TEMPERING,Asset,TEMPERING,PRESS SHOP - G - SECTION (EMANS -9),0,NOS,0,0,0
MC0678-KS,PP/CL02/MFT 02,,_ - MUFFLE FURNACE TEMPERING,Asset,TEMPERING,PRESS SHOP - G - SECTION (EMANS -9),0,NOS,0,0,0
MC0679-KS,PP/CL02/CTF 01N,,_ - CONTINUOUS TEMPERING FURNACE(QTE) QUARTET THERMAL ENGINEERING.,Asset,TEMPERING,PRESS SHOP - G - SECTION (EMANS -9),0,NOS,0,0,0
MC0680-KS,PP / CL02 / LT/01,,_ - LOAD TESTER (LARSON SYSTEMS)SR NO.4337061713,Asset,LOAD TESTER,PRESS SHOP - G - SECTION (EMANS -9),0,NOS,0,0,0
MC0681-KS,PP/CL02 /HT/ 15,,_ - ROCKWELL HARDNESS TESTER,Asset,HARDNS TESTER,PRESS SHOP - G - SECTION (EMANS -9),0,NOS,0,0,0
MC0682-KS,PP/CL02/DD01,,_ - GRINDING M/C (AJIT),Asset,DOUBLE DISK,PRESS SHOP - G - SECTION (EMANS -9),0,NOS,0,0,0
MC0683-KS,PP/CL02/DD02,,_ - GRINDING M/C (SHUBH),Asset,DOUBLE DISK,PRESS SHOP - G - SECTION (EMANS -9),0,NOS,0,0,0
MC0684-KS,PP/CL02/DD03,,_ - GRINDING M/C (AJIT MACHNIC WOKS),Asset,DOUBLE DISK,PRESS SHOP - G - SECTION (EMANS -9),0,NOS,0,0,0
MC0685-KS,PP /CL02/ SW01,,_ - SHRINK WRAP,Asset,PACKING,PRESS SHOP - G - SECTION (EMANS -9),0,NOS,0,0,0
MC0686-KS,PP / CL02 / BT01,,_ - BOX STRAP MACHINE,Asset,PACKING,PRESS SHOP - G - SECTION (EMANS -9),0,NOS,0,0,0
MC0687-KS,PP / CL02 / P01,,_ - PACKING MACHINE,Asset,PACKING,PRESS SHOP - G - SECTION (EMANS -9),0,NOS,0,0,0
MC0688-KS,PP/SSD /DP 01,,_ - DOT PAINTING MACHINE(NORDSON),Asset,,PRESS SHOP - G - SECTION (EMANS -9),0,NOS,0,0,0
MC0689-KS,PP /CL02 / SG 01,,SR-2223/12 - SURFACE GRINDING MACHINE NH8040 (ALEX),Asset,SURFACE GRD,PRESS SHOP - G - SECTION (EMANS -9),0,NOS,0,0,0
MC0690-KS,PP /CL02 / BG 01,,BG-81-SR-68100 - BENCH GRINDER,Asset,GRINDER,PRESS SHOP - G - SECTION (EMANS -9),0,NOS,0,0,0
MC0691-KS,PP/CL 02 / L01,,_ - LATHE M/C(SHEETAL),Asset,LATHE,PRESS SHOP - G - SECTION (EMANS -9),0,NOS,0,0,0
MC0692-KS,PP/CL 02 / D01,,SR-21066/04 - DRILL MACHINE 20 MM SK PANCHAL,Asset,DRILL MC,PRESS SHOP - G - SECTION (EMANS -9),0,NOS,0,0,0
MC0693-KS,PP / CS / CNC 01,,JYOTI (FORTIUS),Asset,CNC MC,PRESS SHOP - G - SECTION (EMANS -9),0,NOS,0,0,0
MC0694-KS,PP / CS / CNC 02,,180-750 - PINACHO,Asset,CNC MC,PRESS SHOP - G - SECTION (EMANS -9),0,NOS,0,0,0
MC0695-KS,PP/CL 02 / LF 02,,LIFT- CAPACITY - 500 KG--AAG ENGG,Asset,LIFT,PRESS SHOP - G - SECTION (EMANS -9),0,NOS,0,0,0
N05001,110-10456,,MN RTR SPRING WEDGE BC16/18,FG,FINISHED GOODS,STORE,73201019,NOS,5.75,0,0
N05002,230-10155,,MN RTR SPRING WEDGE UC22,FG,FINISHED GOODS,STORE,73201019,NOS,12.34,0,0
N05003,330-10153,,MN RTR SPRING WEDGES WEDGES(UC 27),FG,FINISHED GOODS,STORE,73201019,NOS,15.2,0,0
N05004,A050W867,,ROTOR COIL SPRING 160,FG,FINISHED GOODS,STORE,73201019,NOS,9.07,0,0
N05005,A050W869,,ROTOR COIL SPRING 132,FG,FINISHED GOODS,STORE,73201019,NOS,9.09,0,0
N05006,A050W865,,ROTOR COIL SPRING 180,FG,FINISHED GOODS,STORE,73201019,NOS,8.58,0,0
N12001,003-M93-072,,PLATE REFLECTION 0.4(IYM),FG,FINISHED GOODS,STORE,73182200,NOS,2.33,0,0
N12002,002-C30-137,,SPRING PAD (IYM),FG,FINISHED GOODS,STORE,73201019,NOS,7.49,0,0
N12003,003-M93-022A,,PROCTETOR(IYM&HMSI),FG,FINISHED GOODS,STORE,73201019,NOS,1.57,0,0
N12005,189-Z46-010,,CIRC 18X1(IYM&HMSI),FG,FINISHED GOODS,STORE,73182910,NOS,1.8,0,0
N12006,N12006,0,CIRCLIP B23X1.2,BOP,BOUGHT OUT,STORE,73182910,NOS,0,0,0
N12007,002-C80-158,,RETAINER BRACKET(HMSI),FG,FINISHED GOODS,STORE,73201019,NOS,4.81,0,0
N12009,002-C80-122A,,RET BRACKET 0.5,FG,FINISHED GOODS,STORE,73201019,NOS,3.42,0,0
N12011,002-C80-154A,,RETAINER BRACKET,FG,FINISHED GOODS,STORE,73201019,NOS,3.43,0,0
N12012,002-C81-103,,WEAR INDICATOR,FG,FINISHED GOODS,STORE,73201019,NOS,4.93,0,0
N12013,002-C24-197-0,,SHIM INNER B,FG,FINISHED GOODS,STORE,73201019,NOS,9.98,0,0
N12015,002-C30-129,,SPRING PAD,FG,FINISHED GOODS,STORE,73201019,NOS,6.52,0,0
N12017,239-Z44-002-1,,CIRCLIP 23,FG,FINISHED GOODS,STORE,73182910,NOS,2.54,0,0
N12018,001-P69-112-1,,ROD STOPPER,FG,FINISHED GOODS,STORE,73182200,NOS,4.33,0,0
N12019,009-M74-053-2,,CLAMP HOSE,FG,FINISHED GOODS,STORE,73201019,NOS,2.31,0,0
N12022,001-P43-005,,SEAL STOPPER COMP,FG,FINISHED GOODS,STORE,73182200,NOS,7.97,0,0
N12026,002-C80-155,,RETAINER BRACKET XF331,FG,FINISHED GOODS,STORE,73201019,NOS,3.7,0,0
N12027,002-C53-119A,,"SPRING, PAD XF331",FG,FINISHED GOODS,STORE,73201019,NOS,9.45,0,0
N12028,189-Z46-011,,CIRCLIP,FG,FINISHED GOODS,STORE,73182910,NOS,1.92,0,0
N12029,002-C53-035,,SPRING PAD        ,FG,FINISHED GOODS,STORE,73201019,NOS,7.37,0,0
N12030,002-C80-102,,RETAINER BRKT,FG,FINISHED GOODS,STORE,73201019,NOS,9.27,0,0
N12031,002-C80-143,,RETAINER BRKT-K24G,FG,FINISHED GOODS,STORE,73201019,NOS,4.01,0,0
N12032,002-C80-168,,RETAINER BRACKET,FG,FINISHED GOODS,STORE,73201019,NOS,3.77,0,0
N12033,002-C30-145  ,,SPRING PAD        ,FG,FINISHED GOODS,STORE,73201019,NOS,7.25,0,0
N12035,009-M74-109A,,BAND RESERVOIR,FG,FINISHED GOODS,STORE,73201019,NOS,1.97,0,0
N12037,049-Z25-100-1,,WASHER PLAIN,FG,FINISHED GOODS,STORE,73182200,NOS,0.9,0,0
N12038,002-C80-161,,RETAINER BRKT RR,FG,FINISHED GOODS,STORE,73201019,NOS,4.73,0,0
N12043,009-M74-117,,CLAMP HOSE,FG,FINISHED GOODS,STORE,73201019,NOS,3.19,0,0
N12044,002-C80-011-1,,RETAINER,FG,FINISHED GOODS,STORE,73201019,NOS,7.5,0,0
N12049,002-C53-126,,"SPRING, PAD",FG,FINISHED GOODS,STORE,73201019,NOS,8.58,0,0
N13001,XT00000-0000 (HB0018-00),,PIN SPRING,FG,FINISHED GOODS,STORE,73201019,NOS,2.2,0,0
N13005,Y23432-02,,CLIP (PT LOCAL),FG,FINISHED GOODS,STORE,73201019,NOS,2.37,0,0
N15007,E050001-8401_A,,FRICTION DISC,FG,FINISHED GOODS,STORE,998898,NOS,54.82,0,0
N15017,E080001-8401-A,,FRICTION DISC,FG,FINISHED GOODS,STORE,998898,NOS,84.01,0,0
N15020,E120001-8401-A,,FRICTION DISC,FG,FINISHED GOODS,STORE,998898,NOS,101.41,0,0
O11001,427240450,,SEEGER RING AK 45X1.75,FG,FINISHED GOODS,STORE,73182910,NOS,6.4,0,0
O11002,427200350,,SEEGER RING,FG,FINISHED GOODS,STORE,73182910,NOS,2,0,0
O11003,O11003,0,SNAP RING,BOP,BOUGHT OUT,STORE,29051100,NOS,0,1,0
O11004,427200420,,SEEGER RING SB 42,FG,FINISHED GOODS,STORE,73182910,NOS,3.24,0,0
O11005,427240550,,SP. CIRCLIP A55X2.0MM,FG,FINISHED GOODS,STORE,73182910,NOS,12.81,0,0
O11007,427240350,,SEEGER RING AK35 DOM 983 GALVANIZED,FG,FINISHED GOODS,STORE,73182910,NOS,8,0,0
O11010,427250075,,SNAP RING 3.2X79,FG,FINISHED GOODS,STORE,73201019,NOS,9.2,0,0
O11011,427240700,,SEEGER RING AK 70X2.5,FG,FINISHED GOODS,STORE,73182910,NOS,21.5,0,0
O11021,O11021,0,SNAP RING 2.5 MM,BOP,BOUGHT OUT,STORE,73201019,NOS,0,0,0
O11022,427250080,,SEEGER RING TIPO RB,FG,FINISHED GOODS,STORE,73201019,NOS,5.5,0,0
O11023,151450900,,RETAINING RING20X1.8,FG,FINISHED GOODS,STORE,73182910,NOS,0,0,0
O11024,151450480,,ANELLO DI ARRESTO,FG,FINISHED GOODS,STORE,73182910,NOS,0,0,0
O11026,182500065,,RING FOR STUD 27,FG,FINISHED GOODS,STORE,73182910,NOS,0,0,0
O11029,151450910,,RETAINER RING 2.5,FG,FINISHED GOODS,STORE,73201019,NOS,5.5,0,0
O11031,427250085,,SEEGER RING RB85,FG,FINISHED GOODS,STORE,73182910,NOS,19.98,0,0
O11032,151450560,,RETAINING RING,FG,FINISHED GOODS,STORE,73182910,NOS,18.98,0,0
O11033,-,,RETAINING RING W/HOOK,FG,FINISHED GOODS,STORE,73182910,NOS,0,0,0
O11035,162000090,,CLOSING PLATE  6.MM,FG,FINISHED GOODS,STORE,73201019,NOS,139.75,0,0
O11040,427240320,,RETAINING RING AK32,FG,FINISHED GOODS,STORE,73182910,NOS,5.36,0,0
O11042,O11042,0,RETAINING RING,BOP,BOUGHT OUT,STORE,73182910,NOS,0,0,0
O12001,901830681800,,NUT SPRING,FG,FINISHED GOODS,STORE,73201019,NOS,6.7,0,0
P16003,S-2216-004-P,,CLIP,FG,FINISHED GOODS,STORE,73182910,NOS,0,0,0
P18001,58465008,,CURVED WASHER,FG,FINISHED GOODS,STORE,73182200,NOS,1.89,0,0
P20001,505027/01,,COMPENSATION CHAMBER,FG,FINISHED GOODS,STORE,73201019,NOS,50.02,0,0
P20002,501559/04,,INTERMEDIATE PLATE,FG,FINISHED GOODS,STORE,73201019,NOS,0,0,0
P20003,501975/04,,BEARING LOCKING PLATE DGBB 27x 72x18,FG,FINISHED GOODS,STORE,73201019,NOS,82.5,0,0
P20004,505026/01,,INPUT SHAFT DRIVE PLATE,FG,FINISHED GOODS,STORE,73201019,NOS,95.9,0,0
P20005,501709/03,,ENDPLATE CLUTCH,FG,FINISHED GOODS,STORE,73201019,NOS,0,0,0
P20006,501564/04,,BRACKET SOLENOID VTS,FG,FINISHED GOODS,STORE,73201019,NOS,0,0,0
P20007,501929/02,,TCU MOUNTING BRACKET WELD ASSY,FG,FINISHED GOODS,STORE,73201019,NOS,60,0,0
P20008,501009/04,,SEPARATOR PLATE CLUTCH,FG,FINISHED GOODS,STORE,73201019,NOS,80.08,0,0
P20009,501031/04,,SEPARATOR PLATE BRAKE,FG,FINISHED GOODS,STORE,73201019,NOS,43.34,0,0
P20010,501565/03,,BRACKET SOLENOID DESC,FG,FINISHED GOODS,STORE,73201019,NOS,0,0,0
P20011,501885/04,,BEARING LOCKING PLATE CRB NU2206,FG,FINISHED GOODS,STORE,73182200,NOS,0,0,0
P20012,482461/03,,CLIP,FG,FINISHED GOODS,STORE,73182910,NOS,0,0,0
P20013,502952,,THRUST WASHER SECONDARY SHAFT,FG,FINISHED GOODS,STORE,73182200,NOS,11.95,0,0
P20014,P20014,0,AIR GAUGE 32.0 + 0.039 - 0.00,BOP,BOUGHT OUT,STORE,73182910,NOS,0,0,0
P20015,501914,,CARRIER BASE,FG,FINISHED GOODS,STORE,73182910,NOS,41,0,0
P20016,501915,,CARRIER COVER,FG,FINISHED GOODS,STORE,73182910,NOS,39,0,0
P20021,130000000408,,RM SEALING CAP 509049,FG,FINISHED GOODS,STORE,73201019,NOS,8,0,0
R01003,11000292,,SPG JUDDER (R2WD SA 02 BP),FG,FINISHED GOODS,STORE,73182200,NOS,25.8,0,0
R01004,C8010050,,SEAT JUDDER SPG(R2WD SA 02 BP-09004)UG3,FG,FINISHED GOODS,STORE,73182200,NOS,21,0,0
R01005,11000293,,SEAT JUDDER SPG(R2WD SA 02 BP 07004)UG4,FG,FINISHED GOODS,STORE,73182200,NOS,19.76,0,0
R01007,C3050061,,WASHER THRUST 17MM 90403-KPH-9000,FG,FINISHED GOODS,STORE,73182200,NOS,3.45,0,0
R01008,C3050060 SPG. CLUTCH FRICTION 22111-KPG-9000,,SPG. CLUTCH FRICTION BP,FG,FINISHED GOODS,STORE,73201019,NOS,8.75,0,0
R01014,C8010095,,SEAT JUDDER SPG (H16005)D,FG,FINISHED GOODS,STORE,73182200,NOS,24.5,0,0
R01015,C8010096,,SPG JUDDER (H16006) DISC,FG,FINISHED GOODS,STORE,73182200,NOS,31.25,0,0
R01016,C8010099,,SPRING JUDDER (PULSAR),FG,FINISHED GOODS,STORE,73201019,NOS,32.9,0,0
R01017,C8010100,,SEAT JUDDER (PULSAR),FG,FINISHED GOODS,STORE,73201019,NOS,31.7,0,0
R01019,C8010105,,SPG CLUTCH FRICTION,FG,FINISHED GOODS,STORE,73201019,NOS,26.5,0,0
R01020,C3050667,,WASHER THRUST,FG,FINISHED GOODS,STORE,73182200,NOS,7.35,0,0
R11001,F000115/L,,DOWEL PIN 2X8,FG,FINISHED GOODS,STORE,73201019,NOS,0.78,0,0
R16001,99009134000080,,CIRCLIP,FG,FINISHED GOODS,STORE,73182910,NOS,182,0,0
R16002,90201-13803-00-80,,WASHER PLAIN,FG,FINISHED GOODS,STORE,73182200,NOS,1.35,0,0
R17001,587269/C,,FORK GAITER-CLIP,FG,SPRING,FG STORE,73201019,NOS,6.66,1,0
R17002,140573/B CLIP,,CLIP (SPUCOS001RE),FG,SPRING,FG STORE,73182019,NOS,1.84,1,0
R17003,594817,,UCM01B0125RE,FG,SPRING,FG STORE,73201019,NOS,6.84,1,0
R17004,143079/C,,CLIP 0.6,FG,SPRING,FG STORE,73201019,NOS,2.03,0,0
R17006,140376/2,,SPRING WASHER(R17006),FG,WASHER,FG STORE,73182200,NOS,1.27,0,0
R17007,550028,,CIRCLIP,FG,CIRCLIP,FG STORE,73182910,NOS,1.84,0,0
R17008,570209,,EXT CIRCLIP 18 N IS 3075,FG,CIRCLIP,FG STORE,73182910,NOS,1.4,0,0
R17010,550141,,CIRCLIP SELECT FORK,FG,CIRCLIP,FG STORE,73182910,NOS,0.83,0,0
R17011,570032,,CIRCLIP 12 X IN IS 3075 (PART1),FG,CIRCLIP,FG STORE,73182910,NOS,0.84,0,0
R17012,550024,,CIRCLIP,FG,CIRCLIP,FG STORE,73182910,NOS,2.15,0,0
R17013,1040081/A,,HOSE CLAMP 8.6,FG,SPRING,FG STORE,73201019,NOS,1.37,1,0
R17014,1040038/A,,HOSE CLAMP 10,FG,SPRING,FG STORE,73201019,NOS,1.61,0,0
R17015,575428/C,,WASHER -THRUST WASHER LOCK,FG,WASHER,FG STORE,73182200,NOS,3.7,0,0
R17016,575513/C,,BELLEVILLE WASHER,FG,WASHER,FG STORE,73182200,NOS,4.87,0,0
R17017,148702/C,,SNAP RING,FG,SPRING,FG STORE,73201019,NOS,3.27,0,0
R17020,142606,,LOCK WASHER INTERNAL TEETH,FG,CIRCLIP,FG STORE,73182910,NOS,0.26,0,0
R17021,140129,,LOCK WASHER INTERNAL TEETH,FG,CIRCLIP,FG STORE,73182910,NOS,0.32,0,0
R17022,140147,,WASHER 5/16 SHAKE PROOF,FG,WASHER,FG STORE,73182200,NOS,0.55,0,0
R17023,148539/B,,"SHIM,ABS SENSOR",FG,WASHER,FG STORE,73182200,NOS,0.82,0,0
R17024,RAE00045/A,,"GEAR LINKAGE SPACER,4MM",FG,WASHER,FG STORE,73182200,NOS,2.11,0,0
R17025,575394/C,,"RETAINER ,GEAR SHIFT CAM BEARING R",FG,SPRING,FG STORE,73201019,NOS,11.08,0,0
R17026,148478/C,,"BRACKET ,HARNESS CENTRAL PACKAGE",FG,SPRING,FG STORE,73201019,NOS,14.62,0,0
R17027,575168/B,,BEARING -RETAINER,FG,WASHER,FG STORE,73182200,NOS,11.5,0,0
R17028,RAB00035/B,,MODULATOR MTG -GEN 10 ABS,FG,SPRING,FG STORE,73201019,NOS,21,0,0
R17029,RAB00037/B,,CLAMP-BRAKE HOSE,FG,SPRING,FG STORE,73201019,NOS,8.15,0,0
R17031,RAB00137/D,,CLEVIS SPRING PIN-REAR MASTER CYLINDER,FG,SPRING,FG STORE,73201019,NOS,5.93,1,0
R17032,R17032,0,RIVET 6 X 16.2 MM,BOP,BOUGHT OUT,STORE,73182910,NOS,0,1,0
R17034,1570007/B,,Internal Circlip-?50 Oil seal,FG,CIRCLIP,FG STORE,73182910,NOS,8.63,0,0
R17035,1570033/C,,WASHER-5TH DRIVE GEAR THRUST,FG,WASHER,FG STORE,73182200,NOS,3.44,0,0
R17036,1570037/D,,WASHER-4TH DRIVE GEAR,FG,WASHER,FG STORE,73182200,NOS,4.12,0,0
R17037,1570046/B,,CIRCLIP-EXTERNAL ?3,FG,FINISHED GOODS,FG STORE,73182910,NOS,3.4,1,0
R17038,1570458/B,,WASHER-2ND DRIVEN GEAR,FG,WASHER,FG STORE,73182200,NOS,12.54,0,0
R17039,1570283/B,,WASHER-22X31X1.5,FG,WASHER,FG STORE,73182200,NOS,3.85,0,0
R17040,1570106/B,,WASHER-?6.8x?19x2,FG,WASHER,FG STORE,73182200,NOS,3.02,0,0
R17041,1570285/B,,C-RING-CAMSHAFT,FG,CIRCLIP,FG STORE,73182910,NOS,1.58,0,0
R17042,1570115/B,,"""PLATE-RETAINER CRANKSHAFT OIL SEAL """,FG,SPRING,FG STORE,73201019,NOS,2.27,0,0
R17043,RAN00026/A,,WASHER,FG,WASHER,FG STORE,73182200,NOS,0,0,0
R17044,RAE00092/B,,WASHER,FG,WASHER,FG STORE,73182200,NOS,1.62,0,0
R17045,RAG00039/B,,WASHER-M6,FG,WASHER,FG STORE,73182200,NOS,2.15,0,0
R17046,RAH00053/B,,"SNAP RING ,CRS-30",FG,SPRING,FG STORE,73201019,NOS,3.8,0,0
R17062,RLY00079/B,,PAV CLIP 15MM,FG,SPRING,FG STORE,73201019,NOS,0,0,0
R17067,RLM00043/C,,WASHER-GEAR SHIFT SHAFT,FG,WASHER,FG STORE,73182200,NOS,4.76,0,0
R17068,RLM00042/B,,CIRCLIP-SHIFTER SHAFT,FG,CIRCLIP,FG STORE,73182910,NOS,3.56,0,0
R17069,RLJ00051/B,,WASHER - TENSIONER ARM,FG,WASHER,FG STORE,73182200,NOS,3.28,0,0
R17070,RLH00115/A,,WASHER - ?10.5,FG,WASHER,FG STORE,73182200,NOS,4.13,0,0
R17071,1570024/E,,WASHER,FG,WASHER,FG STORE,73182200,NOS,31.67,1,0
R17072,RAH00202/A,,WASHER M20,FG,WASHER,FG STORE,73182200,NOS,5.39,1,0
R17073,D0007607/A,,""" CIRCLIP-GEAR SHIFT SHAFT (574215) """,FG,CIRCLIP,FG STORE,73182910,NOS,0,0,0
R17074,RLK00079/B,,"""WASHER-SHAFT CLUTCH RELEASE """,FG,WASHER,FG STORE,73182200,NOS,1.39,0,0
R17075,RLN00031/A,,WASHER - OIL PUMP DRIVE,FG,WASHER,FG STORE,73182200,NOS,4.08,0,0
R17076,RLL00079/B,,"""WASHER-3RD & 4TH DRIVEN GEAR """,FG,WASHER,FG STORE,73182200,NOS,3.91,0,0
R17077,RLL00080/B,,"""WASHER-3RD & 4TH DRIVEN GEAR THRUST """,FG,WASHER,FG STORE,73182200,NOS,7.02,0,0
R17078,RLL00081/B,,"""WASHER-THRUST WASHER LOCK """,FG,WASHER,FG STORE,73182200,NOS,4.15,0,0
R17079,RLY00110/A,,CLIP - BREATHER HOSE,FG,SPRING,FG STORE,73201019,NOS,5.07,1,0
R17080,RLY00132/A,,CLIP REED VALVE HOSE,FG,SPRING,FG STORE,73201019,NOS,2.73,0,0
R17081,RAR00149/B,,M10WASHER,FG,WASHER,FG STORE,73182200,NOS,1.97,0,0
R17082,RLH00205,,PLAIN WASHER,FG,WASHER,FG STORE,73182200,NOS,4.67,0,0
R17086,RAL00544/A,,WASHER M3,FG,WASHER,FG STORE,73182200,NOS,1.44,0,0
R17087,RAT00706/A,,WASHER PLAIN,FG,WASHER,FG STORE,73182200,NOS,10.56,0,0
R17090,RAH00753/B,,HEADSTOCK SHIM,FG,CIRCLIP,FG STORE,73182910,NOS,4.15,0,0
R17091,RAL00478/B,,"WASHER, TABBED",FG,SPRING,FG STORE,73201019,NOS,4,0,0
R17092,RAW00331/B,,WASHER FRAME STEPPED,FG,WASHER,FG STORE,73182200,NOS,18.72,0,0
R17094,1760055/F,,CLIP-FORK GAITER,FG,SPRING,FG STORE,73201019,NOS,11.88,0,0
R17095,RLW00116/B,,"CLAMP,HOSE,FILLER NECK",FG,SPRING,FG STORE,73201019,NOS,3.25,0,0
R17096,D0029202,,THRUST WASHER,FG,WASHER,FG STORE,73182200,NOS,0,0,0
R17098,RAG01108/A,,CLIP FOR GAITER,FG,SPRING,FG STORE,73201019,NOS,0,0,0
R19001,LB435A4000,,WAVE WASHER,FG,FINISHED GOODS,STORE,73182200,NOS,7.45,0,0
R19002,TB43547000,,SEEGER,FG,FINISHED GOODS,STORE,73201019,NOS,6.95,0,0
R19003,LC18P9151A,,WAVE WASHER,FG,FINISHED GOODS,STORE,73182200,NOS,6.95,0,0
R19004,C1087141,,ELASTIC WASHER HC 706 MM,FG,FINISHED GOODS,STORE,73182200,NOS,5.1,0,0
R19005,EXLD4AL01000,,BV & W WASHER,FG,FINISHED GOODS,STORE,73182200,NOS,11.72,0,0
R19006,LB435M4200,,BV & W WASHER,FG,FINISHED GOODS,STORE,73182200,NOS,8.3,0,0
R22001,410-01-112,,E CLIP,FG,FINISHED GOODS,STORE,73182910,NOS,1.8,0,0
R22002,654-53-107,,E CLIP,FG,FINISHED GOODS,STORE,73201019,NOS,0.58,0,0
R22003,729-02-813-G,,SPRING CLIP GEOMAT,FG,FINISHED GOODS,STORE,73201019,NOS,3.78,0,0
R22005,STCP00027,,SPRING PLATE,FG,FINISHED GOODS,STORE,73201019,NOS,25.5,0,0
R22006,746-0504A-406,,PRESS TOOL SPRING PLATE _46-05049A-406,FG,FINISHED GOODS,STORE,82074090,NOS,0,0,0
R23001,R1MHCN0995,,[R1MHCN0995] M4 CLIP NUT,FG,FINISHED GOODS,STORE,73201019,NOS,7.65,0,0
R23002,R1MHCN0996,,[R1MHCN0996] M6 CLIP NUT,FG,FINISHED GOODS,STORE,73201019,NOS,7.36,0,0
RM00001,587269/C,,80C6-A-1.0mm ±0.03 X 173.0mm ±0.20 R17001,RM,80C6-A,RM STORE,72112950,KGS,0,1,0
RM00002,140573/B CLIP,,80C6-A-0.50mm ±0.03 X 10.0mm ±0.10 R17002,RM,80C6-A,RM STORE,72112950,KGS,0,1,0
RM00003,140573/B CLIP,,80C6-A-0.50mm ±0.03 X 20.0mm ±0.20 R17002,RM,80C6-A,RM STORE,72112950,KGS,0,1,0
RM00004,140573/B CLIP,,80C6-A-0.50mm ±0.03 X 26.50mm ±0.20 R17002,RM,80C6-A,RM STORE,72112950,KGS,0,1,0
RM00005,594817,,80C6-A-1.20mm ±0.03 X 16.0mm ±0.10 R17003,RM,80C6-A,RM STORE,72112950,KGS,0,1,0
RM00006,143079/C,,80C6-A-0.60mm ±0.03 X 24.40mm ±0.10 R17004,RM,80C6-A,RM STORE,72112950,KGS,0,1,0
RM00007,143079/C,,80C6-A-0.60mm ±0.03 X 62.0mm ±0.20 R17004,RM,80C6-A,RM STORE,72112950,KGS,0,1,0
RM00008,140376/2,,80C6-A-1.60mm ±0.03 X 26.0mm ±0.20 R17006,RM,80C6-A,RM STORE,72112950,KGS,0,1,0
RM00009,140376/2,,80C6-A-1.60mm ±0.03 X 62.50mm ±0.20 R17006,RM,80C6-A,RM STORE,72112950,KGS,0,1,0
RM00010,550028,,80C6-A-1.20mm ±0.03 X 34.0mm ±0.20 R17007,RM,80C6-A,RM STORE,72112950,KGS,0,1,0
RM00011,570209,,80C6-A-1.20mm ±0.03 X 360.0mm ±0.20 X 845.0mm +2.0 R17008,RM,80C6-A,RM STORE,72112950,KGS,0,1,0
RM00012,550141,,80C6-A-1.0mm ±0.03 X 29.0mm ±0.20 R17010,RM,80C6-A,RM STORE,72112950,KGS,0,1,0
RM00013,570032,,80C6-A-1.0mm ±0.03 X 32.50mm ±0.20 R17011,RM,80C6-A,RM STORE,72112950,KGS,0,1,0
RM00014,550024,,80C6-A-1.20mm ±0.03 X 85.50mm +2.0 R17012,RM,80C6-A,RM STORE,72112950,KGS,0,1,0
RM00015,1040081/A,,80C6-A-0.70mm ±0.03 X 6.0mm ±0.10 R17013,RM,80C6-A,RM STORE,72112950,KGS,0,1,0
RM00016,1040038/A,,"""80C6-A-0.70mm ±0.03 X 10.0mm ±0.10"" R17014",RM,80C6-A,RM STORE,72112950,KGS,0,1,0
RM00017,575428/C,,80C6-A-0.90mm ±0.03 X 41.50mm ±0.20 R17015,RM,80C6-A,RM STORE,72112950,KGS,0,1,0
RM00018,575513/C,,80C6-A-1.95mm ±0.04 X 38.0mm ±0.20 R17016,RM,80C6-A,RM STORE,72112950,KGS,0,1,0
RM00019,575513/C,,80C6-A-1.95mm ±0.04 X 61.0mm ±0.20 R17016,RM,80C6-A,RM STORE,72112950,KGS,0,1,0
RM00020,148702/C,,HC SPRING WIRE-GRADE-3-DIA 2.0mm ±0.04 R17017,RM,HC SPRING WIRE-GRADE-3,RM STORE,72112950,KGS,0,1,0
RM00021,142606,,80C6-A-0.40mm ±0.02 X 33.0mm ±0.20 R17020,RM,80C6-A,RM STORE,72112950,KGS,0,1,0
RM00022,140129,,80C6-A-0.50mm ±0.03 X 300.0mm ±0.50 R17021,RM,80C6-A,RM STORE,72112950,KGS,0,1,0
RM00023,140147,,80C6-A-0.70mm ±0.03 X 49.0mm ±0.20 R17022,RM,80C6-A,RM STORE,72112950,KGS,0,1,0
RM00024,148539/B,,MS-D-0.45mm ±0.03 X 300.0mm ±0.20 R17023,RM,MS-D,RM STORE,72112950,KGS,0,1,0
RM00025,RAE00045/A,,80C6-A-4.0mm ±0.10 X 360.0mm ±0.20 X 848.0mm ±2.0 R17024,RM,80C6-A,RM STORE,72112950,KGS,0,1,0
RM00026,575394/C,,80C6-A-2.30mm ±0.05 X 350.0mm ±0.20 X 865.0mm +2.0 R17025,RM,80C6-A,RM STORE,72112950,KGS,0,1,0
RM00027,148478/C,,55C6-A-1.60mm ±0.04 X 340.0mm ±0.20 R17026,RM,55C6-A,RM STORE,72112950,KGS,0,1,0
RM00028,575168/B,,55C6-A-3.20mm ±0.06 X 360.0mm ±0.20 X 850.0mm +2.0 R17027,RM,55C6-A,RM STORE,72112950,KGS,0,1,0
RM00029,RAB00035/B,,MS-D-3.0mm ±0.06 X 101.0mm ±0.50 R17028,RM,MS-D,RM STORE,72112950,KGS,0,1,0
RM00030,RAB00037/B,,80C6-A-1.60mm ±0.03 X 16.0mm ±0.20 R17029,RM,80C6-A,RM STORE,72112950,KGS,0,1,0
RM00031,RAB00037/B,,80C6-A-1.60mm ±0.03 X 44.0mm ±0.20 R17029,RM,80C6-A,RM STORE,72112950,KGS,0,1,0
RM00032,RAB00037/B,,80C6-A-1.60mm ±0.03 X 85.0mm ±0.20 R17029,RM,80C6-A,RM STORE,72112950,KGS,0,1,0
RM00033,RAB00137/D,,55C6-A-0.50mm ±0.03 X 41.50mm ±0.20 R17031,RM,55C6-A,RM STORE,72112950,KGS,0,1,0
RM00034,1570007/B,,80C6-A-2.0mm ±0.04 X 75.0mm ±0.20 R17034,RM,80C6-A,RM STORE,72112950,KGS,0,1,0
RM00035,1570007/B,,80C6-A-2.0mm ±0.04 X 77.0mm ±0.20 R17034,RM,80C6-A,RM STORE,72112950,KGS,0,1,0
RM00036,1570033/C,,80C6-A-1.20mm ±0.03 X 68.0mm ±0.20 R17035,RM,80C6-A,RM STORE,72112950,KGS,0,1,0
RM00037,1570037/D,,80C6-A-1.75mm ±0.04 X 100.0mm ±0.20 R17036,RM,80C6-A,RM STORE,72112950,KGS,0,1,0
RM00038,1570046/B,,80C6-A-1.50mm ±0.03 X 69.0mm ±0.20 R17037,RM,80C6-A,RM STORE,72112950,KGS,0,1,0
RM00039,1570046/B,,80C6-A-1.50mm ±0.03 X 73.50mm ±0.20 R17037,RM,80C6-A,RM STORE,72112950,KGS,0,1,0
RM00040,1570458/B,,80C6-A-3.30mm ±0.06 X 320.0mm ±0.20 X 900.0mm +2.0 R17038,RM,80C6-A,RM STORE,72112950,KGS,0,1,0
RM00041,1570283/B,,80C6-A-1.75mm ±0.04 X 63.70mm ±0.20 R17039,RM,80C6-A,RM STORE,72112950,KGS,0,1,0
RM00042,1570106/B,,80C6-A-2.20mm ±0.05 X 360.0mm ±0.20 X 865.0mm +2.0 R17040,RM,80C6-A,RM STORE,72112950,KGS,0,1,0
RM00043,1570106/B,,80C6-A-2.20mm ±0.05 X 61.0mm ±0.20 R17040,RM,80C6-A,RM STORE,72112950,KGS,0,1,0
RM00044,1570285/B,,80C6-A-1.50mm ±0.03 X 33.0mm ±0.20 R17041,RM,80C6-A,RM STORE,72112950,KGS,0,1,0
RM00045,1570115/B,,MS-D-1.60mm ±0.03 X 45.60mm ±0.20 R17042,RM,MS-D,RM STORE,72112950,KGS,0,1,0
RM00046,RAN00026/A,,80C6-A-1.0mm ±0.03 X 63.50mm ±0.20 R17043,RM,80C6-A,RM STORE,72112950,KGS,0,1,0
RM00047,RAE00092/B,,80C6-A-1.57mm ±0.03 X 54.50mm ±0.20 R17044,RM,80C6-A,RM STORE,72112950,KGS,0,1,0
RM00048,RAG00039/B,,SS304-A-1.50mm ±0.03 X 44.0mm ±0.20 R17045,RM,SS304-A,RM STORE,72112950,KGS,0,1,0
RM00049,RLY00079/B,,80C6-A-0.80mm ±0.03 X 10.0mm ±0.10 R17062,RM,80C6-A,RM STORE,72112950,KGS,0,1,0
RM00050,RLM00043/C,,80C6-A-1.10mm ±0.03 X 59.0mm ±0.20 R17067,RM,80C6-A,RM STORE,72112950,KGS,0,1,0
RM00051,RLM00042/B,,75C6-A-0.97mm ±0.03 X 19.50mm ±0.20 R17068,RM,75C6-A,RM STORE,72112950,KGS,0,1,0
RM00052,RLJ00051/B,,80C6-A-1.20mm ±0.03 X 46.50mm ±0.20 R17069,RM,80C6-A,RM STORE,72112950,KGS,0,1,0
RM00053,RLH00115/A,,80C6-A-3.30mm ±0.06 X 320.0mm ±0.20 X 900.0mm +2.0 R17070,RM,80C6-A,RM STORE,72112950,KGS,0,1,0
RM00054,1570024/E,,80C6-A-3.70mm ±0.06 X 335.0mm ±0.20 X 892.0mm +2.0 R17071,RM,80C6-A,RM STORE,72112950,KGS,0,1,0
RM00055,RAH00202/A,,MS-D-2.0mm ±0.04 X 320.0mm ±0.20 X 890.0mm +2.0 R17072,RM,MS-D,RM STORE,72112950,KGS,0,1,0
RM00056,D0007607/A,,80C6-A-1.0mm ±0.03 X 42.0mm ±0.20 R17073,RM,80C6-A,RM STORE,72112950,KGS,0,1,0
RM00057,RLK00079/B,,MS-D-1.0mm ±0.03 X 63.70mm ±0.20 R17074,RM,MS-D,RM STORE,72112950,KGS,0,1,0
RM00058,RLN00031/A,,80C6-A-1.80mm ±0.04 X 61.0mm ±0.20 R17075,RM,80C6-A,RM STORE,72112950,KGS,0,1,0
RM00059,RLL00079/B,,80C6-A-1.20mm ±0.03 X 360.0mm ±0.20 X 845.0mm +2.0 R17076,RM,80C6-A,RM STORE,72112950,KGS,0,1,0
RM00060,RLL00080/B,,80C6-A-1.75mm ±0.04 X 350.0mm ±0.20 X 855.0mm +2.0 R17077,RM,80C6-A,RM STORE,72112950,KGS,0,1,0
RM00061,RLL00081/B R17078,,80C6-A-1.0mm ±0.03 X 43.50mm ±0.10 R17078,RM,80C6-A,RM STORE,72112950,KGS,0,1,0
RM00062,RLY00110/A,,80C6-A-1.20mm ±0.03 X 12.0mm ±0.10 R17079,RM,80C6-A,RM STORE,72112950,KGS,0,1,0
RM00063,RLY00132/A,,80C6-A-0.80mm ±0.03 X 10.0mm ±0.10 R17080,RM,80C6-A,RM STORE,72112950,KGS,0,1,0
RM00064,RAR00149/B,,EN2-A-1.60mm ±0.03 X 25.0mm ±0.20 R17081,RM,EN2-A,RM STORE,72112950,KGS,0,1,0
RM00065,RAR00149/B,,EN2-A-1.60mm ±0.03 X 65.0mm ±0.20 R17081,RM,EN2-A,RM STORE,72112950,KGS,0,1,0
RM00066,RLH00205,,80C6-A-3.30mm ±0.06 X 320.0mm ±0.20 X 900.0mm +2.0 R17082,RM,80C6-A,RM STORE,72112950,KGS,0,1,0
RM00067,RAL00544/A,,MS-D-2.0mm ±0.04 X 320.0mm ±0.20 X 890.0mm +2.0 R17086,RM,MS-D,RM STORE,72112950,KGS,0,1,0
RM00068,RAT00706/A,,80C6-A-3.30mm ±0.06 X 38.0mm ±0.20 X 807.0mm +2.0 R17087,RM,80C6-A,RM STORE,72112950,KGS,0,1,0
RM00069,RAH00753/B,,80C6-H&T-0.60mm ±0.03 X 50.0mm ±0.20 R17090,RM,80C6-H&T,RM STORE,72112950,KGS,0,1,0
RM00070,RAL00478/B,,80C6-A-1.0mm ±0.03 X 55.0mm ±0.20 R17091,RM,80C6-A,RM STORE,72112950,KGS,0,1,0
RM00071,RAW00331/B,,EN8-A-DIA 25.40mm ±0.10 R17092,RM,EN8,RM STORE,72112950,KGS,0,1,0
RM00072,1760055/F,,80C6-A-1.50mm ±0.03 X 8.0mm ±0.25 R17094,RM,80C6-A,RM STORE,72112950,KGS,0,1,0
RM00073,RLW00116/B,,80C6-A-0.70mm ±0.03 X 300.0mm ±0.20 R17095,RM,80C6-A,RM STORE,72112950,KGS,0,1,0
RM00074,D0029202,,80C6-A-2.30mm ±0.05 X 350.0mm ±0.20 X 865.0mm +2.0 R17096,RM,80C6-A,RM STORE,72112950,KGS,0,1,0
RM00075,RAG01108/A,,80C6-A-1.20mm ±0.03 X 8.0mm ±0.10 R17098,RM,80C6-A,RM STORE,72112950,KGS,0,1,0
RM00076,,,80C6-A-0.60mm ±0.03 X 25.0mm ±0.10,RM,80C6-A,STORE,72112950,KGS,0,0,0
RM00077,,,80C6-A-1.0mm ±0.03 X 28.0MM ±0.20,RM,80C6-A,STORE,72112950,KGS,0,0,0
RM00078,,,MS-D-0.60mm ±0.03 X 67.0 mm ±0.20,RM,MS-D,STORE,72112950,KGS,0,0,0
RM00079,,,MS-D-0.80mm ±0.03 X 33.50mm ±0.20,RM,MS-D,STORE,72112950,KGS,0,0,0
RM00080,,,MS-D-1.0mm ±0.03 X 106.8 mm ±0.20,RM,MS-D,STORE,72112950,KGS,0,0,0
RM00081,,,MS-D-1.0mm ±0.03 X 17.0mm ±0.10,RM,MS-D,STORE,72112950,KGS,0,0,0
RM00082,,,MS-D-1.0mm ±0.03 X 185.50mm ±0.20,RM,MS-D,STORE,72112950,KGS,0,0,0
RM00083,,,MS-D-1.0mm ±0.03 X 300.0mm ±0.20,RM,MS-D,STORE,72112950,KGS,0,0,0
RM00084,,,MS-D-1.0mm ±0.03 X 97.0mm ±0.20,RM,MS-D,STORE,72112950,KGS,0,0,0
RM00085,,,MS-D-1.0mm ±0.03 X 111.0mm ±0.20,RM,MS-D,STORE,72112950,KGS,0,0,0
RM00086,,,MS-D-1.0mm ±0.03 X 81.50mm ±0.20,RM,MS-D,STORE,72112950,KGS,0,0,0
RM00087,,,MS-DD-1.0mm ±0.03 X 112.0mm ±0.20,RM,MS-DD,STORE,72112950,KGS,0,0,0
RM00088,,,MS-DD-2.50mm ±0.03 X 129.0mm ±0.20,RM,MS-DD,STORE,72112950,KGS,0,0,0
RM00089,,,MS-EDD-0.80mm ±0.03 X 22.00mm ±0.20,RM,MS-EDD,STORE,72112950,KGS,0,0,0
RM00090,,,MS-EDD-1.0mm ±0.03 X 170.0mm ±0.20,RM,MS-EDD,STORE,72112950,KGS,0,0,0
RM00091,,,MS-EDD-2.0mm ±0.04 X 310.0mm ±0.20 X 896.0mm ±2.0,RM,MS-EDD,STORE,72112950,KGS,0,0,0
RM00092,,,80C6-A-0.40mm ±0.03 X 40.0MM ±0.20,RM,80C6-A,STORE,72112950,KGS,0,0,0
RM00093,,,80C6-A-0.60mm ±0.03 X 25.30mm ±0.10,RM,80C6-A,STORE,72112950,KGS,0,0,0
RM00094,,,80C6-A-0.60mm ±0.03 X 41.00mm ±0.20,RM,80C6-A,STORE,72112950,KGS,0,0,0
RM00095,,,80C6-A-0.60mm ±0.03 X 44.00mm ±0.20,RM,80C6-A,STORE,72112950,KGS,0,0,0
RM00096,,,80C6-A-0.60mm ±0.03 X 44.50mm ±0.20,RM,80C6-A,STORE,72112950,KGS,0,0,0
RM00097,,,80C6-A-0.70mm ±0.03 X 35.0mm ±0.20,RM,80C6-A,STORE,72112950,KGS,0,0,0
RM00098,,,80C6-A-0.80mm ±0.03 X 25.0mm ±0.20,RM,80C6-A,STORE,72112950,KGS,0,0,0
RM00099,,,80C6-A-1.0mm ±0.03 X 18.50mm ±0.20,RM,80C6-A,STORE,72112950,KGS,0,0,0
RM00100,,,80C6-A-1.0mm ±0.03 X 23.50mm ±0.20,RM,80C6-A,STORE,72112950,KGS,0,0,0
RM00101,,,80C6-A-1.0mm ±0.03 X 27.50mm ±0.20,RM,80C6-A,STORE,72112950,KGS,0,0,0
RM00102,,,80C6-A-1.0mm ±0.03 X 29.0mm ±0.20,RM,80C6-A,STORE,72112950,KGS,0,0,0
RM00103,,,80C6-A-1.0mm ±0.03 X 30mm ±0.20,RM,80C6-A,STORE,72112950,KGS,0,0,0
RM00104,,,80C6-A-1.0mm ±0.03 X 35.5mm ±0.20,RM,80C6-A,STORE,72112950,KGS,0,0,0
RM00105,,,80C6-A-1.0mm ±0.03 X 36.0mm ±0.20,RM,80C6-A,STORE,72112950,KGS,0,0,0
RM00106,,,80C6-A-1.0mm ±0.03 X 41.0mm ±0.20,RM,80C6-A,STORE,72112950,KGS,0,0,0
RM00107,,,80C6-A-1.0mm ±0.03 X 43.0mm ±0.20,RM,80C6-A,STORE,72112950,KGS,0,0,0
RM00108,,,80C6-A-1.15mm ±0.03 X 300.0mm ±0.20,RM,80C6-A,STORE,72112950,KGS,0,0,0
RM00109,,,80C6-A-1.17mm ±0.03 X 31.0mm ±0.20,RM,80C6-A,STORE,72112950,KGS,0,0,0
RM00110,,,55C6-A-1.0mm ±0.03 X 26.50mm ±0.10,RM,55C6-A,STORE,72112950,KGS,0,0,0
RM00111,,,55C6-A-1.0mm ±0.03 X 50.0mm ±0.20,RM,55C6-A,STORE,72112950,KGS,0,0,0
RM00112,,,MS-D-0.80mm ±0.03 X 21.80mm ±0.20,RM,MS-D,STORE,72112950,KGS,0,0,0
RM00113,,,80C6-A-0.40mm ±0.03 X 52.0mm ±0.20,RM,80C6-A,STORE,72112950,KGS,0,0,0
RM00114,,,80C6-A-0.50mm ±0.03 X 35.0mm ±0.20,RM,80C6-A,STORE,72112950,KGS,0,0,0
RM00115,,,80C6-A-0.80mm ±0.03 X 15.95mm ±0.10,RM,80C6-A,STORE,72112950,KGS,0,0,0
RM00116,,,75C6-A-0.70mm ±0.03 X 34.0mm ±0.20,RM,75C6-A,STORE,72112950,KGS,0,0,0
RM00117,,,75C6-A-1.20mm ±0.03 X 42.0mm ±0.20 X 886.0mm +2.0,RM,75C6-A,STORE,72112950,KGS,0,0,0
RM00118,,,75C6-A-0.97mm ±0.03 X 34.0mm ±0.20,RM,75C6-A,STORE,72112950,KGS,0,0,0
RM00119,,,80C6-A-0.40mm ±0.03 X 36.0mm ±0.20,RM,80C6-A,STORE,72112950,KGS,0,0,0
RM00120,,,80C6-A-0.50mm ±0.03 X 40.0mm ±0.20,RM,80C6-A,STORE,72112950,KGS,0,0,0
RM00121,,,80C6-A-0.50mm ±0.03 X 48.0mm ±0.20,RM,80C6-A,STORE,72112950,KGS,0,0,0
RM00122,,,80C6-A-0.50mm ±0.03 X 55.50mm ±0.20,RM,80C6-A,STORE,72112950,KGS,0,0,0
RM00123,,,80C6-A-0.60mm ±0.03 X 11.0mm ±0.10,RM,80C6-A,STORE,72112950,KGS,0,0,0
RM00124,,,80C6-A-0.80mm ±0.03 X 32.0mm ±0.20,RM,80C6-A,STORE,72112950,KGS,0,0,0
RM00125,,,80C6-A-1.0mm ±0.03 X 24.0mm ±0.20,RM,80C6-A,STORE,72112950,KGS,0,0,0
RM00126,,,80C6-A-1.50mm ±0.03 X 300.0mm ±0.20,RM,80C6-A,STORE,72112950,KGS,0,0,0
RM00127,,,80C6-A-1.17mm ±0.03 X 30.0mm ±0.20,RM,80C6-A,STORE,72112950,KGS,0,0,0
RM00128,,,80C6-A-1.20mm ±0.03 X 29.0mm ±0.20,RM,80C6-A,STORE,72112950,KGS,0,0,0
RM00129,,,80C6-A-1.20mm ±0.03 X 102.50mm ±0.20,RM,80C6-A,STORE,72112950,KGS,0,0,0
RM00130,,,80C6-A-1.20mm ±0.03 X 99.0mm ±0.20,RM,80C6-A,STORE,72112950,KGS,0,0,0
RM00131,,,80C6-A-1.60mm ±0.03 X 105.0mm ±0.20,RM,80C6-A,STORE,72112950,KGS,0,0,0
RM00132,,,MS-D-1.20mm ±0.03 X 111.0mm ±0.20,RM,MS-D,STORE,72112950,KGS,0,0,0
RM00133,,,MS-D-1.20mm ±0.03 X 81.50mm ±0.20,RM,MS-D,STORE,72112950,KGS,0,0,0
RM00134,,,MS-D-1.40mm ±0.03 X 105.0mm ±0.20,RM,MS-D,STORE,72112950,KGS,0,0,0
RM00135,,,MS-D-1.0mm ±0.03 X 74.0mm ±0.20,RM,MS-D,STORE,72112950,KGS,0,0,0
RM00136,,,MS-D-2.0mm ±0.04 X 320.0mm ±0.20 X 919.0mm +2.0,RM,MS-D,STORE,72112950,KGS,0,0,0
RM00137,,,75C6-A-1.60mm ±0.04 X 76.50mm ±0.20,RM,75C6-A,STORE,72112950,KGS,0,0,0
RM00138,,,75C6-A-1.10mm ±0.03 X 340.0mm ±0.20 X 900.0mm +2.0,RM,75C6-A,STORE,72112950,KGS,0,0,0
RM00139,,,75C6-A-1.50mm ±0.03 X 300.0mm ±0.20,RM,75C6-A,STORE,72112950,KGS,0,0,0
RM00140,,,75C6-A-1.80mm ±0.04 X 333.0mm ±0.20 X 869.0mm +2.0,RM,75C6-A,STORE,72112950,KGS,0,0,0
RM00141,,,80C6-A-0.50mm ±0.03 X 300.0mm ±0.20,RM,80C6-A,STORE,72112950,KGS,0,0,0
RM00142,,,80C6-A-0.60mm ±0.03 X 24.0mm ±0.20,RM,80C6-A,STORE,72112950,KGS,0,0,0
RM00143,,,80C6-A-0.60mm ±0.03 X 73.0mm ±0.20,RM,80C6-A,STORE,72112950,KGS,0,0,0
RM00144,,,80C6-A-0.70mm ±0.03 X 45.0mm ±0.20,RM,80C6-A,STORE,72112950,KGS,0,0,0
RM00145,,,80C6-A-1.10mm ±0.03 X 31.50mm ±0.20,RM,80C6-A,STORE,72112950,KGS,0,0,0
RM00146,,,80C6-A-1.0mm ±0.03 X 141.50mm ±0.20,RM,80C6-A,STORE,72112950,KGS,0,0,0
RM00147,,,80C6-A-1.20mm ±0.03 X 360.0mm ±0.20 X 625.0mm +2.0,RM,80C6-A,STORE,72112950,KGS,0,0,0
RM00148,,,80C6-A-1.20mm ±0.03 X 53.0mm ±0.20,RM,80C6-A,STORE,72112950,KGS,0,0,0
RM00149,,,80C6-A-0.40mm ±0.03 X 43.0mm ±0.20,RM,80C6-A,STORE,72112950,KGS,0,0,0
RM00150,,,80C6-A-0.60mm ±0.03 X 49mm ±0.20,RM,80C6-A,STORE,72112950,KGS,0,0,0
RM00151,,,80C6-A-1.0mm ±0.03 X 15.0mm ±0.10,RM,80C6-A,STORE,72112950,KGS,0,0,0
RM00152,,,55C6-A-1.50mm ±0.03 X 46.0mm ±0.20,RM,55C6-A,STORE,72112950,KGS,0,0,0
RM00153,,,MS-D-0.70mm ±0.05 X 80.0mm +0.5,RM,MS-D,STORE,72112950,KGS,0,0,0
RM00154,,,SS301-¾H-0.40mm ±0.02 X 111.0mm ±0.10,RM,SS301-¾H,STORE,72112950,KGS,0,0,0
RM00155,,,SS301-¾H-0.40mm ±0.03 X 97.0mm ±0.20,RM,SS301-¾H,STORE,72112950,KGS,0,0,0
RM00156,,,SS301-¾H-0.50mm ±0.03 X 34.0mm ±0.20,RM,SS301-¾H,STORE,72112950,KGS,0,0,0
RM00157,,,SS301-¾H-0.60mm ±0.03 X 32.0mm ±0.20,RM,SS301-¾H,STORE,72112950,KGS,0,0,0
RM00158,,,SS301-¾H-0.80mm ±0.03 X 27.0mm ±0.20,RM,SS301-¾H,STORE,72112950,KGS,0,0,0
RM00159,,,SS301-¾H-0.80mm ±0.03 X 30.0mm ±0.20,RM,SS301-¾H,STORE,72112950,KGS,0,0,0
RM00160,,,SS301-¾H-0.40mm ±0.03 X 33.50mm ±0.20,RM,SS301-¾H,STORE,72112950,KGS,0,0,0
RM00161,,,SS304-¾H-0.50mm ±0.03 X 34.0mm ±0.20,RM,SS304-¾H,STORE,72112950,KGS,0,0,0
RM00162,,,SS304-¾H-0.80mm ±0.03 X 300.0mm ±0.20,RM,SS301-¾H,STORE,72112950,KGS,0,0,0
RM00163,,,SS301-¾H-0.60mm ±0.03 X 300.0mm ±0.20,RM,SS301-¾H,STORE,72112950,KGS,0,0,0
RM00164,,,SS304-¾H-2.40mm ±0.08 X 309mm ±0.5,RM,SS304-¾H,STORE,72112950,KGS,0,0,0
RM00165,,,SS301-¾H-0.60mm ±0.03 X 31.50mm ±0.20,RM,SS301-¾H,STORE,72112950,KGS,0,0,0
RM00166,,,SS301-¾H-0.70mm ±0.03 X 30.0mm ±0.20,RM,SS301-¾H,STORE,72112950,KGS,0,0,0
RM00167,,,SS304-¾H-1.50mm ±0.035 X 48.0mm ±0.10,RM,SS304-¾H,STORE,72112950,KGS,0,0,0
RM00168,,,SS301-¾H-0.70mm ±0.03 X 40.0mm ±0.20,RM,SS301-¾H,STORE,72112950,KGS,0,0,0
RM00169,,,SS301-¾H-0.40mm ±0.03 X 76.0mm ±0.20,RM,SS301-¾H,STORE,72112950,KGS,0,0,0
RM00170,,,SS301-¾H-0.70mm ±0.03 X 34.0mm ±0.20,RM,SS301-¾H,STORE,72112950,KGS,0,0,0
RM00171,,,SS301-¾H-0.20mm ±0.02 X 26.0mm ±0.10,RM,SS301-¾H,STORE,72112950,KGS,0,0,0
RM00172,,,SS301-¾H-0.50mm ±0.03 X 29.0mm ±0.20,RM,SS301-¾H,STORE,72112950,KGS,0,0,0
RM00173,,,SS304-¾H-0.67mm ±0.02 X 23.0mm ±0.10,RM,SS304-¾H,STORE,72112950,KGS,0,0,0
RM00174,,,SS304-¾H-0.50mm ±0.020mm X 30.0mm ±0.10,RM,SS304-¾H,STORE,72112950,KGS,0,0,0
RM00175,,,SS301-¾H-0.80mm ±0.03 X 25.0mm ±0.20,RM,SS301-¾H,STORE,72112950,KGS,0,0,0
RM00176,,,SS304-¾H-0.80mm ±0.03 X 35.0mm ±0.20,RM,SS304-¾H,STORE,72112950,KGS,0,0,0
RM00177,,,SS304-¾H-0.15mm ±0.02 X 300.0mm ±0.20,RM,SS304-¾H,STORE,72112950,KGS,0,0,0
RM00178,,,SS304-¾H-0.30mm ±0.02 X 39.50mm ±0.20,RM,SS304-¾H,STORE,72112950,KGS,0,0,0
RM00179,,,SS301-¾H-0.60mm ±0.03 X 24.50mm ±0.20,RM,SS301-¾H,STORE,72112950,KGS,0,0,0
RM00180,,,SS304-¾H-0.70mm ±0.03 X 52.50mm ±0.20,RM,SS304-¾H,STORE,72112950,KGS,0,0,0
RM00181,,,SS304-¾H-0.10mm ±0.02 X 40mm ±0.20,RM,SS304-¾H,STORE,72112950,KGS,0,0,0
RM00182,,,SS301-¾H-0.15mm ±0.02 X 200.0mm ±0.20,RM,SS301-¾H,STORE,72112950,KGS,0,0,0
RM00183,,,SS304-¾H-0.70mm ±0.03 X 320(MULTIPLE 80.0mm ±0.20),RM,SS304-¾H,STORE,72112950,KGS,0,0,0
RM00184,,,SS301-¾H-0.6mm ±0.03 X 74.0mm ±0.20,RM,SS301-¾H,STORE,72112950,KGS,0,0,0
RM00185,,,SS301-¾H-0.6mm ±0.03 X 77.0mm ±0.20,RM,SS301-¾H,STORE,72112950,KGS,0,0,0
RM00186,,,SS301-¾H-0.2mm ±0.03 X 27.0mm ±0.20,RM,SS301-¾H,STORE,72112950,KGS,0,0,0
RM00187,,,SS301-¾H-0.6mm ±0.03 X 33.0mm ±0.20,RM,SS301-¾H,STORE,72112950,KGS,0,0,0
RM00188,,,SS304-¾H-0.50mm ±0.03 X 29.50mm ±0.20,RM,SS304-¾H,STORE,72112950,KGS,0,0,0
RM00189,,,SS301-¾H-0.40mm ±0.03 X 327mm ±1,RM,SS301-¾H,STORE,72112950,KGS,0,0,0
RM00190,,,SS304-¾H-0.50mm ±0.03 X 40.0mm ±0.20,RM,SS304-¾H,STORE,72112950,KGS,0,0,0
RM00191,,,SS304-¾H-0.67mm ±0.03/-0.02 X 23.0mm ±0.10,RM,SS304-¾H,STORE,72112950,KGS,0,0,0
RM00192,,,SS301-¾H-0.79mm ±0.03 X 20mm ±0.20,RM,SS301-¾H,STORE,72112950,KGS,0,0,0
RM00193,,,SS301-¾H-0.60mm ±0.03 X 11.0mm ±0.20,RM,SS301-¾H,STORE,72112950,KGS,0,0,0
RM00194,,,SS301-¾H-0.35mm ±0.02 X 20.0mm ±0.20,RM,SS301-¾H,STORE,72112950,KGS,0,0,0
RM00195,,,SS304-¾H-0.20mm ±0.02 X 12.20mm ±0.2,RM,SS304-¾H,STORE,72112950,KGS,0,0,0
RM00196,,,SS304-¾H-0.60mm ±0.03 X 102.0mm ±0.20,RM,SS304-¾H,STORE,72112950,KGS,0,0,0
RM00197,,,SS304-¾H-1.45mm ±0.03 X 62.0mm ±0.20,RM,SS304-¾H,STORE,72112950,KGS,0,0,0
RM00198,,,SS304-¾H-0.40mm ±0.03 X 30.0mm ±0.20,RM,SS304-¾H,STORE,72112950,KGS,0,0,0
RM00199,,,SS304-¾H-0.60mm ±0.03 X 27.0mm ±0.20,RM,SS304-¾H,STORE,72112950,KGS,0,0,0
RM00200,,,SS301-¾H-0.40mm ±0.02 X 300.0mm ±0.10,RM,SS301-¾H,STORE,72112950,KGS,0,0,0
RM00201,,,SS301-¾H-0.50mm ±0.03 X 64.0mm ±0.20,RM,SS301-¾H,STORE,72112950,KGS,0,0,0
RM00202,,,SS304-¾H-0.30mm ±0.02 X 17.0mm ±0.20,RM,SS304-¾H,STORE,72112950,KGS,0,0,0
RM00203,,,80C6-A-3.0mm ±0.05 X 320.0mm ±.0.20 X 900.0mm +2.0,RM,80C6-A,STORE,72112950,KGS,0,0,0
RM00204,,,80C6-A-3.20mm ±0.06 X 300.0mm ±.0.20 X 850.0mm +2.0,RM,80C6-A,STORE,72112950,KGS,0,0,0
RM00205,,,80C6-A-3.30mm ±0.06 X 117.0mm ±.0.20 X 685.0mm +2.0,RM,80C6-A,STORE,72112950,KGS,0,0,0
RM00206,,,80C6-A-3.30mm ±0.06 X 320.0mm ±.0.20 X 900.0mm +2.0,RM,80C6-A,STORE,72112950,KGS,0,0,0
RM00207,,,80C6-A-3.30mm ±0.06 X 80.50mm ±.0.20 X 900.0mm +2.0,RM,80C6-A,STORE,72112950,KGS,0,0,0
RM00208,,,80C6-A-3.40mm ±0.06 X 300.0mm ±.0.20 X 850.0mm +2.0,RM,80C6-A,STORE,72112950,KGS,0,0,0
RM00209,,,80C6-A-3.30mm ±0.06 X 340.0mm ±.0.20 X 850.0mm +2.0,RM,80C6-A,STORE,72112950,KGS,0,0,0
RM00210,,,SK5M-A-2.0mm ±0.04 X 68.0mm ±.0.20,RM,SK5M-A,STORE,72112950,KGS,0,0,0
RM00211,,,SK5M-A-2.0mm ±0.04 X 37.50mm ±.0.20,RM,SK5M-A,STORE,72112950,KGS,0,0,0
RM00212,,,80C6-A-3.70mm ±0.06 X 335.0mm ±.0.20 X 892.0mm +2.0,RM,80C6-A,STORE,72112950,KGS,0,0,0
RM00213,,,80C6-A-3.70mm ±0.06 X 66.50mm ±.0.20 X 892.0mm +2.0,RM,80C6-A,STORE,72112950,KGS,0,0,0
RM00214,,,80C6-A-3.0mm ±0.05 X 32.0mm ±.0.20,RM,80C6-A,STORE,72112950,KGS,0,0,0
RM00215,,,80C6-A-3.0mm ±0.05 X 27.20mm ±.0.20 X 900.0mm +2.0,RM,80C6-A,STORE,72112950,KGS,0,0,0
RM00216,,,80C6-A-3.0mm ±0.05 X 35.5mm ±.0.20 X 885mm +2.0,RM,80C6-A,STORE,72112950,KGS,0,0,0
RM00217,,,80C6-A-3.0mm ±0.05 X 64.0mm ±.0.20 X 860.0mm +2.0,RM,80C6-A,STORE,72112950,KGS,0,0,0
RM00218,,,80C6-A-3.20mm ±0.06 X 40.0mm ±.0.20 X 850.0mm +2.0,RM,80C6-A,STORE,72112950,KGS,0,0,0
RM00219,,,80C6-A-3.30mm ±0.06 X 32.0mm ±.0.20 X 900.0mm +2.0,RM,80C6-A,STORE,72112950,KGS,0,0,0
RM00220,,,80C6-A-3.30mm ±0.06 X 47.0mm ±.0.20 X 847.0mm +2.0,RM,80C6-A,STORE,72112950,KGS,0,0,0
RM00221,,,80C6-A-3.30mm ±0.06 X 67.50mm ±.0.20 X 910.0mm +2.0,RM,80C6-A,STORE,72112950,KGS,0,0,0
RM00222,,,80C6-A-3.30mm ±0.06 X 40.0mm ±.0.20 X 875.0mm +2.0,RM,80C6-A,STORE,72112950,KGS,0,0,0
RM00223,,,80C6-A-3.40mm ±0.06 X 37.0mm ±.0.20 X 804.0mm +2.0,RM,80C6-A,STORE,72112950,KGS,0,0,0
RM00224,,,80C6-A-3.30mm ±0.06 X 76.0mm ±.0.20 X 807.0mm +2.0,RM,80C6-A,STORE,72112950,KGS,0,0,0
RM00225,,,SS202-A-1.20mm ±0.03 X 1250.0mm ±.0.20 X 2500.0mm +2.0,RM,SS202-A,STORE,72112950,KGS,0,0,0
RM00226,,,SS304-¾H-0.70mm ±0.03 X 320 (MULTIPLY80.0mm ±0.20),RM,SS304-¾H,STORE,72112950,KGS,0,0,0
RM00227,,,SS301-¾H-0.40mm ±0.03 X 390mm ±1,RM,SS301-¾H,STORE,72112950,KGS,0,0,0
RM00228,,,SS301-¾H-0.70mm ±0.04 X 64.5mm +0.50,RM,SS301-¾H,STORE,72112950,KGS,0,0,0
RM00229,,,SS301-¾H-0.70mm ±0.04 X 300mm,RM,SS301-¾H,STORE,72112950,KGS,0,0,0
RM00230,,,SS304-A-0.80mm ±0.03 X 1250.0mm ±.0.20 X 2500.0mm +2.0,RM,SS304-A,STORE,72112950,KGS,0,0,0
RM00231,,,SUS301-H-1.0mm ±0.03 X 94.0mm ±0.20,RM,SUS301-H,STORE,72112950,KGS,0,0,0
RM00232,,,HC SPRING WIRE-GRADE-3-DIA 1.0mm ±0.02,RM,GRADE-3,STORE,72112950,KGS,0,0,0
RM00233,,,EN2-1.60mm ±0.03 X 65.0mm ±0.20,RM,EN2-A,STORE,72112950,KGS,0,0,0
RM00234,,,MS-D-3.40mm ±0.06 X 68.0mm ±0.20 X 850.0mm +2.0,RM,MS-D,STORE,72112950,KGS,0,0,0
RM00235,,,MS-D-½H-1.70mm ±0.04 X 85.50mm ±0.20,RM,MS-D-½H,STORE,72112950,KGS,0,0,0
RM00236,,,MS-D-½H-2.10mm ±0.04 X 62.50mm ±0.20 X 900.0mm ±0.20,RM,MS-D-½H,STORE,72112950,KGS,0,0,0
RM00237,,,MS-D-½H-2.10mm ±0.04 X 85.50mm ±0.20 X 914.0mm ±0.20,RM,MS-D-½H,STORE,72112950,KGS,0,0,0
RM00238,,,ISI4491-420Y-A-1.47mm ±0.03 X 143.0mm ±0.20 X 932,RM,ISI4491-420Y-A,STORE,72112950,KGS,0,0,0
RM00239,,,MS-D-HR PICKLED-4.20mm ±0.06 X 54.0mm ±0.20 X 768mm +2.0,RM,MS-D,STORE,72112950,KGS,0,0,0
RM00240,,,MS-D-½H-1.70mm ±0.04 X 62.0mm ±0.20,RM,MS-D-½H,STORE,72112950,KGS,0,0,0
RM00241,,,IS1079-HR5-305Y-2.50mm ±0.05 X 180.0mm ±0.20 X 884,RM,IS1079-HR5-305Y,STORE,72112950,KGS,0,0,0
RM00242,,,BRASS-0.50mm ±0.03 X 39.50mm ±0.20,RM,BRASS,STORE,72112950,KGS,0,0,0
RM00243,,,BRASS-0.50mm ±0.03 X 47.20mm ±0.20,RM,BRASS,STORE,72112950,KGS,0,0,0
RM00244,,,COPPER-1.40mm ±0.03 X 50.0mm ±0.20,RM,COPPER,STORE,72112950,KGS,0,0,0
RM00245,,,ALUMINIUM-0.50mm ±0.03 X 1220.0mm ±0.20 X 2440.0mm +0.20,RM,ALUMINIUM,STORE,72112950,KGS,0,0,0
RM00246,,,16MNCR5-ADIA 31.5mm ±0.10,RM,16MNCR5-A,STORE,72112950,KGS,0,0,0
RM00247,,,80C6-A-0.70mm ±0.03 X 6.0mm ±.0.10,RM,80C6-A,STORE,72112950,KGS,0,0,0
RM00248,,,80C6-A-0.90mm ±0.03 X 41.50mm ±.0.20,RM,80C6-A,STORE,72112950,KGS,0,0,0
RM00249,,,80C6-A-1.20mm ±0.03 X 68.0mm ±.0.20,RM,80C6-A,STORE,72112950,KGS,0,0,0
RM00250,,,80C6-A-1.50mm ±0.03 X 73.50mm ±.0.20,RM,80C6-A,STORE,72112950,KGS,0,0,0
RM00251,,,80C6-A-1.75mm ±0.04 X 63.70mm ±.0.20,RM,80C6-A,STORE,72112950,KGS,0,0,0
RM00252,,,80C6-A-1.50mm ±0.03 X 33.0mm ±.0.20,RM,80C6-A,STORE,72112950,KGS,0,0,0
RM00253,,,80C6-A-1.57mm ±0.03 X 54.50mm ±.0.20,RM,80C6-A,STORE,72112950,KGS,0,0,0
RM00254,,,80C6-A-1.10mm ±0.03 X 59.0mm ±.0.20,RM,80C6-A,STORE,72112950,KGS,0,0,0
RM00255,,,80C6-A-0.25mm ±0.02 X 41.0mm ±.0.20,RM,80C6-A,STORE,72112950,KGS,0,0,0
RM00256,,,80C6-A-0.40mm ±0.03 X 47.0mm ±.0.20,RM,80C6-A,STORE,72112950,KGS,0,0,0
RM00257,,,80C6-A-0.50mm ±0.03 X 10.0mm ±.0.10,RM,80C6-A,STORE,72112950,KGS,0,0,0
RM00258,,,80C6-A-0.50mm ±0.03 X 300.0mm ±.0.20,RM,80C6-A,STORE,72112950,KGS,0,0,0
RM00259,,,80C6-A-0.50mm ±0.03 X 48.0mm ±.0.20,RM,80C6-A,STORE,72112950,KGS,0,0,0
RM00260,,,80C6-A-0.60mm ±0.03 X 11.0mm ±.0.10,RM,80C6-A,STORE,72112950,KGS,0,0,0
RM00261,,,80C6-A-0.60mm ±0.03 X 14.05mm ±.0.10,RM,80C6-A,STORE,72112950,KGS,0,0,0
RM00262,,,80C6-A-0.60mm ±0.03 X 25.30mm ±.0.10,RM,80C6-A,STORE,72112950,KGS,0,0,0
RM00263,,,80C6-A-0.60mm ±0.03 X 300.0mm ±.0.20,RM,80C6-A,STORE,72112950,KGS,0,0,0
RM00264,,,80C6-A-0.60mm ±0.03 X 31.0mm ±.0.20,RM,80C6-A,STORE,72112950,KGS,0,0,0
RM00265,,,80C6-A-0.60mm ±0.03 X 73.0mm ±.0.20,RM,80C6-A,STORE,72112950,KGS,0,0,0
RM00266,,,80C6-A-0.70mm ±0.03 X 300.0mm ±.0.20,RM,80C6-A,STORE,72112950,KGS,0,0,0
RM00267,,,80C6-A-0.90mm ±0.03 X 300.0mm ±.0.20,RM,80C6-A,STORE,72112950,KGS,0,0,0
RM00268,,,80C6-A-0.97mm ±0.03 X 31.50mm ±.0.20,RM,80C6-A,STORE,72112950,KGS,0,0,0
RM00269,,,80C6-A-1.0mm ±0.03 X 10.0mm ±.0.10,RM,80C6-A,STORE,72112950,KGS,0,0,0
RM00270,,,80C6-A-1.20mm ±0.03 X 12.0mm ±.0.10,RM,80C6-A,STORE,72112950,KGS,0,0,0
RM00271,,,80C6-A-1.20mm ±0.03 X 360.0mm ±.0.20 X 625.0mm+2.0,RM,80C6-A,STORE,72112950,KGS,0,0,0
RM00272,,,80C6-A-1.47mm ±0.03 X 29.0mm ±.0.20,RM,80C6-A,STORE,72112950,KGS,0,0,0
RM00273,,,80C6-A-1.47mm ±0.03 X 320.0mm ±.0.20 X 900.0mm+2.0,RM,80C6-A,STORE,72112950,KGS,0,0,0
RM00274,,,80C6-A-1.50mm ±0.03 X 49.0mm ±.0.20,RM,80C6-A,STORE,72112950,KGS,0,0,0
RM00275,,,80C6-A-1.50mm ±0.03 X 91.70mm ±.0.20,RM,80C6-A,STORE,72112950,KGS,0,0,0
RM00276,,,80C6-A-1.95mm ±0.04 X 38.0mm ±.0.20,RM,80C6-A,STORE,72112950,KGS,0,0,0
RM00277,,,80C6-A-0.70mm ±0.03 X 22.0mm ±.0.20,RM,80C6-A,STORE,72112950,KGS,0,0,0
RM00278,,,80C6-A-2.0mm ±0.04 X 30.0mm ±.0.20,RM,80C6-A,STORE,72112950,KGS,0,0,0
RM00279,,,80C6-A-2.0mm ±0.04 X 30.50mm ±.0.20,RM,80C6-A,STORE,72112950,KGS,0,0,0
RM00280,,,80C6-A-2.0mm ±0.04 X 310.0mm ±.0.20 X 900.0mm +2.0,RM,80C6-A,STORE,72112950,KGS,0,0,0
RM00281,,,80C6-A-2.0mm ±0.04 X 39.0mm ±.0.20,RM,80C6-A,STORE,72112950,KGS,0,0,0
RM00282,,,80C6-A-2.0mm ±0.04 X 62.50mm ±.0.20,RM,80C6-A,STORE,72112950,KGS,0,0,0
RM00283,,,80C6-A-2.0mm ±0.04 X 77.0mm ±.0.20,RM,80C6-A,STORE,72112950,KGS,0,0,0
RM00284,,,80C6-A-2.20mm ±0.05 X 61.0mm ±.0.20,RM,80C6-A,STORE,72112950,KGS,0,0,0
RM00285,,,80C6-A-2.20mm ±0.05 X 71.0mm ±.0.20,RM,80C6-A,STORE,72112950,KGS,0,0,0
RM00286,,,80C6-A-2.30mm ±0.05 X 72.81mm ±.0.20 X 947.0mm +2.0,RM,80C6-A,STORE,72112950,KGS,0,0,0
RM00287,,,80C6-A-2.30mm ±0.05 X 350.0mm ±.0.20 X 865.0mm +2.0,RM,80C6-A,STORE,72112950,KGS,0,0,0
RM00288,,,80C6-A-2.43mm ±0.05 X 320.0mm ±.0.20 X 845.0mm +2.0,RM,80C6-A,STORE,72112950,KGS,0,0,0
RM00289,,,80C6-A-2.50mm ±0.05 X 40.0mm ±.0.20 X 900.0mm ±2.0,RM,80C6-A,STORE,72112950,KGS,0,0,0
RM00290,,,80C6-A-1.60mm ±0.03 X 75.0mm ±.0.20,RM,80C6-A,STORE,72112950,KGS,0,0,0
RM00291,,,80C6-A-2.80mm ±0.05 X 47.0mm X 850mm,RM,80C6-A,STORE,72112950,KGS,0,0,0
RM00292,,,80C6-A-1.60mm ±0.03 X 310.0mm ±.0.20 X 895.0mm ±2.0,RM,80C6-A,STORE,72112950,KGS,0,0,0
RM00293,,,80C6-A-1.60mm ±0.03 X 70.0mm ±.0.20,RM,80C6-A,STORE,72112950,KGS,0,0,0
RM00294,,,80C6-A-1.80mm ±0.04 X 61.0mm ±.0.20,RM,80C6-A,STORE,72112950,KGS,0,0,0
RM00295,,,80C6-H&T-0.60mm ±0.03 X 16.0mm ±.0.10,RM,80C6-H&T,STORE,72112950,KGS,0,0,0
RM00296,,,80C6-A-0.30mm ±0.02 X 43.0mm ±.0.20,RM,80C6-A,STORE,72112950,KGS,0,0,0
RM00297,,,80C6-A-0.35mm ±0.02 X 39.0mm ±.0.20,RM,80C6-A,STORE,72112950,KGS,0,0,0
RM00298,,,80C6-A-0.40mm ±0.03 X 40.0mm ±.0.20,RM,80C6-A,STORE,72112950,KGS,0,0,0
RM00299,,,80C6-A-0.80mm ±0.03 X 129.0mm ±.0.20 X 890.0mm +2.0,RM,80C6-A,STORE,72112950,KGS,0,0,0
RM00300,,,80C6-A-1.0mm ±0.03 X 29.0mm ±.0.20,RM,80C6-A,STORE,72112950,KGS,0,0,0
RM00301,,,80C6-A-1.0mm ±0.03 X 35.50mm ±.0.20,RM,80C6-A,STORE,72112950,KGS,0,0,0
RM00302,,,80C6-A-1.0mm ±0.03 X 55.0mm ±.0.20,RM,80C6-A,STORE,72112950,KGS,0,0,0
RM00303,,,75C6-A-0.25mm ±0.02 X 41.0mm ±.0.20,RM,75C6-A,STORE,72112950,KGS,0,0,0
RM00304,,,80C6-A-2.0mm ±0.04 X 40.0mm ±.0.20 X 850.0mm +2.0,RM,80C6-A,STORE,72112950,KGS,0,0,0
RM00305,,,80C6-A-1.20mm ±0.03 X 29.0mm ±.0.20,RM,80C6-A,STORE,72112950,KGS,0,0,0
RM00306,,,80C6-A-1.20mm ±0.03 X 31.0mm ±.0.20,RM,80C6-A,STORE,72112950,KGS,0,0,0
RM00307,,,80C6-A-1.20mm ±0.03 X 33.50mm ±.0.20,RM,80C6-A,STORE,72112950,KGS,0,0,0
RM00308,,,80C6-A-1.20mm ±0.03 X 49.0mm ±.0.20,RM,80C6-A,STORE,72112950,KGS,0,0,0
RM00309,,,80C6-A-1.20mm ±0.03 X 53.0mm ±.0.20,RM,80C6-A,STORE,72112950,KGS,0,0,0
RM00310,,,80C6-A-1.20mm ±0.03 X 66.0mm ±.0.20,RM,80C6-A,STORE,72112950,KGS,0,0,0
RM00311,,,80C6-A-1.35mm ±0.03 X 28.0mm ±.0.20,RM,80C6-A,STORE,72112950,KGS,0,0,0
RM00312,,,80C6-A-1.40mm ±0.03 X 52.0mm ±.0.20,RM,80C6-A,STORE,72112950,KGS,0,0,0
RM00313,,,80C6-A-1.40mm ±0.03 X 85.0mm ±.0.20,RM,80C6-A,STORE,72112950,KGS,0,0,0
RM00314,,,80C6-A-1.50mm ±0.03 X 34.0mm ±.0.20,RM,80C6-A,STORE,72112950,KGS,0,0,0
RM00315,,,80C6-A-1.50mm ±0.03 X 43.50mm ±.0.20,RM,80C6-A,STORE,72112950,KGS,0,0,0
RM00316,,,80C6-A-1.50mm ±0.03 X 52.0mm ±.0.20,RM,80C6-A,STORE,72112950,KGS,0,0,0
RM00317,,,80C6-A-1.50mm ±0.03 X 54.0mm ±.0.20,RM,80C6-A,STORE,72112950,KGS,0,0,0
RM00318,,,80C6-A-1.60mm ±0.03 X 26.0mm ±.0.20,RM,80C6-A,STORE,72112950,KGS,0,0,0
RM00319,,,80C6-A-0.50mm ±0.03 X 32.0mm ±.0.20,RM,80C6-A,STORE,72112950,KGS,0,0,0
RM00320,,,80C6-A-0.50mm ±0.03 X 40.0mm ±.0.20,RM,80C6-A,STORE,72112950,KGS,0,0,0
RM00321,,,80C6-A-0.50mm ±0.03 X 55.50mm ±.0.20,RM,80C6-A,STORE,72112950,KGS,0,0,0
RM00322,,,80C6-A-0.30mm ±0.02 X 17.0mm ±.0.10,RM,80C6-A,STORE,72112950,KGS,0,0,0
RM00323,,,80C6-A-0.30mm ±0.02 X 43.0mm ±.0.10,RM,80C6-A,STORE,72112950,KGS,0,0,0
RM00324,,,80C6-A-0.40mm ±0.02 X 21.70mm ±.0.10,RM,80C6-A,STORE,72112950,KGS,0,0,0
RM00325,,,55C6-A-1.80mm ±0.04 X 21.0mm ±0.20,RM,55C6-A,STORE,72112950,KGS,0,0,0
RM00326,,,80C6-A-1.20mm ±0.03 X 90.0mm ±0.20 X 625.0mm +2.0,RM,80C6-A,STORE,72112950,KGS,0,0,0
RM00327,,,80C6-A-1.40mm ±0.03 X 28mm ±0.20,RM,80C6-A,STORE,72112950,KGS,0,0,0
RM00328,,,80C6-A-0.80mm ±0.03 X 21mm ±0.20,RM,80C6-A,STORE,72112950,KGS,0,0,0
RM00329,,,80C6-A-0.80mm ±0.03 X 17.0mm ±0.10,RM,80C6-A,STORE,72112950,KGS,0,0,0
RM00330,,,80C6-A-0.80mm ±0.03 X 37.0mm ±0.20,RM,80C6-A,STORE,72112950,KGS,0,0,0
RM00331,,,80C6-A-1.30mm ±0.03 X 300.0mm ±0.20,RM,80C6-A,STORE,72112950,KGS,0,0,0
RM00332,,,80C6-A-2.0mm ±0.04 X 40.0mm ±0.20 X 850.0mm +2.0,RM,80C6-A,STORE,72112950,KGS,0,0,0
RM00333,,,80C6-A-2.0mm ±0.04 X 37.0mm ±0.20 X 895.0mm +2.0,RM,80C6-A,STORE,72112950,KGS,0,0,0
RM00334,,,80C6-A-2.0mm ±0.04 X 37.0mm ±0.20 X 880.0mm +2.0,RM,80C6-A,STORE,72112950,KGS,0,0,0
RM00335,,,80C6-A-2.0mm ±0.04 X 52.4.0mm ±0.20 X 910.0mm +2.0,RM,80C6-A,STORE,72112950,KGS,0,0,0
RM00336,,,80C6-A-2.0mm ±0.04 X 28.5.0mm ±0.20 X 900.0mm +2.0,RM,80C6-A,STORE,72112950,KGS,0,0,0
RM00337,,,80C6-A-2.0mm ±0.04 X 310.0mm ±0.20 X 900.0mm +2.0,RM,80C6-A,STORE,72112950,KGS,0,0,0
RM00338,,,80C6-A-2.0mm ±0.03 X 62.50mm ±0.20,RM,80C6-A,STORE,72112950,KGS,0,0,0
RM00339,,,80C6-A-2.30mm ±0.05 X 69.5mm ±0.20 X 810.0mm +2.0,RM,80C6-A,STORE,72112950,KGS,0,0,0
RM00340,,,80C6-A-2.30mm ±0.05 X 35.0mm ±0.20 X 865.0mm +2.0,RM,80C6-A,STORE,72112950,KGS,0,0,0
RM00341,,,80C6-A-2.0mm ±0.04 X 80.0mm ±0.5,RM,80C6-A,STORE,72112950,KGS,0,0,0
RM00342,,,75C6-H&T-0.50mm ±0.03 X 82.0mm ±.0.20,RM,75C6-H&T,STORE,72112950,KGS,0,0,0
RM00343,,,80C6-A-0.50mm ±0.03 X 300.0mm ±0.20(MULTIPLE OF 65M),RM,80C6-A,STORE,72112950,KGS,0,0,0
RM00344,,,75C6-A-2.80mm ±0.05 X 330.0mm ±.0.20 X 850.0mm +2.0,RM,75C6-A,STORE,72112950,KGS,0,0,0
RM00345,,,55C6-A-1.0mm ±0.03 X 17.50mm ±.0.10,RM,55C6-A,STORE,72112950,KGS,0,0,0
RM00346,,,80C6-A-1.60mm ±0.03 X 54.50mm ±0.20,RM,80C6-A,STORE,72112950,KGS,0,0,0
RM00347,,,80C6-A-1.60mm ±0.03 X 110.0mm ±0.20,RM,80C6-A,STORE,72112950,KGS,0,0,0
RM00348,,,80C6-A-1.80mm ±0.04 X 62.0mm ±0.20,RM,80C6-A,STORE,72112950,KGS,0,0,0
RM00349,,,80C6-A-2.30mm ±0.05 X 350.0mm ±0.20 X 865.0mm +2.0,RM,80C6-A,STORE,72112950,KGS,0,0,0
RM00350,,,80C6-A-2.60mm ±0.05 X 34.0mm ±0.20,RM,80C6-A,STORE,72112950,KGS,0,0,0
RM00351,,,50CRV4-A-1.20mm ±0.04 X 113.0mm ±0.5 X 890.0mm +2.0,RM,50CRV4-A,STORE,72112950,KGS,0,0,0
RM00352,,,80C6-A-0.30mm ±0.02 X 18.0mm ±0.10,RM,80C6-A,STORE,72112950,KGS,0,0,0
RM00353,,,80C6-A-1.0mm ±0.03 X 17.50mm ±0.20,RM,80C6-A,STORE,72112950,KGS,0,0,0
RM00354,,,98C6-H&T-0.15mm ±0.02 X 170.0mm ±0.20,RM,98C6-H&T,STORE,72112950,KGS,0,0,0
RM00355,,,55C6-A-0.50mm ±0.03 X 36mm ±0.20,RM,55C6-A,STORE,72112950,KGS,0,0,0
RM00356,,,50CRV4-A-2.62mm ±0.03 X 23.5mm ±0.20,RM,50CRV4-A,STORE,72112950,KGS,0,0,0
RM00357,,,50CRV4-A-2.62mm ±0.03 X 70.0mm ±0.20 X 875.0mm +2.0,RM,50CRV4-A,STORE,72112950,KGS,0,0,0
RM00358,,,C10-E-1.0mm ±0.04 X 125.50mm ±0.20 X 909.0mm +2.0,RM,C10-E,STORE,72112950,KGS,0,0,0
RM00359,,,C10-E-1.50mm ±0.04 X 132.0mm ±0.20 X 882.0mm +2.0,RM,C10-E,STORE,72112950,KGS,0,0,0
RM00360,,,C10-E-2.0mm ±0.05 X 112.50mm ±0.20 X 694.0mm +2.0,RM,C10-E,STORE,72112950,KGS,0,0,0
RM00361,,,C10-E-2.0mm ±0.05 X 87.0mm ±0.20 X 875.0 +2.0,RM,C10-E,STORE,72112950,KGS,0,0,0
RM00362,,,45C8-A-2.20mm ±0.05 X 177.50mm ±0.20,RM,45C8-A,STORE,72112950,KGS,0,0,0
RM00363,,,MS-EDD-4.20mm ±0.08 X 44.0mm ±0.20 X 912.0mm +2.0,RM,MS-EDD,STORE,72112950,KGS,0,0,0
RM00364,,,MS-D-HR PICKLED-4.80mm ±0.08 X 40.0mm ±0.20,RM,MS-D-HR PICKLED,STORE,72112950,KGS,0,0,0
RM00365,,,IS5986-355Y-2.0mm ±0.08 X 23.0mm ±0.20,RM,IS5986-355Y,STORE,72112950,KGS,0,0,0
RM00366,,,16MNCR5-A-1.50mm ±0.03 X 66.50mm ±0.20,RM,16MNCR5-A,STORE,72112950,KGS,0,0,0
RM00367,,,MS-D-1.0mm ±0.03 X 23.0mm ±0.20,RM,MS-D,STORE,72112950,KGS,0,0,0
RM00368,,,SS301-¾H-0.80mm ±0.03 X 24.0mm ±0.20,RM,SS301-¾H,STORE,72112950,KGS,0,0,0
RM00369,A18003,,SS301-H-0.20mm ±0.02 X 46.0mm ±0.10,RM,SS301-H,STORE,72112950,KGS,0,1,0
RM00370,,,SS301-H-2.0mm ±0.04 X 37.50mm ±0.20,RM,SK5M-A,STORE,72112950,KGS,0,0,0
RM00371,,,SS301-H-2.0mm ±0.04 X 68.0mm ±0.20,RM,SK5M-A,STORE,72112950,KGS,0,0,0
RM00372,,,80C6-H&T-0.70mm ±0.03 X 37.50mm ±0.20,RM,80C6-H&T,STORE,72112950,KGS,0,0,0
RM00373,,,75C6-H&T-0.40mm ±0.03 X 83.50mm ±0.20,RM,75C6-H&T,STORE,72112950,KGS,0,0,0
RM00374,,,75C6-H&T-0.50mm ±0.03 X 58.50mm ±0.20,RM,75C6-H&T,STORE,72112950,KGS,0,0,0
RM00375,,,75C6-H&T-0.50mm ±0.03 X 82.0mm ±0.20,RM,75C6-H&T,STORE,72112950,KGS,0,0,0
RM00376,,,80C6-H&T-0.80mm ±0.03 X 111.0mm ±0.20,RM,80C6-H&T,STORE,72112950,KGS,0,0,0
RM00377,,,80C6-H&T-0.60mm ±0.03 X 65.0mm ±0.20,RM,80C6-H&T,STORE,72112950,KGS,0,0,0
RM00378,,,80C6-H&T-0.40mm ±0.03 X 66.50mm ±0.20,RM,80C6-H&T,STORE,72112950,KGS,0,0,0
RM00379,,,80C6-H&T-0.40mm ±0.03 X 96.30mm ±0.20,RM,80C6-H&T,STORE,72112950,KGS,0,0,0
RM00380,,,80C6-H&T-0.50mm ±0.05 X 38.0mm ±0.20,RM,80C6-H&T,STORE,72112950,KGS,0,0,0
RM00381,,,80C6-H&T-0.60mm ±0.03 X 39.0mm ±0.20,RM,80C6-H&T,STORE,72112950,KGS,0,0,0
RM00382,,,80C6-H&T-0.60mm ±0.03 X 50.0mm ±0.20,RM,80C6-H&T,STORE,72112950,KGS,0,0,0
RM00383,,,80C6-H&T-0.60mm ±0.03 X 62.0mm ±0.20,RM,80C6-H&T,STORE,72112950,KGS,0,0,0
RM00384,,,80C6-H&T-0.70mm ±0.03 X 41.20mm ±0.20,RM,80C6-H&T,STORE,72112950,KGS,0,0,0
RM00385,,,80C6-H&T-0.70mm ±0.03 X 57.50mm ±0.20,RM,80C6-H&T,STORE,72112950,KGS,0,0,0
RM00386,,,80C6-H&T-0.80mm ±0.03 X 122.50mm ±0.20,RM,80C6-H&T,STORE,72112950,KGS,0,0,0
RM00387,,,80C6-H&T-0.80mm ±0.03 X 66.0mm ±0.20,RM,80C6-H&T,STORE,72112950,KGS,0,0,0
RM00388,,,80C6-H&T-0.40mm ±0.03 X 72.0mm ±0.20,RM,80C6-H&T,STORE,72112950,KGS,0,0,0
RM00389,,,80C6-H&T-0.60mm ±0.03 X 37.50mm ±0.20,RM,80C6-H&T,STORE,72112950,KGS,0,0,0
RM00390,,,80C6-H&T-0.60mm ±0.03 X 33.50mm ±0.20,RM,80C6-H&T,STORE,72112950,KGS,0,0,0
RM00391,,,80C6-H&T-0.70mm ±0.05 X 80.0mm ±0.20,RM,80C6-H&T,STORE,72112950,KGS,0,0,0
RM00392,,,80C6-H&T-0.70mm ±0.03 X 46.0mm ±0.20,RM,80C6-H&T,STORE,72112950,KGS,0,0,0
RM00393,,,80C6-H&T-0.80mm ±0.03 X 105.0mm ±0.20,RM,80C6-H&T,STORE,72112950,KGS,0,0,0
RM00394,,,80C6-H&T-1.0mm ±0.03 X 112.0mm ±0.20,RM,80C6-H&T,STORE,72112950,KGS,0,0,0
RM00395,,,80C6-H&T-1.0mm ±0.03 X 75.50mm ±0.20,RM,80C6-H&T,STORE,72112950,KGS,0,0,0
RM00396,,,80C6-H&T-1.10mm ±0.03 X 105.0mm ±0.20,RM,80C6-H&T,STORE,72112950,KGS,0,0,0
RM00397,,,80C6-H&T-1.20mm ±0.03 X 216.0mm ±0.20,RM,80C6-H&T,STORE,72112950,KGS,0,0,0
RM00398,,,80C6-H&T-0.50mm ±0.03 X 53.0mm ±0.20,RM,80C6-H&T,STORE,72112950,KGS,0,0,0
RM00399,,,80C6-H&T-0.60mm ±0.03 X 73.0mm ±0.20,RM,80C6-H&T,STORE,72112950,KGS,0,0,0
RM00400,,,80C6-H&T-0.80mm ±0.03 X 59.0mm ±0.20,RM,80C6-H&T,STORE,72112950,KGS,0,0,0
RM00401,,,80C6-H&T-0.30mm ±0.03 X 37.0mm ±0.20,RM,80C6-H&T,STORE,72112950,KGS,0,0,0
RM00402,,,80C6-H&T-0.50mm ±0.03 X 105.0mm ±0.20,RM,80C6-H&T,STORE,72112950,KGS,0,0,0
RM00403,,,80C6-H&T-0.60mm ±0.03 X 80.50mm ±0.20,RM,80C6-H&T,STORE,72112950,KGS,0,0,0
RM00404,,,80C6-H&T-0.80mm ±0.03 X 62.0mm ±0.20,RM,80C6-H&T,STORE,72112950,KGS,0,0,0
RM00405,,,80C6-H&T-0.60mm ±0.03 X 55.0mm ±0.20,RM,80C6-H&T,STORE,72112950,KGS,0,0,0
RM00406,,,80C6-H&T-0.80mm ±0.03 X 60.0mm ±0.20,RM,80C6-H&T,STORE,72112950,KGS,0,0,0
RM00407,,,80C6-H&T-0.60mm ±0.03 X 80.0mm ±0.20,RM,80C6-H&T,STORE,72112950,KGS,0,0,0
RM00408,,,80C6-H&T-0.40mm ±0.03 X 83.50mm ±0.20,RM,80C6-H&T,STORE,72112950,KGS,0,0,0
RM00409,,,80C6-A-0.30mm ±0.02 X 43.0mm ±0.20,RM,80C6-A,STORE,72112950,KGS,0,0,0
RM00410,,,80C6-A-0.50mm ±0.03 X 32.0mm ±0.20,RM,80C6-A,STORE,72112950,KGS,0,0,0
RM00411,,,80C6-A-1.0mm ±0.03 X 32.0mm ±0.20,RM,80C6-A,STORE,72112950,KGS,0,0,0
RM00412,,,80C6-A-1.0mm ±0.03 X 320.0mm ±0.20 X 875.00mm +2.0,RM,80C6-A,STORE,72112950,KGS,0,0,0
RM00413,,,80C6-A-1.0mm ±0.03 X 34.0mm ±0.20,RM,80C6-A,STORE,72112950,KGS,0,0,0
RM00414,,,80C6-A-1.60mm ±0.03 X 75.0mm ±0.20,RM,80C6-A,STORE,72112950,KGS,0,0,0
RM00415,,,80C6-A-1.20mm ±0.03 X 33.50mm ±0.20,RM,80C6-A,STORE,72112950,KGS,0,0,0
RM00416,,,80C6-A-1.20mm ±0.03 X 38.50mm ±0.20,RM,80C6-A,STORE,72112950,KGS,0,0,0
RM00417,,,80C6-A-1.50mm ±0.03 X 67.20mm ±0.20,RM,80C6-A,STORE,72112950,KGS,0,0,0
RM00418,,,80C6-A-1.60mm ±0.03 X 70.0mm ±0.20,RM,80C6-A,STORE,72112950,KGS,0,0,0
RM00419,,,50CRV4-A-1.17mm ±0.03 X 67.50mm ±0.20,RM,50CRV4-A,STORE,72112950,KGS,0,0,0
RM00420,,,50CRV4-A-2.62mm ±0.03 X 283.0mm ±0.20 X 875.0mm +2.0,RM,50CRV4-A,STORE,72112950,KGS,0,0,0
RM00421,,,80C6-A-0.77mm ±0.05 X 40.50mm ±0.20,RM,80C6-A,STORE,72112950,KGS,0,0,0
RM00422,,,80C6-A-2.80mm ±0.05 X 330.0mm ±0.20 X 850.0mm +2.0,RM,80C6-A,STORE,72112950,KGS,0,0,0
RM00423,,,80C6-A-0.60mm ±0.03 X 14.05mm ±0.10,RM,80C6-A,STORE,72112950,KGS,0,0,0
RM00424,,,80C6-A-2.43mm ±0.05 X 320.0mm ±0.20 X 845.0mm +2.0,RM,80C6-A,STORE,72112950,KGS,0,0,0
RM00425,,,80C6-A-1.80mm ±0.04 X 62.0mm ±0.20,RM,80C6-A,STORE,72112950,KGS,0,0,0
RM00426,,,50CRV4-A-1.56mm ±0.03 X 75.20mm ±0.20 X 885mm,RM,50CRV4-A,STORE,72112950,KGS,0,0,0
RM00427,,,80C6-A-2.30mm ±0.05 X 146mm ±0.20 X 947.0mm +2.0,RM,80C6-A,STORE,72112950,KGS,0,0,0
RM00428,,,80C6-A-2.43mm ±0.05 X 335.0mm ±0.20 X 850.0mm +2.0,RM,80C6-A,STORE,72112950,KGS,0,0,0
RM00429,,,50CRV4-A-0.80mm ±0.03 X 103.5mm ±0.20 X 820.0mm +2.0,RM,50CRV4-A,STORE,72112950,KGS,0,0,0
RM00430,,,80C6-A-1.10mm ±0.03 X 59.0mm ±0.20,RM,80C6-A,STORE,72112950,KGS,0,0,0
RM00431,,,80C6-A-1.15mm ±0.03 X 300.0mm ±0.20,RM,80C6-A,STORE,72112950,KGS,0,0,0
RM00432,,,80C6-A-1.15mm ±0.03 X 31.10mm ±0.20,RM,80C6-A,STORE,72112950,KGS,0,0,0
RM00433,,,80C6-A-1.17mm ±0.03 X 30.0mm ±0.20,RM,80C6-A,STORE,72112950,KGS,0,0,0
RM00434,,,80C6-A-1.17mm ±0.03 X 31.0mm ±0.20,RM,80C6-A,STORE,72112950,KGS,0,0,0
RM00435,,,80C6-A-1.20mm ±0.03 X 115.50mm ±0.20,RM,80C6-A,STORE,72112950,KGS,0,0,0
RM00436,,,80C6-A-1.20mm ±0.03 X 29.0mm ±0.20,RM,80C6-A,STORE,72112950,KGS,0,0,0
RM00437,,,80C6-A-1.20mm ±0.03 X 46.50mm ±0.20,RM,80C6-A,STORE,72112950,KGS,0,0,0
RM00438,,,80C6-A-1.20mm ±0.03 X 49.0mm ±0.20,RM,80C6-A,STORE,72112950,KGS,0,0,0
RM00439,,,80C6-A-1.20mm ±0.03 X 53.0mm ±0.20,RM,80C6-A,STORE,72112950,KGS,0,0,0
RM00440,,,80C6-A-1.20mm ±0.03 X 66.0mm ±0.20,RM,80C6-A,STORE,72112950,KGS,0,0,0
RM00441,,,80C6-A-1.20mm ±0.03 X 68.0mm ±0.20,RM,80C6-A,STORE,72112950,KGS,0,0,0
RM00442,,,80C6-A-1.35mm ±0.03 X 25.0mm ±0.20,RM,80C6-A,STORE,72112950,KGS,0,0,0
RM00443,,,80C6-A-1.35mm ±0.03 X 28.0mm ±0.20,RM,80C6-A,STORE,72112950,KGS,0,0,0
RM00444,,,80C6-A-1.35mm ±0.03 X 30.0mm ±0.20,RM,80C6-A,STORE,72112950,KGS,0,0,0
RM00445,,,80C6-A-1.40mm ±0.03 X 23.50mm ±0.20,RM,80C6-A,STORE,72112950,KGS,0,0,0
RM00446,,,80C6-A-1.40mm ±0.03 X 52.0mm ±0.20,RM,80C6-A,STORE,72112950,KGS,0,0,0
RM00447,,,80C6-A-1.47mm ±0.03 X 29.0mm ±0.20,RM,80C6-A,STORE,72112950,KGS,0,0,0
RM00448,,,80C6-A-1.50mm ±0.03 X 300.0mm ±0.20,RM,80C6-A,STORE,72112950,KGS,0,0,0
RM00449,,,80C6-A-1.50mm ±0.03 X 33.0mm ±0.20,RM,80C6-A,STORE,72112950,KGS,0,0,0
RM00450,,,80C6-A-1.50mm ±0.03 X 43.50mm ±0.20,RM,80C6-A,STORE,72112950,KGS,0,0,0
RM00451,,,80C6-A-1.50mm ±0.03 X 49.0mm ±0.20,RM,80C6-A,STORE,72112950,KGS,0,0,0
RM00452,,,80C6-A-1.50mm ±0.03 X 73.50mm ±0.20,RM,80C6-A,STORE,72112950,KGS,0,0,0
RM00453,,,80C6-A-1.60mm ±0.03 X 70.0mm ±0.20,RM,80C6-A,STORE,72112950,KGS,0,0,0
RM00454,,,80C6-A-1.75mm ±0.04 X 63.70mm ±0.20,RM,80C6-A,STORE,72112950,KGS,0,0,0
RM00455,,,80C6-A-1.80mm ±0.04 X 61.0mm ±0.20,RM,80C6-A,STORE,72112950,KGS,0,0,0
RM00456,,,80C6-A-1.95mm ±0.04 X 38.0mm ±0.20,RM,80C6-A,STORE,72112950,KGS,0,0,0
RM00457,,,80C6-A-1.97mm ±0.03 X 75.0mm ±0.20,RM,80C6-A,STORE,72112950,KGS,0,0,0
RM00458,,,80C6-A-2.80mm ±0.05 X 60.0mm ±0.20,RM,80C6-A,STORE,72112950,KGS,0,0,0
RM00459,,,80C6-A-1.50mm ±0.03 X 88.20mm ±0.20,RM,80C6-A,STORE,72112950,KGS,0,0,0
RM00460,,,80C6-A-1.0mm ±0.03 X 32.0mm ±0.20,RM,80C6-A,STORE,72112950,KGS,0,0,0
RM00461,,,80C6-A-1.0mm ±0.03 X 39.0mm ±0.20,RM,80C6-A,STORE,72112950,KGS,0,0,0
RM00462,,,80C6-A-2.50mm ±0.05 X 40.0mm ±0.20 X 900.0mm ±2.0,RM,80C6-A,STORE,72112950,KGS,0,0,0
RM00463,,,80C6-A-1.0mm ±0.03 X 10.0mm ±0.10,RM,80C6-A,STORE,72112950,KGS,0,0,0
RM00464,,,80C6-A-1.0mm ±0.03 X 34.0mm ±0.20,RM,80C6-A,STORE,72112950,KGS,0,0,0
RM00465,,,80C6-A-1.50mm ±0.03 X 67.20mm ±0.20,RM,80C6-A,STORE,72112950,KGS,0,0,0
RM00466,,,80C6-A-2.0mm ±0.04 X 39.0mm ±0.20,RM,80C6-A,STORE,72112950,KGS,0,0,0
RM00467,,,80C6-A-2.30mm ±0.05 X 30.50mm ±0.20,RM,80C6-A,STORE,72112950,KGS,0,0,0
RM00468,,,80C6-A-2.43mm ±0.05 X 320.50mm ±0.20 X 845.0mm +2.0,RM,80C6-A,STORE,72112950,KGS,0,0,0
RM00469,,,80C6-A-2.43mm ±0.05 X 335.50mm ±0.20 X 850.0mm +2.0,RM,80C6-A,STORE,72112950,KGS,0,0,0
RM00470,,,80C6-A-3.0mm ±0.05 X 320.0mm ±0.20 X 900.0mm +2.0,RM,80C6-A,STORE,72112950,KGS,0,0,0
RM00471,,,50CRV4-A-1.60mm ±0.04 X 127.0mm ±0.20,RM,50CRV4-A,STORE,72112950,KGS,0,0,0
RM00472,,,50CRV4-A-1.80mm ±0.04 X 125.50mm ±0.20,RM,50CRV4-A,STORE,72112950,KGS,0,0,0
RM00473,,,80C6-A-1.35mm ±0.03 X 30.0mm X ±0.20,RM,80C6-A,STORE,72112950,KGS,0,0,0
RM00474,,,50CRV4-A-1.50mm ±0.04 X 128.0mm X ±0.5 X 880.50mm +2.0,RM,50CRV4-A,STORE,72112950,KGS,0,0,0
RM00475,,,80C6-H&T-0.60mm ±0.03 X 60.0mm X ±0.20,RM,80C6-H&T,STORE,72112950,KGS,0,0,0
RM00476,,,80C6-H&T-0.80mm ±0.03 X 45.50mm X ±0.20,RM,80C6-H&T,STORE,72112950,KGS,0,0,0
RM00477,,,80C6-H&T-0.50mm ±0.03 X 58.0mm X ±0.20,RM,80C6-H&T,STORE,72112950,KGS,0,0,0
RM00478,,,80C6-H&T-0.80mm ±0.03 X 122.50mm X ±0.20,RM,80C6-H&T,STORE,72112950,KGS,0,0,0
RM00479,,,80C6-H&T-0.80mm ±0.03 X 18.0mm X ±0.10,RM,80C6-H&T,STORE,72112950,KGS,0,0,0
RM00480,,,80C6-H&T-1.0mm ±0.03 X 105.0mm X ±0.20,RM,80C6-H&T,STORE,72112950,KGS,0,0,0
RM00481,,,80C6-A-1.50mm ±0.05 X 8.0mm X ±0.20,RM,80C6-A,STORE,72112950,KGS,0,0,0
RM00482,,,80C6-H&T-0.55mm ±0.03 X 56.50mm X ±0.20,RM,80C6-H&T,STORE,72112950,KGS,0,0,0
RM00483,,,80C6-H&T-0.80mm ±0.03 X 105.0mm X ±0.20,RM,80C6-H&T,STORE,72112950,KGS,0,0,0
RM00484,,,80C6-H&T-0.40mm ±0.03 X 72.00mm X ±0.20,RM,80C6-H&T,STORE,72112950,KGS,0,0,0
RM00485,,,80C6-H&T-0.60mm ±0.03 X 65.0mm X ±0.20,RM,80C6-H&T,STORE,72112950,KGS,0,0,0
RM00486,,,80C6-H&T-0.40mm ±0.03 X 66.50mm X ±0.20,RM,80C6-H&T,STORE,72112950,KGS,0,0,0
RM00487,,,80C6-H&T-1.20mm ±0.03 X 216.0mm ±1.00mm,RM,80C6-H&T,STORE,72112950,KGS,0,0,0
RM00488,,,80C6-H&T-0.30mm ±0.02 X 50.0mm ±0.20,RM,80C6-H&T,STORE,72112950,KGS,0,0,0
RM00489,,,80C6-H&T-0.40mm ±0.03 X 105.0mm ±0.20,RM,80C6-H&T,STORE,72112950,KGS,0,0,0
RM00490,,,80C6-H&T-0.50mm ±0.03 X 31.0mm ±0.20,RM,80C6-H&T,STORE,72112950,KGS,0,0,0
RM00491,,,80C6-H&T-0.60mm ±0.03 X 35.50mm ±0.20,RM,80C6-H&T,STORE,72112950,KGS,0,0,0
RM00492,,,80C6-H&T-0.70mm ±0.03 X 45.0mm ±0.20,RM,80C6-H&T,STORE,72112950,KGS,0,0,0
RM00493,,,80C6-H&T-0.80mm ±0.03 X 18.0mm ±0.20,RM,80C6-H&T,STORE,72112950,KGS,0,0,0
RM00494,,,80C6-H&T-1.0mm ±0.03 X 80.0mm ±0.20,RM,80C6-H&T,STORE,72112950,KGS,0,0,0
RM00495,,,80C6-H&T-0.70mm ±0.03 X 48.0mm ±0.20,RM,80C6-H&T,STORE,72112950,KGS,0,0,0
RM00496,,,80C6-H&T-0.60mm ±0.03 X 165.0mm ±0.20,RM,80C6-H&T,STORE,72112950,KGS,0,0,0
RM00497,,,C1095-A-1.50mm ±0.03 X 71.50mm ±0.20 X 900mm,RM,C1095-A,STORE,72112950,KGS,0,0,0
RM00498,1570024/D,,80C6-A-3.70mm ±0.06 X 66.5mm ±0.20 X 892.0mm +2.0 R17071,RM,80C6-A,RM STORE,72112950,KGS,0,1,0
RM00499,1570458/B,,80C6-A-3.30mm ±0.06 X 80.5mm ±0.20 X 900.0mm +2.0 R17038,RM,80C6-A,RM STORE,72112950,KGS,0,1,0
RM00499 | 1570458/B,RM00499 | 1570458/B,0,RM00499 | 1570458/B | 80C6-A-3.30MM ±0.06 X 80.5MM ±0.20 X 900.0MM +2.0 R17038 |,Tools,BLANKING,FG STORE,0,NO,1,1,0
S01008,949013-7480-0-L,,WASHER PLATE,FG,FINISHED GOODS,STORE,73182200,NOS,1,0,0
S01009,949013-7490-0-L,,WASHER PLATE,FG,FINISHED GOODS,STORE,73182200,NOS,1.15,0,0
S01010,949013-7680-0-L,,WAS.PLATE 0.2,FG,FINISHED GOODS,STORE,73182200,NOS,0.35,0,0
S01022,949013-7410-0-L,,WASHER PLATER (T 0.5),FG,FINISHED GOODS,STORE,73182200,NOS,1.62,0,0
S01023,949013-6820-0-L,,WASHER PLATER (T 0.6),FG,FINISHED GOODS,STORE,73182200,NOS,1.62,0,0
S01024,949013-6830-0-L,,WASHER PLATER (T 0.7),FG,FINISHED GOODS,STORE,73182200,NOS,1.62,0,0
S01025,949013-6840-0-L,,WASHER PLATER (T 0.8),FG,FINISHED GOODS,STORE,73182200,NOS,1.69,0,0
S01026,949013-6850-0-L,,WASHER PLATER (T 0.9),FG,FINISHED GOODS,STORE,73182200,NOS,1.69,0,0
S01027,949013-6860-0-L,,WASHER PLATER (T 1.0),FG,FINISHED GOODS,STORE,73182200,NOS,1.69,0,0
S01028,949013-6870-0-L,,WASHER PLATER (T 1.1),FG,FINISHED GOODS,STORE,73182200,NOS,1.76,0,0
S01029,949013-6880-0-L,,WASHER PLATER (T 1.2),FG,FINISHED GOODS,STORE,73182200,NOS,1.76,0,0
S01030,949013-6890-0-L,,WASHER PLATER (T 1.3),FG,FINISHED GOODS,STORE,73182200,NOS,1.76,0,0
S01031,949013-6900-0-L,,WASHER PLATER (T 1.4),FG,FINISHED GOODS,STORE,73182200,NOS,1.79,0,0
S01032,949013-6910-0-L,,WASHER PLATER (T 1.5),FG,FINISHED GOODS,STORE,73182200,NOS,1.79,0,0
S01033,949013-6920-0-L,,WASHER PLATER (T 1.6),FG,FINISHED GOODS,STORE,73182200,NOS,1.79,0,0
S01034,949013-1390-0-L,,WASHER PLATER (T 0.1),FG,FINISHED GOODS,STORE,73182200,NOS,2.2,0,0
S01035,949013-0570-0-L,,WASHER PLATER (T 0.15),FG,FINISHED GOODS,STORE,73182200,NOS,2.2,0,0
S01036,949028-1290-0-L,,WASHER PLATER (T 0.2),FG,FINISHED GOODS,STORE,73182200,NOS,1.88,0,0
S01050,949013-6830-0-L,,WASHER PLATER (T 0.7),FG,FINISHED GOODS,STORE,73182200,NOS,0,0,0
S04001,P204702,,NUT PUSH DIA 6,FG,FINISHED GOODS,STORE,73182200,NOS,1.17,0,0
S04002,S04002,0,E CLIP (SP) 10 X 1.2 MM,BOP,BOUGHT OUT,STORE,73182910,NOS,0,0,0
S04003,T000840,,EXT.CIRCLIP C SIZE 9 MM,FG,FINISHED GOODS,STORE,73182910,NOS,0.94,0,0
S06006,COSMMB14300,,BELLEVILLE WASHER(5301050),FG,FINISHED GOODS,STORE,73182200,NOS,1.08,0,0
S06007,9901060,,BELLEVILLE WASHER(9001060),FG,FINISHED GOODS,STORE,73182200,NOS,1.27,0,0
S06008,BY04040,,CLIP (BY04040),FG,FINISHED GOODS,STORE,73201019,NOS,1.42,0,0
S06010,COSPRS21200,,SPRING DOWEL(AX02070),FG,FINISHED GOODS,STORE,73201019,NOS,0.74,0,0
S06011,BI04020,,SPRING DOWEL( DIA 2.5 X 16) BI04020,FG,FINISHED GOODS,STORE,73201019,NOS,0.66,0,0
S06012,S-0055-000-0010 (FP03030),,SPRING DOWEL(S-0055-000-0010),FG,FINISHED GOODS,STORE,73201019,NOS,0.56,0,0
S06017,COSMMC26000,,COCK LEVER SPRING,FG,FINISHED GOODS,STORE,73182200,NOS,1.08,0,0
S06019,S-0452-000-0004,,BELLEVILLIE WASHER (S-0452-000-0004),FG,FINISHED GOODS,STORE,73182200,NOS,1.62,0,0
S06020,S-0285-000-0002,,LOCKING CLIP (S-0285-000-0002),FG,FINISHED GOODS,STORE,73201019,NOS,2.15,0,0
S06022,KH-100-04M,,E-RING(S-0067-000-0004/KH-100-04),FG,FINISHED GOODS,STORE,73182910,NOS,0.6,0,0
S06023,HHM-4000-05,,E-RING (23)HHM-4000-05,FG,FINISHED GOODS,STORE,73182910,NOS,0.42,0,0
S06024,EIC-100-13,,E-RING(EIC-100-13),FG,FINISHED GOODS,STORE,73182910,NOS,0.35,0,0
S06025,HHM-13004,,E-RING (25) HHM-13004,FG,FINISHED GOODS,STORE,73182910,NOS,0.54,0,0
S06026,CODPND00300,,DOWEL PING DIA 2X 10(S-0026-000-0005)-KH-200-05),FG,FINISHED GOODS,STORE,73201019,NOS,1.01,0,0
S06027,CODSPD00100,,DOWEL PIN(UB03030),FG,FINISHED GOODS,STORE,73201019,NOS,0.5,0,0
S06028,COSMMC39100,,CIRCLIP(UC02040),FG,FINISHED GOODS,STORE,73182910,NOS,0.8,0,0
S06029,COSMMC15500,,CIRCLIP-12 X IN (MQ04070),FG,FINISHED GOODS,STORE,73182910,NOS,0.9,0,0
S06030,COFSTC03200,,E CLIP 0.9 (NW05050),FG,FINISHED GOODS,STORE,73182910,NOS,0.6,0,0
S06031,COFSTC23400,,CIRCLIP (S00307170),FG,FINISHED GOODS,STORE,73182910,NOS,0.86,0,0
S06032,COFSTC01900,,CIRCLIP (3401070),FG,FINISHED GOODS,STORE,73182910,NOS,0.31,0,0
S06033,(S-0597-000-0005),,C-RING(S-0597-000-0005),FG,FINISHED GOODS,STORE,73182910,NOS,1.25,0,0
S06034,COSMME03300,,E-RING(S-0598-000-0010),FG,FINISHED GOODS,STORE,73182910,NOS,0.42,0,0
S06035,COSMMC44100,,E-CLIP,FG,FINISHED GOODS,STORE,73182910,NOS,0.47,0,0
S06036,COSMMC43900(F4C00542),,E-CLIP,FG,FINISHED GOODS,STORE,73182910,NOS,0.47,0,0
S06037,CODSPS00700,,SPRING DOWEL,FG,FINISHED GOODS,STORE,73201019,NOS,1.19,0,0
S06038,COSMMC43900(F4C00542),,DISC WASHER UP02050,FG,FINISHED GOODS,STORE,73182200,NOS,1.05,0,0
S06039,COSMMB47000,,CIRCLIP(WI04020),FG,FINISHED GOODS,STORE,73182910,NOS,1.2,0,0
S06040,COWHSD00200,,DISC WASHER ID6.2 OD12.T=1.45(S-065-01060),FG,FINISHED GOODS,STORE,73182200,NOS,1.3,0,0
S06041,COPINS00400,,SPRING DOWEL (NG05010),FG,FINISHED GOODS,STORE,73201019,NOS,1.86,0,0
S06042,COWHDD00100,,"DISC WASHER ID8.2,OD 16 T=1",FG,FINISHED GOODS,STORE,73182200,NOS,1.5,0,0
S06043,COWHDD00200,,"DISC WASHER ID6.1,OD 12 T=1(S-065-01080)",FG,FINISHED GOODS,STORE,73182200,NOS,1.68,0,0
S06045,CODSPS00600,,SPRING DOWEL -M2X28(ZA04020),FG,FINISHED GOODS,STORE,73182200,NOS,3.18,0,0
S06058,CODSPD00400,,CLIP (S-187-04040),FG,FINISHED GOODS,STORE,73182910,NOS,0,0,0
S15004,5995A04 H10,,ROLL PIN 3X32,FG,FINISHED GOODS,STORE,73201019,NOS,0.8,0,0
S15005,S15005,0,D/P 12X3,BOP,BOUGHT OUT,STORE,0,NOS,0,0,0
S22001,40053455,,RETAINER DIFF. PINION SHAFT,FG,FINISHED GOODS,STORE,73201019,NOS,3.85,0,0
S22002,40061323,,RETAINER DIFF. PINION SHAFT,FG,FINISHED GOODS,STORE,73201019,NOS,260,0,0
S22005,40140725,,RETAINER DIFF PINION SHAFT,FG,FINISHED GOODS,STORE,73201019,NOS,0,0,0
S25001,9018305807,,NUT SPRING,FG,FINISHED GOODS,STORE,73201019,NOS,1.85,0,0
S25002,9018305067,,NUT SPRING 087(90183-05067),FG,FINISHED GOODS,STORE,73201019,NOS,0.83,0,0
S27001,8103009100 (GCI),,NEW GS GAMMA TOOL STOPPER PIN,FG,FINISHED GOODS,STORE,82074090,NOS,0,0,0
S27002,10510-60400IN,,STRAP_K1.0/1.2,FG,FINISHED GOODS,STORE,73201019,NOS,1.72,0,0
S27003,10510-80600IN,,STRAP_G1.6,FG,FINISHED GOODS,STORE,73201019,NOS,2.49,0,0
S27004,1051050100,,STRAP_E0.8/1.1,FG,FINISHED GOODS,STORE,73201019,NOS,1.57,0,0
S27005,20211-81200IN,,CUSHION PLATE (2021181200)PA&HA,FG,FINISHED GOODS,STORE,73182200,NOS,38.36,0,0
S27019,1051050200,,STRAP_K1.4,FG,FINISHED GOODS,STORE,73201019,NOS,2.22,0,0
S27020,2021202100B,,CUSHION PLATE B/2021202100,FG,FINISHED GOODS,STORE,73201019,NOS,4.87,0,0
S27021,20212-21900IN-A,,CUSHION PLATE-A_GSPEG1.6,FG,FINISHED GOODS,STORE,73201019,NOS,5.12,0,0
S27022,20212-21900IN-B,,CUSHION PLATE-B_GSPEG1.6,FG,FINISHED GOODS,STORE,73201019,NOS,5.12,0,0
S27024,2021181600,,CUSHION PLATE_E1.1,FG,FINISHED GOODS,STORE,73201019,NOS,4.9,0,0
S27025,20211-81400IN,,CUSHION PLATE_K1.0,FG,FINISHED GOODS,STORE,73201019,NOS,4.91,0,0
S27026,20211-90600AIN,,CUTION PLATE_K1.2 BA K 1.2 MODEL,FG,FINISHED GOODS,STORE,73201019,NOS,5.16,0,0
S27027,2021202100A,,CUSHION PLATE A/2021202100,FG,FINISHED GOODS,STORE,73201019,NOS,4.66,0,0
S27032,81030-10100IN,,STOPPER PIN,FG,FINISHED GOODS,STORE,73201019,NOS,3.65,0,0
S27035,2021190600-B,,CUSHION PLATE- B,FG,FINISHED GOODS,STORE,73201019,NOS,5.16,0,0
S30001,11-09-47-01-089,,CBS AAHT WAVED SPRING WASHER,FG,FINISHED GOODS,STORE,73182200,NOS,1.28,0,0
S30002,410-01-112,,E CLIP 10 MM,FG,FINISHED GOODS,STORE,73182910,NOS,0,0,0
S31001,RD-BT2-0436-1,,RD-BT2-0436-1-SPACER,FG,FINISHED GOODS,STORE,73182200,NOS,60,0,0
S32001,03-060-YE3K10-00,,YSD CLIPSHAFT,FG,FINISHED GOODS,STORE,73201019,NOS,2.79,0,0
S36001,C150M8-JL01-000-0,,SPRING WASHER,FG,FINISHED GOODS,STORE,73182200,NOS,17.25,0,0
SCP00001,SCP00001,,GENERAL SCRAP,SCRAP,SCRAP,FG STORE,14040000,KGS,0,1,0
SERSER0,,,ANNUAL MAINTENENCE CONTRACT,Service,SERVICE,STORE,29051100,NOS,0,1,0
SERSER1,,,CALIBRATION CHARGES,Service,SERVICE,PIANO STORE,9987,NOS,0,1,0
T03001,SCC0009,,RING E (CIRCLIP 4 WAY INNER )-YRA -802210-0025,FG,FINISHED GOODS,STORE,73182910,NOS,1.7,0,0
T03002,RPN0005,,NUT PUSH ON SPRING-YRA-80600-0036,FG,FINISHED GOODS,STORE,73182200,NOS,1.1,0,0
T03003,HCC0198,,CIRCLIP HINGE,FG,FINISHED GOODS,STORE,73182910,NOS,0,0,0
T03004,SCC0010,,RING E-YRA -802210-0004,FG,FINISHED GOODS,STORE,73182910,NOS,0.3,0,0
T03005,433345-10120-P,,PLATE SPR SUPPORT TOOL 1,FG,FINISHED GOODS,STORE,73201019,NOS,17.68,0,0
T03006,800600-0026,,NUT PUSH ON SPRING -2 UA,FG,FINISHED GOODS,STORE,73201019,NOS,1.6,0,0
T11002,1013030004,,E CLIP 3.2,FG,FINISHED GOODS,STORE,73182910,NOS,0.2,0,0
T11010,1013140041,,WAVE WASHER RIBBON DRIVE,FG,FINISHED GOODS,STORE,73182200,NOS,1.74,0,0
T11011,1013140040,,WASHER RIBBON DRIVE,FG,FINISHED GOODS,STORE,73182200,NOS,1.38,0,0
T17001,2144-SP TDH 21 55 00,,BELLEVILLE WASHER,FG,FINISHED GOODS,STORE,73182200,NOS,2.76,0,0
T17002,44-SP TDH 72 46 00,,SPRING 0.3,FG,FINISHED GOODS,STORE,73201019,NOS,1.72,0,0
T17003,45TF-BW TDH 59 55 00,,BELIVILE WASHER 0.8,FG,FINISHED GOODS,STORE,73182200,NOS,7.8,0,0
T17004,55-BW TDH 51 55 00,,BELIVILE WASHER 0.91,FG,FINISHED GOODS,STORE,73182200,NOS,6.78,0,0
T17005,TDH 54 55 00,,BELIVILE WASHER,FG,FINISHED GOODS,STORE,73182200,NOS,0,0,0
T17006,TUA 46 58 00,,NGT 530 R DETEMT PIN,FG,FINISHED GOODS,STORE,73201019,NOS,0,0,0
T17008,TUA 20 58 00,,BIG SPRING 1 DETENT,FG,FINISHED GOODS,STORE,73201019,NOS,0,0,0
T17009,TUA 21 58 00,,SMALL SPRING 2 DETENT,FG,FINISHED GOODS,STORE,73201019,NOS,0,0,0
T17010,TUA 19 58 00,,SMALL SPRING 1 DETENT,FG,FINISHED GOODS,STORE,73201019,NOS,0,0,0
T17012,4576C-CLIP CLIP,,TDH 169 36 00,FG,FINISHED GOODS,STORE,73201019,NOS,0,0,0
T17024,TTA 841260000,,LOCKING CLIP 0,FG,FINISHED GOODS,STORE,73201019,NOS,0,0,0
T17025,5511585-CIRCLIP,,LOCKING CLIP -(40169330),FG,FINISHED GOODS,STORE,73182910,NOS,320,0,0
T17028,TTA 6612600,,LOCKING CLIP - 407355,FG,FINISHED GOODS,STORE,73201019,NOS,6.85,0,0
T17030,TDH1815500,,5013SC-SP OUTSIDE SPRING,FG,FINISHED GOODS,STORE,73201019,NOS,5.26,0,0
T17042,TDH5244600,,SELF CENTERING CLUTCH,FG,FINISHED GOODS,STORE,73201019,NOS,3.25,0,0
T17043,TDH436550000,,WASHER WAVE,FG,FINISHED GOODS,STORE,73182200,NOS,14.75,0,0
T17046,TDH 524 48 00,,SELF CENTERING CLUTCH RELEASE BEARING,FG,FINISHED GOODS,STORE,73201019,NOS,3.25,0,0
T21001,45256-VT010,,CLAMP STEERING HOLE,FG,FINISHED GOODS,STORE,73201019,NOS,9.75,0,0
T21002,55574-KK020,,SHAFT GLOVE COMPT DOOR HINGE,FG,FINISHED GOODS,STORE,73201019,NOS,6.15,0,0
T21003,58967-KK020,,SPRING INST PNL CUP HOLDER 2,FG,FINISHED GOODS,STORE,73201019,NOS,7.3,0,0
T21004,GN500-00260,,COLLAR,FG,FINISHED GOODS,STORE,73201019,NOS,12.2,0,0
TL00001,140573/a,,CLIP T3493BLOA,DIES,BLANKING,STORE,0,NOS,0,0,0
TL00002,140573/a,,CLIP T3577BLOA,Tools,BLANKING,STORE,0,NOS,0,0,0
TL00003,140573/a,,CLIP T3419FMOA,Tools,FORMING,STORE,0,NOS,0,0,0
TL00004,140573/a,,CLIP T3419FMOB,Tools,FORMING,STORE,0,NOS,0,0,0
TL00005,140573/a,,CLIP T3419FMOC,Tools,FORMING,STORE,0,NOS,0,0,0
TL00006,140573/a,,CLIP T4213MFOA-BL,Tools,BLANKING WITH BENDING (DONGSEO MULTISLIDE M/C),STORE,0,NOS,0,0,0
TL00007,594817/b,,CLIP REAR DISC HOSE T3488BLOA,Tools,BLANKING,STORE,0,NOS,0,0,0
TL00008,594817/b,,CLIP REAR DISC HOSE T3489BLOB,Tools,BLANKING,STORE,0,NOS,0,0,0
TL00009,594817/b,,CLIP REAR DISC HOSE T3409FMOA,Tools,BENDING,STORE,0,NOS,0,0,0
TL00010,594817/b,,CLIP REAR DISC HOSE T3409FMOB,Tools,BENDING,STORE,0,NOS,0,0,0
TL00011,594817/b,,CLIP REAR DISC HOSE T3409FMOC,Tools,BENDING,STORE,0,NOS,0,0,0
TL00012,594817/b,,CLIP REAR DISC HOSE T3409FMOD,Tools,BENDING,STORE,0,NOS,0,0,0
TL00013,143079/c,,CLIP T1104BLOA,Tools,BLANKING,STORE,0,NOS,0,0,0
TL00014,143079/c,,CLIP T1018FMOB,Tools,BENDING,STORE,0,NOS,0,0,0
TL00015,143079/c,,CLIP T3996MFOA-BL,Tools,BLANKING WITH BENDING (DONGSEO MULTISLIDE M/C),STORE,0,NOS,0,0,0
TL00016,598496,,SPRING WASHER T3496BLOA,Tools,BLANKING,STORE,0,NOS,0,0,0
TL00017,598496,,SPRING WASHER T3621BLOA,Tools,BLANKING,STORE,0,NOS,0,0,0
TL00018,598496,,SPRING WASHER T3491FMOA,Tools,BENDING,STORE,0,NOS,0,0,0
TL00019,550028,,CIRCLIP (J-24) T3628 BLOA,Tools,BLANKING,STORE,0,NOS,0,0,0
TL00020,570209,,EXTERNAL CIRCLIP (A-18) T3626BLOA,Tools,BLANKING,STORE,0,NOS,0,0,0
TL00021,570209,,EXTERNAL CIRCLIP (A-19) T3627HLOA,Tools,HOLING,STORE,0,NOS,0,0,0
TL00022,550141,,EXTERNAL CIRCLIP (A-10) T3629BLOA,Tools,BLANKING,STORE,0,NOS,0,0,0
TL00023,550141,,EXTERNAL CIRCLIP (A-10) T3633HLOA,Tools,HOLING,STORE,0,NOS,0,0,0
TL00024,550141,,EXTERNAL CIRCLIP (A-10) T3633HLOB,Tools,HOLING,STORE,0,NOS,0,0,0
TL00025,570032,,EXTERNAL CIRCLIP (A-12) T3634BLOA (2 Cavity),Tools,BLANKING,STORE,0,NOS,0,0,0
TL00026,570032,,EXTERNAL CIRCLIP (A-12) T3630HLOA,Tools,HOLING,STORE,0,NOS,0,0,0
TL00027,550024,,SPRING T3640BLOA (3cavity),Tools,BLANKING,STORE,0,NOS,0,0,0
TL00028,550024,,SPRING T3641HLOA,Tools,HOLING,STORE,0,NOS,0,0,0
TL00029,550024,,SPRING T3641HLOB,Tools,HOLING,STORE,0,NOS,0,0,0
TL00030,1040038/A,,HOSE CLAMP 1040038/A,Tools,BLANKING WITH BENDING (DONGSEO MULTISLIDE M/C),STORE,0,NOS,0,0,0
TL00031,1040038/A,,HOSE CLAMP 1040038/A,Tools,BLANKING WITH BENDING (DONGSEO MULTISLIDE M/C),STORE,0,NOS,0,0,0
TL00032,1040081/A/,,HOSE CLAMP 1040081/A/,Tools,BLANKING WITH BENDING (DONGSEO MULTISLIDE M/C),STORE,0,NOS,0,0,0
TL00033,575428,,WASHER THRUST WASHER LOCK T3709BLOA,Tools,BLANKING,STORE,0,NOS,0,0,0
TL00034,575428,,WASHER THRUST WASHER LOCK T3687FMOA,Tools,BENDING,STORE,0,NOS,0,0,0
TL00035,575513,,BELLEVILLE WASHER T3711BLOA,Tools,BLANKING,STORE,0,NOS,0,0,0
TL00036,575513,,BELLEVILLE WASHER T3711BLOB,Tools,BLANKING,STORE,0,NOS,0,0,0
TL00037,575513,,BELLEVILLE WASHER T3697FMOA,Tools,BENDING,STORE,0,NOS,0,0,0
TL00038,575513,,BELLEVILLE WASHER T3697FMOB,Tools,BENDING,STORE,0,NOS,0,0,0
TL00039,575513,,BELLEVILLE WASHER T3697FMOC,Tools,BENDING,STORE,0,NOS,0,0,0
TL00040,1570134,,DISC SPRING T4004BLOA,Tools,BLANKING,STORE,0,NOS,0,0,0
TL00041,1570134,,DISC SPRING T4003FMOA,Tools,BENDING,STORE,0,NOS,0,0,0
TL00042,148539/B,,SHIM ABS SENSOR T3749BLOA,Tools,BLANKING,STORE,0,NOS,0,0,0
TL00043,RAE00045,,GEAR LINKAGE SPACER 4MM T3751BLOA,Tools,BLANKING,STORE,0,NOS,0,0,0
TL00044,RAE00045/,,GEAR LINKAGE SPACER 4MM T3804SVOA,Tools,SHAVING,STORE,0,NOS,0,0,0
TL00045,575394/C/,,RETAINER T3757BLOA,Tools,BLANKING,STORE,0,NOS,0,0,0
TL00046,148478/B,,BRACKET T3801BLOA,Tools,BLANKING,STORE,0,NOS,0,0,0
TL00047,148478/B,,BRACKET T3760FMOA,Tools,BENDING,STORE,0,NOS,0,0,0
TL00048,575168/B,,BEARING RETAINER T3754BLOA,Tools,BLANKING,STORE,0,NOS,0,0,0
TL00049,575168/B,,BEARING RETAINER T3883SVOA,Tools,ID SHAVING,STORE,0,NOS,0,0,0
TL00050,RAB00035,,MODULATOR MTG -GEN10 ABS T3792BLOA,Tools,BLANKING,STORE,0,NOS,0,0,0
TL00051,RAB00035,,MODULATOR MTG -GEN10 ABS T3784FM1A,Tools,1ST BENDING,STORE,0,NOS,0,0,0
TL00052,RAB00035,,MODULATOR MTG -GEN10 ABS T3785FMM2A,Tools,2ND BENDING,STORE,0,NOS,0,0,0
TL00053,E1807927,,CLAMP BRAKE HOSE T3793BLOA,Tools,BLANKING,STORE,0,NOS,0,0,0
TL00054,E1807927,,CLAMP BRAKE HOSE T3812BLOA (3 Cavity),Tools,BLANKING,STORE,0,NOS,0,0,0
TL00055,E1807927,,CLAMP BRAKE HOSE T3812BLOB (3 Cavity),Tools,BLANKING,STORE,0,NOS,0,0,0
TL00056,E1807927,,CLAMP BRAKE HOSE T3812BLOC (3 Cavity),Tools,BLANKING,STORE,0,NOS,0,0,0
TL00057,E1807927,,CLAMP BRAKE HOSE T3771FMIA,Tools,1ST BENDING,STORE,0,NOS,0,0,0
TL00058,E1807927,,CLAMP BRAKE HOSE T3771FMIB,Tools,1ST BENDING,STORE,0,NOS,0,0,0
TL00059,E1807927,,CLAMP BRAKE HOSE T3771FMIC,Tools,1ST BENDING,STORE,0,NOS,0,0,0
TL00060,E1807927,,CLAMP BRAKE HOSE T3771FMID,Tools,1ST BENDING,STORE,0,NOS,0,0,0
TL00061,E1807927,,CLAMP BRAKE HOSE T3772FM2A,Tools,2ND BENDING,STORE,0,NOS,0,0,0
TL00062,E1807927,,CLAMP BRAKE HOSE T3772FM2B,Tools,2ND BENDING,STORE,0,NOS,0,0,0
TL00063,E1807927,,CLAMP BRAKE HOSE T3772FM2C,Tools,2ND BENDING,STORE,0,NOS,0,0,0
TL00064,E1807927,,CLAMP BRAKE HOSE T3772FM2D,Tools,2ND BENDING,STORE,0,NOS,0,0,0
TL00065,RAB00137,,CLEVIS SPRING PIN-REAR MASTER CYLINDER T3919 BLOA,Tools,BLANKING,STORE,0,NOS,0,0,0
TL00066,RAB00137,,CLEVIS SPRING PIN-REAR MASTER CYLINDER T3919 BLOB,Tools,BLANKING,STORE,0,NOS,0,0,0
TL00067,RAB00137,,CLEVIS SPRING PIN-REAR MASTER CYLINDER T3910FM1A,Tools,1ST BENDING,STORE,82074090,NOS,0,1,0
TL00068,RAB00137,,CLEVIS SPRING PIN-REAR MASTER CYLINDER T3910FM1B,Tools,1ST BENDING,STORE,82074090,NOS,0,1,0
TL00069,RAB00137,,CLEVIS SPRING PIN-REAR MASTER CYLINDER T3912FM2A,Tools,2ND BENDING,STORE,82074090,NOS,0,1,0
TL00070,RAB00137,,CLEVIS SPRING PIN-REAR MASTER CYLINDER T3912FM2B,Tools,2ND BENDING,STORE,82074090,NOS,0,1,0
TL00071,RAB00137,,CLEVIS SPRING PIN-REAR MASTER CYLINDER T4077 SPOA,Tools,RIVET ASSLY,STORE,0,NOS,0,0,0
TL00072,RAB00137,,CLEVIS SPRING PIN-REAR MASTER CYLINDER T4077 SPOB,Tools,RIVET ASSLY,STORE,0,NOS,0,0,0
TL00073,1570007/a,,INT.CIRCLIP ¢50 T3987BLOA,Tools,BLANKING,STORE,0,NOS,0,0,0
TL00074,1570007/a,,INT.CIRCLIP ¢50 T3987BLOB,Tools,BLANKING,STORE,0,NOS,0,0,0
TL00075,1570007/a,,INT.CIRCLIP ¢50 T3988HLOA,Tools,HOLING,STORE,0,NOS,0,0,0
TL00076,1570033/a,,WASHER T3985BLOA,Tools,BLANKING,STORE,0,NOS,0,0,0
TL00077,1570037,,"WASHER ,4TH DRIVE GEAR T3992BLOA",Tools,BLANKING,STORE,0,NOS,0,0,0
TL00078,1570046,,CIRCLIP EXTERNAL ¢30 T3990 BLOA,Tools,BLANKING,STORE,0,NOS,0,0,0
TL00079,1570046,,CIRCLIP EXTERNAL ¢30 T3995HLOA,Tools,HOLING,STORE,0,NOS,0,0,0
TL00080,1570458,,WASHER 2ND DRIVEN GEAR T3989BLOA,Tools,BLANKING,STORE,0,NOS,0,0,0
TL00081,1570458,,WASHER 2ND DRIVEN GEAR T3993SVOA,Tools,OD& ID SHAVING,STORE,0,NOS,0,0,0
TL00082,1570458,,WASHER 2ND DRIVEN GEAR T3993SVOB,Tools,OD& ID SHAVING,STORE,0,NOS,0,0,0
TL00083,1570458,,WASHER 2ND DRIVEN GEAR T3994CHOA,Tools,CHAMFERING,STORE,0,NOS,0,0,0
TL00084,1570458,,WASHER 2ND DRIVEN GEAR T3994CHOB,Tools,CHAMFERING,STORE,0,NOS,0,0,0
TL00085,1570283,,WASHER T3986BLOA,Tools,BLANKING,STORE,0,NOS,0,0,0
TL00086,1570106,,WASHER ¢6.8X¢19X2 T3984BLOA,Tools,BLANKING,STORE,0,NOS,0,0,0
TL00087,1570285,,C-RING -CAMSHAFT T4002BLOA,Tools,BLANKING,STORE,0,NOS,0,0,0
TL00088,1570115,,PLATE T3999BLOA,Tools,BLANKING,STORE,0,NOS,0,0,0
TL00089,1570115,,PLATE T3999BLOB,Tools,BLANKING,STORE,0,NOS,0,0,0
TL00090,RAE00092-A,,WASHER T3997 BLOA,Tools,BLANKING,STORE,0,NOS,0,0,0
TL00091,RAG0039,,WASHER M6 T4063BLOA,Tools,BLANKING,STORE,0,NOS,0,0,0
TL00092,RAG0039,,WASHER M6 T4063BLOB,Tools,BLANKING,STORE,0,NOS,0,0,0
TL00093,1570136,,CIRCLIP-EXT.¢20 T4000BLOA,Tools,BLANKING,STORE,0,NOS,0,0,0
TL00094,RLM00043,,WASHER-GEAR SHIFT SHAFT T4006BLOA,Tools,BLANKING,STORE,0,NOS,0,0,0
TL00095,RLJ00051,,WASHER-TENSIONER ARM T4005BLOA,Tools,BLANKING,STORE,0,NOS,0,0,0
TL00096,RLH00115,,WASHER ¢10.5 T3998BLOA,Tools,BLANKING,STORE,0,NOS,0,0,0
TL00097,1570024,,WASHER T2188BLOA,Tools,BLANKING,STORE,0,NOS,0,0,0
TL00098,1570024,,WASHER T2188BLOB,Tools,BLANKING,STORE,0,NOS,0,0,0
TL00099,RAH00202,,WASHER M20 T4004BLOA,Tools,BLANKING,STORE,0,NOS,0,0,0
TL00100,RLK00079,,WASHER-SHAFT CLUTCH RELEASE T4069BLOA,Tools,BLANKING,STORE,0,NOS,0,0,0
TL00101,T4108BLOA,,WASHER OIL PUMP DRIVE T4108BLOA,Tools,BLANKING,STORE,0,NOS,0,0,0
TL00102,T4071FMOA,,WASHER OIL PUMP DRIVE T4071FMOA,Tools,BENDING,STORE,0,NOS,0,0,0
TL00103,T4192MFOA,,BLANKING WITH BENDING (DONGSEO MULTISLIDE M/C) T4192MFOA,Tools,BLANKING WITH BENDING (DONGSEO MULTISLIDE M/C),STORE,0,NOS,0,0,0
TL00104,RLL00080,,WASHER -3RD & 4TH DRIVEN GEAR THRUST T4114BLOA,Tools,TOOLS,STORE,0,NOS,0,0,0
TL00105,RLL00081,,WASHER THRUST WASHER LOCK T4115BLOA,Tools,TOOLS,STORE,0,NOS,0,0,0
TL00106,RLL00081,,WASHER THRUST WASHER LOCK T4113FMOA,Tools,TOOLS,STORE,0,NOS,0,0,0
TL00107,900927409,,THRUST WASHER T4465BLOA,Tools,TOOLS,STORE,0,NOS,0,0,0
TL00108,900927409,,THRUST WASHER T4190 2ND CAVITY,Tools,TOOLS,STORE,0,NOS,0,0,0
TL00109,900927409,,THRUST WASHER T4689 3CAVITY,Tools,TOOLS,STORE,0,NOS,0,0,0
TL00110,900927409,,THRUST WASHER T4685 4CAVITY,Tools,TOOLS,STORE,0,NOS,0,0,0
TL00111,RAR00149,,MIO WASHER T4427BLOA,Tools,TOOLS,STORE,0,NOS,0,0,0
TL00112,RAH00753,,HEADSTOCK SHIM-30.3X46.5X0.6 T2186BLOA,Tools,TOOLS,STORE,0,NOS,0,0,0
TL00113,RAL00478,,EWASHER TABBED T4403BLOA,Tools,TOOLS,STORE,0,NOS,0,0,0
TL00114,RAL00478,,EWASHER TABBED T4398FMOA,Tools,TOOLS,STORE,0,NOS,0,0,0
TL1000,T1018FM1A/H01102,,PLATE LOCK SPRING,Tools,,PIANO STORE,29051100,NOS,0,0,0
TL1001,T4759FM1A/H01106,,SNAP RING HNDL WT,Tools,,PIANO STORE,29051100,NOS,0,0,0
TL1002,T4762FM2A/H01106,,SNAP RING HNDL WT,Tools,,PIANO STORE,29051100,NOS,0,0,0
TL1003,T4775BLOA/H01107,,CLAMP D19 TUBE,Tools,,PIANO STORE,29051100,NOS,0,0,0
TL1004,T4774BLOA/H01108,,CLAMP D14.5 TUBE,Tools,,PIANO STORE,29051100,NOS,0,0,0
TL1005,T4764FM1A/H01108,,CLAMP D14.5 TUBE,Tools,,PIANO STORE,29051100,NOS,0,0,0
TL1006,T4767FM2A/H01108,,CLAMP D14.5 TUBE,Tools,,PIANO STORE,29051100,NOS,0,0,0
TL1007,T4766FM3A/H01108,,CLAMP D14.5 TUBE,Tools,,PIANO STORE,29051100,NOS,0,0,0
TL1008,T4832BL0A/H01109,,CIRCLIP E RING 4MM,Tools,,PIANO STORE,29051100,NOS,0,0,0
TL1009,T4836BL0A/H01110,,WASHER STAR EXT 6.6X14.5X0.7,Tools,,PIANO STORE,29051100,NOS,0,0,0
TL1010,T4834BL0A/H01111,,RING RETAINER AXLE,Tools,,PIANO STORE,29051100,NOS,0,0,0
TL1011,T4833BL0A/H01112,,RING RETAINER AXLE,Tools,,PIANO STORE,29051100,NOS,0,0,0
TL1012,T3918FMOB/H01113,,SPRING INDICATION ADJUSTER / EAAAC3H010000,Tools,,PIANO STORE,29051100,NOS,0,0,0
TL1013,T1836BLOA/I03007,,SNAP RET. RING 1MM,Tools,,PIANO STORE,29051100,NOS,0,0,0
TL1014,T2013BLOA/I03011,,MAGNET SPRING,Tools,,PIANO STORE,29051100,NOS,0,0,0
TL1015,T1980FMOA/I03011,,MAGNET SPRING,Tools,,PIANO STORE,29051100,NOS,0,0,0
TL1016,T1335BLOA/I15001,,D.PIN 3X14 (SP),Tools,,PIANO STORE,29051100,NOS,0,0,0
TL1017,T1334FM1A/I15001,,D.PIN 3X14 (SP),Tools,,PIANO STORE,29051100,NOS,0,0,0
TL1018,T1532FMOA/I15001,,D.PIN 3X14 (SP),Tools,,PIANO STORE,29051100,NOS,0,0,0
TL1019,T1336BLOA/I15002,,D.PIN 3X20,Tools,,PIANO STORE,29051100,NOS,0,0,0
TL1020,T1390FM1A/I15002,,D.PIN 3X20,Tools,,PIANO STORE,29051100,NOS,0,0,0
TL1021,T1545FMOA/I15002,,D.PIN 3X20,Tools,,PIANO STORE,29051100,NOS,0,0,0
TL1022,T1333BLOA/I15003,,D.PIN 3X28(SP),Tools,,PIANO STORE,29051100,NOS,0,0,0
TL1023,T1588FM1A/I15003,,D.PIN 3X28(SP),Tools,,PIANO STORE,29051100,NOS,0,0,0
TL1024,T1578FMOA/I15003,,D.PIN 3X28(SP),Tools,,PIANO STORE,29051100,NOS,0,0,0
TL1025,T1543FMOA/I15003,,D.PIN 3X28(SP),Tools,,PIANO STORE,29051100,NOS,0,0,0
TL1026,T1892BLOA/I15005,,STAR WASHER ¢5.3X¢9.0X0.6,Tools,,PIANO STORE,29051100,NOS,0,0,0
TL1027,T1877BLOA/I15006,,WASHER,Tools,,PIANO STORE,29051100,NOS,0,0,0
TL1028,T1872FMOA/I15006,,WASHER,Tools,,PIANO STORE,29051100,NOS,0,0,0
TL1029,T2179BLOA/I15008,,EXT.CIRCLIP A-8,Tools,,PIANO STORE,29051100,NOS,0,0,0
TL1030,T2185HLOA/I15008,,EXT.CIRCLIP A-8,Tools,,PIANO STORE,29051100,NOS,0,0,0
TL1031,T0213BLOA/I15009,,PL.WASHER 38X56X0.8,Tools,,PIANO STORE,29051100,NOS,0,0,0
TL1032,T2188BLOB/I15009,,PL.WASHER 38X56X0.8,Tools,,PIANO STORE,29051100,NOS,0,0,0
TL1033,T2188BLOC/I15009,,PL.WASHER 38X56X0.8,Tools,,PIANO STORE,29051100,NOS,0,0,0
TL1034,T2188BLOD/I15009,,PL.WASHER 38X56X0.8,Tools,,PIANO STORE,29051100,NOS,0,0,0
TL1035,T3572BLOA/J05001,,SPRING BAND HOSE CLAMP,Tools,,PIANO STORE,29051100,NOS,0,0,0
TL1036,T3573FM1A/J05001,,SPRING BAND HOSE CLAMP,Tools,,PIANO STORE,29051100,NOS,0,0,0
TL1037,T3157FM2A/J05001,,SPRING BAND HOSE CLAMP,Tools,,PIANO STORE,29051100,NOS,0,0,0
TL1038,T3168FM3A/J05001,,SPRING BAND HOSE CLAMP,Tools,,PIANO STORE,29051100,NOS,0,0,0
TL1039,T3240BLOA/J05002,,SPRING BAND HOSE CLAMP,Tools,,PIANO STORE,29051100,NOS,0,0,0
TL1040,T3147FM1A/J05002,,SPRING BAND HOSE CLAMP,Tools,,PIANO STORE,29051100,NOS,0,0,0
TL1041,T3165FM2A/J05002,,SPRING BAND HOSE CLAMP,Tools,,PIANO STORE,29051100,NOS,0,0,0
TL1042,T3583FM3A/J05002,,SPRING BAND HOSE CLAMP,Tools,,PIANO STORE,29051100,NOS,0,0,0
TL1043,T3175BLOA/J05003,,HOSE CLAMP,Tools,,PIANO STORE,29051100,NOS,0,0,0
TL1044,T3172FM1A/J05003,,HOSE CLAMP,Tools,,PIANO STORE,29051100,NOS,0,0,0
TL1045,T3196FM2A/J05003,,HOSE CLAMP,Tools,,PIANO STORE,29051100,NOS,0,0,0
TL1046,T3197FM3A/J05003,,HOSE CLAMP,Tools,,PIANO STORE,29051100,NOS,0,0,0
TL1047,T3246BLOA/J05004,,HOSE CLAMP,Tools,,PIANO STORE,29051100,NOS,0,0,0
TL1048,T3176FM1A/J05004,,HOSE CLAMP,Tools,,PIANO STORE,29051100,NOS,0,0,0
TL1049,T3179FM2A/J05004,,HOSE CLAMP,Tools,,PIANO STORE,29051100,NOS,0,0,0
TL1050,T3230BLOA/J05005,,COOLENT HOSE CLAMP,Tools,,PIANO STORE,29051100,NOS,0,0,0
TL1051,T3234FM1A/J05005,,COOLENT HOSE CLAMP,Tools,,PIANO STORE,29051100,NOS,0,0,0
TL1052,T3235FM2A/J05005,,COOLENT HOSE CLAMP,Tools,,PIANO STORE,29051100,NOS,0,0,0
TL1053,T3203FM2A/J05005,,COOLENT HOSE CLAMP,Tools,,PIANO STORE,29051100,NOS,0,0,0
TL1054,T3487BLOA/M23001,,KEY,Tools,,PIANO STORE,29051100,NOS,0,0,0
TL1055,T3487BLOA/M23001,,KEY,Tools,,PIANO STORE,29051100,NOS,0,0,0
TL1056,T3487BLOA/M23001,,KEY,Tools,,PIANO STORE,29051100,NOS,0,0,0
TL1057,T4158BLOA/M23001,,KEY,Tools,,PIANO STORE,29051100,NOS,0,0,0
TL1058,T4158BLOB/M23001,,KEY,Tools,,PIANO STORE,29051100,NOS,0,0,0
TL1059,T3802BLOA/M23001,,KEY,Tools,,PIANO STORE,29051100,NOS,0,0,0
TL1060,T3596BLOA/M23004,,SNAP RING,Tools,,PIANO STORE,29051100,NOS,0,0,0
TL1061,T3593HLOA/M23004,,SNAP RING,Tools,,PIANO STORE,29051100,NOS,0,0,0
TL1062,T3590BLOA/M23005,,SNAP RING,Tools,,PIANO STORE,29051100,NOS,0,0,0
TL1063,T3591BLOA/M23006,,SNAP RING,Tools,,PIANO STORE,29051100,NOS,0,0,0
TL1064,T3591BLOB/M23006,,SNAP RING,Tools,,PIANO STORE,29051100,NOS,0,0,0
TL1065,T3680BLOA/M23011,,SNAP RING,Tools,,PIANO STORE,29051100,NOS,0,0,0
TL1066,T3680BLOB/M23011,,SNAP RING,Tools,,PIANO STORE,29051100,NOS,0,0,0
TL1067,T3680BLOC/M23011,,SNAP RING,Tools,,PIANO STORE,29051100,NOS,0,0,0
TL1068,T3678HLOA/M23011,,SNAP RING,Tools,,PIANO STORE,29051100,NOS,0,0,0
TL1069,T3678HLOB/M23011,,SNAP RING,Tools,,PIANO STORE,29051100,NOS,0,0,0
TL1070,T3678HLOC/M23011,,SNAP RING,Tools,,PIANO STORE,29051100,NOS,0,0,0
TL1071,T3685TROA/M23011,,SNAP RING,Tools,,PIANO STORE,29051100,NOS,0,0,0
TL1072,T3685TROB/M23011,,SNAP RING,Tools,,PIANO STORE,29051100,NOS,0,0,0
TL1073,T3685TROC/M23011,,SNAP RING,Tools,,PIANO STORE,29051100,NOS,0,0,0
TL1074,3558CHOA/M23011,,SNAP RING,Tools,,PIANO STORE,29051100,NOS,0,0,0
TL1075,3558CHOB/M23011,,SNAP RING,Tools,,PIANO STORE,29051100,NOS,0,0,0
TL1076,3558CHOC/M23011,,SNAP RING,Tools,,PIANO STORE,29051100,NOS,0,0,0
TL1077,T3679BLOA/M23012,,SNAP RING,Tools,,PIANO STORE,29051100,NOS,0,0,0
TL1078,T3679BLOB/M23012,,SNAP RING,Tools,,PIANO STORE,29051100,NOS,0,0,0
TL1079,T3679BLOC/M23012,,SNAP RING,Tools,,PIANO STORE,29051100,NOS,0,0,0
TL1080,T3570BLOC/M23012,,SNAP RING,Tools,,PIANO STORE,29051100,NOS,0,0,0
TL1081,T3681HLOA/M23012,,SNAP RING,Tools,,PIANO STORE,29051100,NOS,0,0,0
TL1082,T3681HLOB/M23012,,SNAP RING,Tools,,PIANO STORE,29051100,NOS,0,0,0
TL1083,T3681HLOC/M23012,,SNAP RING,Tools,,PIANO STORE,29051100,NOS,0,0,0
TL1084,T3681HLOD/M23012,,SNAP RING,Tools,,PIANO STORE,29051100,NOS,0,0,0
TL1085,T3681HLOE/M23012,,SNAP RING,Tools,,PIANO STORE,29051100,NOS,0,0,0
TL1086,T3683TROA/M23012,,SNAP RING,Tools,,PIANO STORE,29051100,NOS,0,0,0
TL1087,T3683TROB/M23012,,SNAP RING,Tools,,PIANO STORE,29051100,NOS,0,0,0
TL1088,T3683TROC/M23012,,SNAP RING,Tools,,PIANO STORE,29051100,NOS,0,0,0
TL1089,T3563CHOA/M23012,,SNAP RING,Tools,,PIANO STORE,29051100,NOS,0,0,0
TL1090,T3563CHOB/M23012,,SNAP RING,Tools,,PIANO STORE,29051100,NOS,0,0,0
TL1091,T3563CHOC/M23012,,SNAP RING,Tools,,PIANO STORE,29051100,NOS,0,0,0
TL1092,T3563CHOD/M23012,,SNAP RING,Tools,,PIANO STORE,29051100,NOS,0,0,0
TL1093,T3574BLOA/M23018,,E RING,Tools,,PIANO STORE,29051100,NOS,0,0,0
TL1094,T3759BLOA/M23032,,WAVE WASHER,Tools,,PIANO STORE,29051100,NOS,0,0,0
TL1095,T3739FMOA/M23032,,WAVE WASHER,Tools,,PIANO STORE,29051100,NOS,0,0,0
TL1096,T3734BLOA/M23033,,PLAIN WASHER,Tools,,PIANO STORE,29051100,NOS,0,0,0
TL1097,T4713BLOA/M23036,,LEAF SPRING,Tools,,PIANO STORE,29051100,NOS,0,0,0
TL1098,T3837SZOA/M23036,,LEAF SPRING,Tools,,PIANO STORE,29051100,NOS,0,0,0
TL1099,T4825SZOA/M23036,,LEAF SPRING,Tools,,PIANO STORE,29051100,NOS,0,0,0
TL1100,T4721SZOA/M23036,,LEAF SPRING,Tools,,PIANO STORE,29051100,NOS,0,0,0
TL1101,T3824FM1A/M23036,,LEAF SPRING,Tools,,PIANO STORE,29051100,NOS,0,0,0
TL1102,T3826FM2A/M23036,,LEAF SPRING,Tools,,PIANO STORE,29051100,NOS,0,0,0
TL1103,T3829FM3A/M23036,,LEAF SPRING,Tools,,PIANO STORE,29051100,NOS,0,0,0
TL1104,T3933BLO9A/M23040,,KEY,Tools,,PIANO STORE,29051100,NOS,0,0,0
TL1105,T4404BLOA/M23040,,KEY,Tools,,PIANO STORE,29051100,NOS,0,0,0
TL1106,T4101BLOA/M23045,,LEAF SPRING,Tools,,PIANO STORE,29051100,NOS,0,0,0
TL1107,T4101BLOB/M23045,,LEAF SPRING,Tools,,PIANO STORE,29051100,NOS,0,0,0
TL1108,T3903BLOA/M23045,,LEAF SPRING,Tools,,PIANO STORE,29051100,NOS,0,0,0
TL1109,T4092FM1A/M23045,,LEAF SPRING,Tools,,PIANO STORE,29051100,NOS,0,0,0
TL1110,T4092FM1B/M23045,,LEAF SPRING,Tools,,PIANO STORE,29051100,NOS,0,0,0
TL1111,T4093FM2A/M23045,,LEAF SPRING,Tools,,PIANO STORE,29051100,NOS,0,0,0
TL1112,T4093FM2B/M23045,,LEAF SPRING,Tools,,PIANO STORE,29051100,NOS,0,0,0
TL1113,T4095FM3A/M23045,,LEAF SPRING,Tools,,PIANO STORE,29051100,NOS,0,0,0
TL1114,T4095FM3B/M23045,,LEAF SPRING,Tools,,PIANO STORE,29051100,NOS,0,0,0
TL1115,T4094SZOA/M23045,,LEAF SPRING,Tools,,PIANO STORE,29051100,NOS,0,0,0
TL1116,T4094SZOB/M23045,,LEAF SPRING,Tools,,PIANO STORE,29051100,NOS,0,0,0
TL1117,T4135MFOA-BL/M23046,,HOSE CLAMP,Tools,,PIANO STORE,29051100,NOS,0,0,0
TL1118,T4122MFOA-FM/M23046,,HOSE CLAMP,Tools,,PIANO STORE,29051100,NOS,0,0,0
TL1119,T4807BLOA/M23052,,C- RING SHAFT,Tools,,PIANO STORE,29051100,NOS,0,0,0
TL1120,T4806BLOA/M23053,,SEAL COVER,Tools,,PIANO STORE,29051100,NOS,0,0,0
TL1121,T4813SVOA/M23053,,SEAL COVER,Tools,,PIANO STORE,29051100,NOS,0,0,0
TL1122,T4805BLOA/M23055,,SEAL COVER,Tools,,PIANO STORE,29051100,NOS,0,0,0
TL1123,T1890BLOA/N13001,,DOWEL PIN,Tools,,PIANO STORE,29051100,NOS,0,0,0
TL1124,T1896FM1A/N13001,,DOWEL PIN,Tools,,PIANO STORE,29051100,NOS,0,0,0
TL1125,T1883FMOA/N13001,,DOWEL PIN,Tools,,PIANO STORE,29051100,NOS,0,0,0
TL1126,T3226EMOA/N13002,,SPRING R,Tools,,PIANO STORE,29051100,NOS,0,0,0
TL1127,T3210FMOA/N13002,,SPRING R,Tools,,PIANO STORE,29051100,NOS,0,0,0
TL1128,T2980BLOA/N13003,,SPRING L,Tools,,PIANO STORE,29051100,NOS,0,0,0
TL1129,T3227EMOA/N13003,,SPRING L,Tools,,PIANO STORE,29051100,NOS,0,0,0
TL1130,T3459BLOA/N13004,,BAFFLE CLIP,Tools,,PIANO STORE,29051100,NOS,0,0,0
TL1131,T3449FM1A/N13004,,BAFFLE CLIP,Tools,,PIANO STORE,29051100,NOS,0,0,0
TL1132,T3450FM2A/N13004,,BAFFLE CLIP,Tools,,PIANO STORE,29051100,NOS,0,0,0
TL1133,T3467 FM2A-1/N13004,,BAFFLE CLIP,Tools,,PIANO STORE,29051100,NOS,0,0,0
TL1134,T3464SZOA/N13004,,BAFFLE CLIP,Tools,,PIANO STORE,29051100,NOS,0,0,0
TL1135,T4242FMOA/N13004,,BAFFLE CLIP,Tools,,PIANO STORE,29051100,NOS,0,0,0
TL1136,T4242FMOA/N13005,,CLIP,Tools,,PIANO STORE,29051100,NOS,0,0,0
TL1137,T695BLOA/R11001,,DOWEL PIN 2X8,Tools,,PIANO STORE,29051100,NOS,0,0,0
TL1138,T1558BLOA/R11001,,DOWEL PIN 2X8,Tools,,PIANO STORE,29051100,NOS,0,0,0
TL1139,T1526FMOA/R11001,,DOWEL PIN 2X8,Tools,,PIANO STORE,29051100,NOS,0,0,0
TL1140,T1604FMOA/R11001,,DOWEL PIN 2X8,Tools,,PIANO STORE,29051100,NOS,0,0,0
TL1141,T1523FMOA/R11001,,DOWEL PIN 2X8,Tools,,PIANO STORE,29051100,NOS,0,0,0
TL1142,T1528FMOA/R11001,,DOWEL PIN 2X8,Tools,,PIANO STORE,29051100,NOS,0,0,0
TL1143,T1581FMOA/R11001,,DOWEL PIN 2X8,Tools,,PIANO STORE,29051100,NOS,0,0,0
TL1144,T2434FMOA/R11001,,DOWEL PIN 2X8,Tools,,PIANO STORE,29051100,NOS,0,0,0
TL1145,T0695BLOA/R11001Z,,DOWEL PIN SPL 2X8MM,Tools,,PIANO STORE,29051100,NOS,0,0,0
TL1146,T1558BLOA/R11001Z,,DOWEL PIN SPL 2X8MM,Tools,,PIANO STORE,29051100,NOS,0,0,0
TL1147,T1526FM1A/R11001Z,,DOWEL PIN SPL 2X8MM,Tools,,PIANO STORE,29051100,NOS,0,0,0
TL1148,T1604FM1A/R11001Z,,DOWEL PIN SPL 2X8MM,Tools,,PIANO STORE,29051100,NOS,0,0,0
TL1149,T1523FMOA/R11001Z,,DOWEL PIN SPL 2X8MM,Tools,,PIANO STORE,29051100,NOS,0,0,0
TL115,,,BRASS BALL BEARING BUSH SIZE: OD 40 X ID 32 X 75MM,Tools,TOOLS,TOOL STORE,29051100,NOS,0,1,0
TL1150,T1528FMOA/R11001Z,,DOWEL PIN SPL 2X8MM,Tools,,PIANO STORE,29051100,NOS,0,0,0
TL1151,T1581FMOA/R11001Z,,DOWEL PIN SPL 2X8MM,Tools,,PIANO STORE,29051100,NOS,0,0,0
TL1152,T2434FMOA/R11001Z,,DOWEL PIN SPL 2X8MM,Tools,,PIANO STORE,29051100,NOS,0,0,0
TL1153,T3493BLOA/R17002,,CLIP,Tools,,PIANO STORE,29051100,NOS,0,0,0
TL1154,T3577BLOA/R17002,,CLIP,Tools,,PIANO STORE,29051100,NOS,0,0,0
TL1155,T3419BLOA/R17002,,CLIP,Tools,,PIANO STORE,29051100,NOS,0,0,0
TL1156,T3419BLOB/R17002,,CLIP,Tools,,PIANO STORE,29051100,NOS,0,0,0
TL1157,T3419BLOC/R17002,,CLIP,Tools,,PIANO STORE,29051100,NOS,0,0,0
TL1158,T4213MFOA-BL/R17002,,CLIP,Tools,,PIANO STORE,29051100,NOS,0,0,0
TL1159,T3488BLOA/R17003,,CLIP REAR DISC HOSE,Tools,,PIANO STORE,29051100,NOS,0,0,0
TL116,,,FOR ITEM CODE B14023/V11069 SIZE - 120 X 98 X 30 K-340-E LM F 503 X 253 M G A,Tools,TOOLS,TOOL STORE,29051100,KGS,0,1,0
TL1160,T3488BLOB/R17003,,CLIP REAR DISC HOSE,Tools,,PIANO STORE,29051100,NOS,0,0,0
TL1161,T3409FMOA/R17003,,CLIP REAR DISC HOSE,Tools,,PIANO STORE,29051100,NOS,0,0,0
TL1162,T3409FMOB/R17003,,CLIP REAR DISC HOSE,Tools,,PIANO STORE,29051100,NOS,0,0,0
TL1163,T3409FMOC/R17003,,CLIP REAR DISC HOSE,Tools,,PIANO STORE,29051100,NOS,0,0,0
TL1164,T3409FMOD/R17003,,CLIP REAR DISC HOSE,Tools,,PIANO STORE,29051100,NOS,0,0,0
TL1165,T1104BLOA/R17004,,CLIP,Tools,,PIANO STORE,29051100,NOS,0,0,0
TL1166,T1018FMOB/R17004,,CLIP,Tools,,PIANO STORE,29051100,NOS,0,0,0
TL1167,T3996MFOA-BL/R17004,,CLIP,Tools,,PIANO STORE,29051100,NOS,0,0,0
TL1168,T3496BLOA/R17006,,SPRING WASHER,Tools,,PIANO STORE,29051100,NOS,0,0,0
TL1169,T3621BLOA/R17006,,SPRING WASHER,Tools,,PIANO STORE,29051100,NOS,0,0,0
TL117,,,FOR ITEM CODE B14023/V11069 SIZE - 159 X 112 X 28 K-340-E LM F 503 X 253 M G A,Tools,TOOLS,TOOL STORE,29051100,KGS,0,1,0
TL1170,T3491FMOA/R17006,,SPRING WASHER,Tools,,PIANO STORE,29051100,NOS,0,0,0
TL1171,T3628BLOA/R17007,,CIRCLIP (J-24),Tools,,PIANO STORE,29051100,NOS,0,0,0
TL1172,T3626BLOA/R17008,,EXTERNAL CIRCLIP (A-18),Tools,,PIANO STORE,29051100,NOS,0,0,0
TL1173,T3627HLOA/R17008,,EXTERNAL CIRCLIP (A-18),Tools,,PIANO STORE,29051100,NOS,0,0,0
TL1174,T3629BLOA/R17010,,EXTERNAL CIRCLIP (A-10),Tools,,PIANO STORE,29051100,NOS,0,0,0
TL1175,T3633HLOA/R17010,,EXTERNAL CIRCLIP (A-10),Tools,,PIANO STORE,29051100,NOS,0,0,0
TL1176,T3633HLOB/R17010,,EXTERNAL CIRCLIP (A-10),Tools,,PIANO STORE,29051100,NOS,0,0,0
TL1177,T3634BLOA/R17011,,EXTERNAL CIRCLIP (A-12),Tools,,PIANO STORE,29051100,NOS,0,0,0
TL1178,T3630HLOA/R17011,,EXTERNAL CIRCLIP (A-12),Tools,,PIANO STORE,29051100,NOS,0,0,0
TL1179,T3640BLOA/R17012,,SPRING,Tools,,PIANO STORE,29051100,NOS,0,0,0
TL118,,,FOR ITEM CODE S27021 / S27022 / S27026 / R22005 SIZE - 200 X 130 X 25 K-340-E LM F 503 X 253 M G A,Tools,TOOLS,TOOL STORE,29051100,KGS,0,1,0
TL1180,T3641HLOA/R17012,,SPRING,Tools,,PIANO STORE,29051100,NOS,0,0,0
TL1181,T3641HLOB/R17012,,SPRING,Tools,,PIANO STORE,29051100,NOS,0,0,0
TL1182,T4058MFOA-BL/R17013,,HOSE CLAMP,Tools,,PIANO STORE,29051100,NOS,0,0,0
TL1183,T4060FMOA-BL/R17014,,HOSE CLAMP,Tools,,PIANO STORE,29051100,NOS,0,0,0
TL1184,T3709BLOA/R17015,,WASHER THRUST WASHER LOCK,Tools,,PIANO STORE,29051100,NOS,0,0,0
TL1185,T3687FMOA/R17015,,WASHER THRUST WASHER LOCK,Tools,,PIANO STORE,29051100,NOS,0,0,0
TL1186,T3711BLOA/R17016,,BELLEVILLE WASHER,Tools,,PIANO STORE,29051100,NOS,0,0,0
TL1187,T3711BLOB/R17016,,BELLEVILLE WASHER,Tools,,PIANO STORE,29051100,NOS,0,0,0
TL1188,T3697FMOA/R17016,,BELLEVILLE WASHER,Tools,,PIANO STORE,29051100,NOS,0,0,0
TL1189,T3697FMOB/R17016,,BELLEVILLE WASHER,Tools,,PIANO STORE,29051100,NOS,0,0,0
TL119,,,EN8 FLAT (IMPORTED) 32X350X555MM (1 MTR),Tools,TOOLS,TOOL STORE,29051100,KGS,0,1,0
TL1190,T3697FMOC/R17016,,BELLEVILLE WASHER,Tools,,PIANO STORE,29051100,NOS,0,0,0
TL1191,T4004BLOA/R17018,,DISC SPRING,Tools,,PIANO STORE,29051100,NOS,0,0,0
TL1192,T4003FMOA/R17018,,DISC SPRING,Tools,,PIANO STORE,29051100,NOS,0,0,0
TL1193,T3749BLOA/R17023,,SHIM ABS SENSOR,Tools,,PIANO STORE,29051100,NOS,0,0,0
TL1194,T3751BLOA/R17024,,GEAR LINKAGE SPACER 4MM,Tools,,PIANO STORE,29051100,NOS,0,0,0
TL1195,T3804SVOA/R17024,,GEAR LINKAGE SPACER 4MM,Tools,,PIANO STORE,29051100,NOS,0,0,0
TL1196,T3757BLOA/R17025,,GEAR LINKAGE SPACER 4MM,Tools,,PIANO STORE,29051100,NOS,0,0,0
TL1197,T3801BLOA/R17026,,BRACKET,Tools,,PIANO STORE,29051100,NOS,0,0,0
TL1198,T3760FMOA/R17026,,BRACKET,Tools,,PIANO STORE,29051100,NOS,0,0,0
TL1199,T3754BLOA/R17027,,BEARING RETAINER,Tools,,PIANO STORE,29051100,NOS,0,0,0
TL120,,,EN8 FLAT (IMPORTED) 40X270X300MM (2 MTR),Tools,TOOLS,TOOL STORE,29051100,KGS,0,1,0
TL1200,T3883SVOA/R17027,,BEARING RETAINER,Tools,,PIANO STORE,29051100,NOS,0,0,0
TL1201,T3792BLOA/R17028,,MODULATOR MTG -GEN10 ABS,Tools,,PIANO STORE,29051100,NOS,0,0,0
TL1202,T3784FM1A/R17028,,MODULATOR MTG -GEN10 ABS,Tools,,PIANO STORE,29051100,NOS,0,0,0
TL1203,T3785FM2A/R17028,,MODULATOR MTG -GEN10 ABS,Tools,,PIANO STORE,29051100,NOS,0,0,0
TL1204,T3793BLOA/R17029,,CLAMP BRAKE HOSE,Tools,,PIANO STORE,29051100,NOS,0,0,0
TL1205,T3812BLOA/R17029,,CLAMP BRAKE HOSE,Tools,,PIANO STORE,29051100,NOS,0,0,0
TL1206,T3771FM1A/R17029,,CLAMP BRAKE HOSE,Tools,,PIANO STORE,29051100,NOS,0,0,0
TL1207,T3771FM1B/R17029,,CLAMP BRAKE HOSE,Tools,,PIANO STORE,29051100,NOS,0,0,0
TL1208,T3771FM1C/R17029,,CLAMP BRAKE HOSE,Tools,,PIANO STORE,29051100,NOS,0,0,0
TL1209,T3771FM1D/R17029,,CLAMP BRAKE HOSE,Tools,,PIANO STORE,29051100,NOS,0,0,0
TL121,,,EN8 FLAT (IMPORTED) 40X150X250MM (1 MTR),Tools,TOOLS,TOOL STORE,29051100,KGS,0,1,0
TL1210,T3772FM2A/R17029,,CLAMP BRAKE HOSE,Tools,,PIANO STORE,29051100,NOS,0,0,0
TL1211,T3919BLOA/R17031,,CLEVIS SPRING PIN-REAR MASTER CYLINDER,Tools,,PIANO STORE,29051100,NOS,0,0,0
TL1212,T3919BLOB/R17031,,CLEVIS SPRING PIN-REAR MASTER CYLINDER,Tools,,PIANO STORE,29051100,NOS,0,0,0
TL1213,T3919BLOC/R17031,,CLEVIS SPRING PIN-REAR MASTER CYLINDER,Tools,,PIANO STORE,29051100,NOS,0,0,0
TL1214,T3910FM1A/R17031,,CLEVIS SPRING PIN-REAR MASTER CYLINDER,Tools,,PIANO STORE,29051100,NOS,0,0,0
TL1215,T3910FM1B/R17031,,CLEVIS SPRING PIN-REAR MASTER CYLINDER,Tools,,PIANO STORE,29051100,NOS,0,0,0
TL1216,T3912FM2A/R17031,,CLEVIS SPRING PIN-REAR MASTER CYLINDER,Tools,,PIANO STORE,29051100,NOS,0,0,0
TL1217,T3912FM2B/R17031,,CLEVIS SPRING PIN-REAR MASTER CYLINDER,Tools,,PIANO STORE,29051100,NOS,0,0,0
TL1218,T4077SPOA/R17031,,CLEVIS SPRING PIN-REAR MASTER CYLINDER,Tools,,PIANO STORE,29051100,NOS,0,0,0
TL1219,T4077SPOB/R17031,,CLEVIS SPRING PIN-REAR MASTER CYLINDER,Tools,,PIANO STORE,29051100,NOS,0,0,0
TL122,,,EN8 FLAT (IMPORTED) 40X180X280MM (1 MTR),Tools,TOOLS,TOOL STORE,29051100,KGS,0,1,0
TL1220,T4077SPOC/R17031,,CLEVIS SPRING PIN-REAR MASTER CYLINDER,Tools,,PIANO STORE,29051100,NOS,0,0,0
TL1221,T3987BLOA/R17034,,INT.CIRCLIP ¢50,Tools,,PIANO STORE,29051100,NOS,0,0,0
TL1222,T3987BLOB/R17034,,INT.CIRCLIP ¢51,Tools,,PIANO STORE,29051100,NOS,0,0,0
TL1223,T3988HLOA/R17034,,INT.CIRCLIP ¢52,Tools,,PIANO STORE,29051100,NOS,0,0,0
TL1224,T3985BLOA/R17035,,WASHER,Tools,,PIANO STORE,29051100,NOS,0,0,0
TL1225,T3992BLOA/R17036,,"WASHER ,4TH DRIVE GEAR",Tools,,PIANO STORE,29051100,NOS,0,0,0
TL1226,T3992BLOB/R17036,,"WASHER ,5TH DRIVE GEAR",Tools,,PIANO STORE,29051100,NOS,0,0,0
TL1227,T4495SVOA/R17036,,"WASHER ,6TH DRIVE GEAR",Tools,,PIANO STORE,29051100,NOS,0,0,0
TL1228,T4495SVOB/R17036,,"WASHER ,7TH DRIVE GEAR",Tools,,PIANO STORE,29051100,NOS,0,0,0
TL1229,T3990BLOA/R17037,,CIRCLIP EXTERNAL ¢30,Tools,,PIANO STORE,29051100,NOS,0,0,0
TL123,,,EN8 FLAT (INDIAN) 40X200MM (2 MTR),Tools,TOOLS,TOOL STORE,29051100,KGS,0,1,0
TL1230,T3995HLOA/R17037,,CIRCLIP EXTERNAL ¢30,Tools,,PIANO STORE,29051100,NOS,0,0,0
TL1231,T3989BLOA/R17038,,WASHER 2ND DRIVEN GEAR,Tools,,PIANO STORE,29051100,NOS,0,0,0
TL1232,T4395BLOA/R17038,,WASHER 2ND DRIVEN GEAR,Tools,,PIANO STORE,29051100,NOS,0,0,0
TL1233,T4395BLOB/R17038,,WASHER 2ND DRIVEN GEAR,Tools,,PIANO STORE,29051100,NOS,0,0,0
TL1234,T3993SVOA/R17038,,WASHER 2ND DRIVEN GEAR,Tools,,PIANO STORE,29051100,NOS,0,0,0
TL1235,T3993SVOB/R17038,,WASHER 2ND DRIVEN GEAR,Tools,,PIANO STORE,29051100,NOS,0,0,0
TL1236,T3994CHOA/R17038,,WASHER 2ND DRIVEN GEAR,Tools,,PIANO STORE,29051100,NOS,0,0,0
TL1237,T3994CHOB/R17038,,WASHER 2ND DRIVEN GEAR,Tools,,PIANO STORE,29051100,NOS,0,0,0
TL1238,T3994CHOC/R17038,,WASHER 2ND DRIVEN GEAR,Tools,,PIANO STORE,29051100,NOS,0,0,0
TL1239,T3986BLOA/R17039,,WASHER,Tools,,PIANO STORE,29051100,NOS,0,0,0
TL124,,,EN8 FLAT (INDIAN) 40X250MM (2 MTR),Tools,TOOLS,TOOL STORE,29051100,KGS,0,1,0
TL1240,T3984BLOA/R17040,,WASHER ¢6.8X¢19X2,Tools,,PIANO STORE,29051100,NOS,0,0,0
TL1241,T4002BLOA/R17041,,C-RING -CAMSHAFT,Tools,,PIANO STORE,29051100,NOS,0,0,0
TL1242,T3999BLOA/R17042,,PLATE,Tools,,PIANO STORE,29051100,NOS,0,0,0
TL1243,T3999BLOB/R17042,,PLATE,Tools,,PIANO STORE,29051100,NOS,0,0,0
TL1244,T3997BLOA/R17044,,WASHER,Tools,,PIANO STORE,29051100,NOS,0,0,0
TL1245,T4063BLOA/R17045,,WASHER M6,Tools,,PIANO STORE,29051100,NOS,0,0,0
TL1246,T4063BLOB/R17045,,WASHER M6,Tools,,PIANO STORE,29051100,NOS,0,0,0
TL1247,T4000BLOA/R17047,,CIRCLIP-EXT.¢20,Tools,,PIANO STORE,29051100,NOS,0,0,0
TL1248,T4006BLOA/R17067,,WASHER-GEAR SHIFT SHAFT,Tools,,PIANO STORE,29051100,NOS,0,0,0
TL1249,T4468BL0A/R17068,,CIRCLIP SHIFTER SHAFT,Tools,,PIANO STORE,29051100,NOS,0,0,0
TL125,,,EN8 FLAT (IMPORTED) 40X350X555MM (1 MTR),Tools,TOOLS,TOOL STORE,29051100,KGS,0,1,0
TL1250,T4005BLOA/R17069,,WASHER-TENSIONER ARM,Tools,,PIANO STORE,29051100,NOS,0,0,0
TL1251,T3998BLOA/R17070,,WASHER ¢10.5,Tools,,PIANO STORE,29051100,NOS,0,0,0
TL1252,T2188BLOA/R17071,,WASHER,Tools,,PIANO STORE,29051100,NOS,0,0,0
TL1253,T2188BLOB/R17071,,WASHER,Tools,,PIANO STORE,29051100,NOS,0,0,0
TL1254,T4004BLOA/R17072,,WASHER M20,Tools,,PIANO STORE,29051100,NOS,0,0,0
TL1255,T4069BLOA/R17074,,WASHER-SHAFT CLUTCH RELEASE,Tools,,PIANO STORE,29051100,NOS,0,0,0
TL1256,T4108BLOA/R17075,,WASHER OIL PUMP DRIVE,Tools,,PIANO STORE,29051100,NOS,0,0,0
TL1257,T4071FMOA/R17075,,WASHER OIL PUMP DRIVE,Tools,,PIANO STORE,29051100,NOS,0,0,0
TL1258,T4111BLOA/R17076,,Washer-3Rd & 4Th Driven Gear,Tools,,PIANO STORE,29051100,NOS,0,0,0
TL1259,T4114BLOA/R17077,,WASHER -3RD & 4TH DRIVEN GEAR THRUST,Tools,,PIANO STORE,29051100,NOS,0,0,0
TL126,,,OHNS FLAT (IMP) 13X80,Tools,TOOLS,TOOL STORE,29051100,KGS,0,1,0
TL1260,T4115BLOA/R17078,,WASHER THRUST WASHER LOCK,Tools,,PIANO STORE,29051100,NOS,0,0,0
TL1261,T4113FMOA/R17078,,WASHER THRUST WASHER LOCK,Tools,,PIANO STORE,29051100,NOS,0,0,0
TL1262,T4192MFOA/R17079,,SPRING BAND HOSE CLAMP,Tools,,PIANO STORE,29051100,NOS,0,0,0
TL1263,T4162MF0A-BL/R17080,,HOSE CLAMP,Tools,,PIANO STORE,29051100,NOS,0,0,0
TL1264,T3185BLOA/R17081,,MIO WASHER,Tools,,PIANO STORE,29051100,NOS,0,0,0
TL1265,T4427BLOA/R17081,,MIO WASHER,Tools,,PIANO STORE,29051100,NOS,0,0,0
TL1266,T4427BLOB/R17081,,MIO WASHER,Tools,,PIANO STORE,29051100,NOS,0,0,0
TL1267,T4465BLOA/R17082,,THRUST WASHER,Tools,,PIANO STORE,29051100,NOS,0,0,0
TL1268,T4190BLOA/R17082,,THRUST WASHER,Tools,,PIANO STORE,29051100,NOS,0,0,0
TL1269,T4689BLOA/R17082,,THRUST WASHER,Tools,,PIANO STORE,29051100,NOS,0,0,0
TL127,,,OHNS FLAT (IMP) 13X250 MM,Tools,TOOLS,PIANO STORE,29051100,KGS,0,1,0
TL1270,T4685BLOA/R17082,,THRUST WASHER,Tools,,PIANO STORE,29051100,NOS,0,0,0
TL1271,T2990BLOA/R17087,,WASHER (32X17.5X3)MM,Tools,,PIANO STORE,29051100,NOS,0,0,0
TL1272,T2186BLOA/R17090,,HEADSTOCK SHIM-30.3X46.5X0.6,Tools,,PIANO STORE,29051100,NOS,0,0,0
TL1273,T4403BLOA/R17091,,EWASHER TABBED,Tools,,PIANO STORE,29051100,NOS,0,0,0
TL1274,T4398FMOA/R17091,,EWASHER TABBED,Tools,,PIANO STORE,29051100,NOS,0,0,0
TL1275,T4461BLOA/R17098,,CLIP - FORK GAITER,Tools,,PIANO STORE,29051100,NOS,0,0,0
TL1276,DONGSEO MULTISLIDE M/C)/R23001,,M4 CLIP NUT,Tools,,PIANO STORE,29051100,NOS,0,0,0
TL1277,DONGSEO MULTISLIDE M/C)/R23002,,M4 CLIP NUT,Tools,,PIANO STORE,29051100,NOS,0,0,0
TL1278,T1469BLOA/S01008-10,,WASHER PLATE,Tools,,PIANO STORE,29051100,NOS,0,0,0
TL1279,T1469BLOB/S01008-10,,WASHER PLATE,Tools,,PIANO STORE,29051100,NOS,0,0,0
TL128,,,OHNS FLAT (IMP) 16 X 250 MM,Tools,TOOLS,PIANO STORE,29051100,KGS,0,1,0
TL1280,T1469BLOC/S01008-10,,WASHER PLATE,Tools,,PIANO STORE,29051100,NOS,0,0,0
TL1281,T1469BLOD/S01008-10,,WASHER PLATE,Tools,,PIANO STORE,29051100,NOS,0,0,0
TL1282,T1469BLOE/S01008-10,,WASHER PLATE,Tools,,PIANO STORE,29051100,NOS,0,0,0
TL1283,T1244BLOA/S01011,,WASHER PLATE,Tools,,PIANO STORE,29051100,NOS,0,0,0
TL1284,T2345BLOA/S01011,,WASHER PLATE,Tools,,PIANO STORE,29051100,NOS,0,0,0
TL1285,T2346BLOA/S01012,,WASHER PLATE,Tools,,PIANO STORE,29051100,NOS,0,0,0
TL1286,T1238BLOA/S01012,,WASHER PLATE,Tools,,PIANO STORE,29051100,NOS,0,0,0
TL1287,T2330BLOA/S01013,,WASHER PLATE,Tools,,PIANO STORE,29051100,NOS,0,0,0
TL1288,T2349BLOA/S01014,,WASHER PLATE,Tools,,PIANO STORE,29051100,NOS,0,0,0
TL1289,T1081BLOA/S01015-16,,WASHER PLATE,Tools,,PIANO STORE,29051100,NOS,0,0,0
TL129,,,OHNS FLAT (IMP) 20 X 200 MM,Tools,TOOLS,PIANO STORE,29051100,KGS,0,1,0
TL1290,T2353BLOA/S01017,,WASHER PLATE,Tools,,PIANO STORE,29051100,NOS,0,0,0
TL1291,T1083BLOA/S01017-18,,WASHER PLATE,Tools,,PIANO STORE,29051100,NOS,0,0,0
TL1292,T2354BLOA/S01018,,WASHER PLATE,Tools,,PIANO STORE,29051100,NOS,0,0,0
TL1293,T4282BLOA/S01022-24,,WASHER PLATE SK,Tools,,PIANO STORE,29051100,NOS,0,0,0
TL1294,T4284BLOA/S01025-27,,WASHER PLATE SK,Tools,,PIANO STORE,29051100,NOS,0,0,0
TL1295,T4285BLOA/S01028-30,,WASHER PLATE SK,Tools,,PIANO STORE,29051100,NOS,0,0,0
TL1296,T4286BLOA/S01031-33,,WASHER PLATE SK,Tools,,PIANO STORE,29051100,NOS,0,0,0
TL1297,T4319BLOA/S01034-36,,WASHER PLATE SK,Tools,,PIANO STORE,29051100,NOS,0,0,0
TL1298,T1194BLOA/S04001,,NUT PUSH,Tools,,PIANO STORE,29051100,NOS,0,0,0
TL1299,T1427BLOA/S04001,,NUT PUSH,Tools,,PIANO STORE,29051100,NOS,0,0,0
TL130,,,D2 ROUND (IMP) DIA 36 MM,Tools,TOOLS,TOOL STORE,29051100,KGS,0,1,0
TL1300,T1287FMOA/S04001,,NUT PUSH,Tools,,PIANO STORE,29051100,NOS,0,0,0
TL1301,T1428FMOA/S04001,,NUT PUSH,Tools,,PIANO STORE,29051100,NOS,0,0,0
TL1302,T1433FMOA/S04001,,NUT PUSH,Tools,,PIANO STORE,29051100,NOS,0,0,0
TL1303,T1516FMOA/S04001,,NUT PUSH,Tools,,PIANO STORE,29051100,NOS,0,0,0
TL1304,T1536FMOA/S04001,,NUT PUSH,Tools,,PIANO STORE,29051100,NOS,0,0,0
TL1305,T1584FMOA/S04001,,NUT PUSH,Tools,,PIANO STORE,29051100,NOS,0,0,0
TL1306,T1537BLOA/S04002,,E-CLIP 10*1.2,Tools,,PIANO STORE,29051100,NOS,0,0,0
TL1307,T1304BLOA/S04002,,E-CLIP 10*1.2,Tools,,PIANO STORE,29051100,NOS,0,0,0
TL1308,T1532BLOA/S04003,,E-CLIP,Tools,,PIANO STORE,29051100,NOS,0,0,0
TL1309,T1294BLOA/S04003,,E-CLIP,Tools,,PIANO STORE,29051100,NOS,0,0,0
TL131,,,D2 ROUND (IMP) DIA 120MM,Tools,TOOLS,TOOL STORE,29051100,KGS,0,1,0
TL1310,T1253BLOA/S06006,,BELLEVILLE WASHER,Tools,,PIANO STORE,29051100,NOS,0,0,0
TL1311,T1253BLOB/S06006,,BELLEVILLE WASHER,Tools,,PIANO STORE,29051100,NOS,0,0,0
TL1312,T2322BLOA/S06006,,BELLEVILLE WASHER,Tools,,PIANO STORE,29051100,NOS,0,0,0
TL1313,T2322BLOB/S06006,,BELLEVILLE WASHER,Tools,,PIANO STORE,29051100,NOS,0,0,0
TL1314,T2593BLOA/S06007,,WASHER,Tools,,PIANO STORE,29051100,NOS,0,0,0
TL1315,T538FMOA/S06007,,WASHER,Tools,,PIANO STORE,29051100,NOS,0,0,0
TL1316,T2404FMOA/S06007,,WASHER,Tools,,PIANO STORE,29051100,NOS,0,0,0
TL1317,T052BLOA/S06008,,CLIP 0.6,Tools,,PIANO STORE,29051100,NOS,0,0,0
TL1318,T3707BLOA/S06008,,CLIP 0.6,Tools,,PIANO STORE,29051100,NOS,0,0,0
TL1319,T053FMOA/S06008,,CLIP 0.6,Tools,,PIANO STORE,29051100,NOS,0,0,0
TL132,,,D2 ROUND (IMP) DIA 32 MM,Tools,TOOLS,TOOL STORE,29051100,KGS,0,1,0
TL1320,T3346FMOA/S06008,,CLIP 0.6,Tools,,PIANO STORE,29051100,NOS,0,0,0
TL1321,T1360BLOA/S06011,,DOWEL PIN 2.5X16,Tools,,PIANO STORE,29051100,NOS,0,0,0
TL1322,T1447FM1A/S06011,,DOWEL PIN 2.5X17,Tools,,PIANO STORE,29051100,NOS,0,0,0
TL1323,T1647FM1A/S06011,,DOWEL PIN 2.5X18,Tools,,PIANO STORE,29051100,NOS,0,0,0
TL1324,T1364BLOA/S06012,,DOWEL PIN 2X16,Tools,,PIANO STORE,29051100,NOS,0,0,0
TL1325,T1555FMOA/S06012,,DOWEL PIN 2X17,Tools,,PIANO STORE,29051100,NOS,0,0,0
TL1326,T1530FMOA/S06012,,DOWEL PIN 2X18,Tools,,PIANO STORE,29051100,NOS,0,0,0
TL1327,T1554FMOA/S06012,,DOWEL PIN 2X19,Tools,,PIANO STORE,29051100,NOS,0,0,0
TL1328,T1297BLOA/S06013,,WASHER,Tools,,PIANO STORE,29051100,NOS,0,0,0
TL1329,T1347FMOA/S06013,,WASHER,Tools,,PIANO STORE,29051100,NOS,0,0,0
TL133,,,BRASS BALL BEARING CAGE SIZE: 32MM X 40MM X 75MM,Tools,TOOLS,TOOL STORE,29051100,NOS,0,1,0
TL1330,T2398FMOA/S06014,,DOWEL PIN 2.5X19,Tools,,PIANO STORE,29051100,NOS,0,0,0
TL1331,T1440FMOA/S06014,,DOWEL PIN 2.5X20,Tools,,PIANO STORE,29051100,NOS,0,0,0
TL1332,T1359BLOA/S06014,,D/P 2.5X12,Tools,,PIANO STORE,29051100,NOS,0,0,0
TL1333,T1514FMOA/S06014,,D/P 2.5X13,Tools,,PIANO STORE,29051100,NOS,0,0,0
TL1334,T1515FMOA/S06014,,D/P 2.5X14,Tools,,PIANO STORE,29051100,NOS,0,0,0
TL1335,T1529FMOA/S06014,,D/P 2.5X15,Tools,,PIANO STORE,29051100,NOS,0,0,0
TL1336,T1482BLOA/S06016,,BELLEVILLE WASHER,Tools,,PIANO STORE,29051100,NOS,0,0,0
TL1337,T1825BLOA/S06016,,BELLEVILLE WASHER,Tools,,PIANO STORE,29051100,NOS,0,0,0
TL1338,T30126BLOA/S06019,,BELLEVILLE WASHER,Tools,,PIANO STORE,29051100,NOS,0,0,0
TL1339,T2772FMOA/S06019,,BELLEVILLE WASHER,Tools,,PIANO STORE,29051100,NOS,0,0,0
TL134,,,BRASS BALL BEARING CAGE SIZE: 25MM X 31MM X 70MM,Tools,TOOLS,TOOL STORE,29051100,NOS,0,1,0
TL1340,T2772FMOA/S06019,,BELLEVILLE WASHER,Tools,,PIANO STORE,29051100,NOS,0,0,0
TL1341,T3029BLOA/S06022,,E CLIP 8.4X1.0,Tools,,PIANO STORE,29051100,NOS,0,0,0
TL1342,T3029BLOB/S06022,,E CLIP 8.4X1.0,Tools,,PIANO STORE,29051100,NOS,0,0,0
TL1343,T670BLOA/S06023/S06034,,E CLIP ¢5X0.7,Tools,,PIANO STORE,29051100,NOS,0,0,0
TL1344,T3798BLOA/S06023/S06034,,E CLIP ¢5X0.7,Tools,,PIANO STORE,29051100,NOS,0,0,0
TL1345,T3105BLOA/S06026,,DOWEL PIN,Tools,,PIANO STORE,29051100,NOS,0,0,0
TL1346,T3300BLOA/S06027,,SPRING DOWEL (M2X14),Tools,,PIANO STORE,29051100,NOS,0,0,0
TL1347,T3310FM1A/S06027,,SPRING DOWEL (M2X14),Tools,,PIANO STORE,29051100,NOS,0,0,0
TL1348,T3340FMA/S06027,,SPRING DOWEL (M2X14),Tools,,PIANO STORE,29051100,NOS,0,0,0
TL1349,T3399BLOA/S06028,,CIRCLIP,Tools,,PIANO STORE,29051100,NOS,0,0,0
TL135,,,BRASS BALL BEARING CAGE SIZE: 22MM X 28MM X 70MM,Tools,TOOLS,TOOL STORE,29051100,NOS,0,1,0
TL1350,T3397BLOA/S06029,,CIRCLIP,Tools,,PIANO STORE,29051100,NOS,0,0,0
TL1351,T1590BLOA/S06030,,E CLIP ¢7X0.9,Tools,,PIANO STORE,29051100,NOS,0,0,0
TL1352,2435BLOA/S06030,,E CLIP ¢7X0.9,Tools,,PIANO STORE,29051100,NOS,0,0,0
TL1353,T1532BLOA/S06031,,CIRCLIP,Tools,,PIANO STORE,29051100,NOS,0,0,0
TL1354,T2636BLOA/S06031,,CIRCLIP,Tools,,PIANO STORE,29051100,NOS,0,0,0
TL1355,T1695HLOA/S06031,,CIRCLIP,Tools,,PIANO STORE,29051100,NOS,0,0,0
TL1356,T1695HLOB/S06031,,CIRCLIP,Tools,,PIANO STORE,29051100,NOS,0,0,0
TL1357,T1695HLOC/S06031,,CIRCLIP,Tools,,PIANO STORE,29051100,NOS,0,0,0
TL1358,T1695HLOD/S06031,,CIRCLIP,Tools,,PIANO STORE,29051100,NOS,0,0,0
TL1359,T1177BLOA/S06032,,E CLIP,Tools,,PIANO STORE,29051100,NOS,0,0,0
TL136,,,OHNS FLAT (IMPORTED) 25X200X410,Tools,TOOLS,TOOL STORE,29051100,KGS,0,1,0
TL1360,T1466BLOA/S06035,,CIRCLIP,Tools,,PIANO STORE,29051100,NOS,0,0,0
TL1361,T1395BLOA/S06036,,CIRCLIP,Tools,,PIANO STORE,29051100,NOS,0,0,0
TL1362,T1532BLOA/S06039,,CIRCLIP,Tools,,PIANO STORE,29051100,NOS,0,0,0
TL1363,T3797BLOA/S06042,,CIRCLIP,Tools,,PIANO STORE,29051100,NOS,0,0,0
TL1364,T3795BLOA/S06043,,CIRCLIP,Tools,,PIANO STORE,29051100,NOS,0,0,0
TL1365,T3775FMOA/S06043,,CIRCLIP,Tools,,PIANO STORE,29051100,NOS,0,0,0
TL1366,T3836BLOA/S06045,,CIRCLIP,Tools,,PIANO STORE,29051100,NOS,0,0,0
TL1367,T1754FM1A/S06045,,CIRCLIP,Tools,,PIANO STORE,29051100,NOS,0,0,0
TL1368,T2359FM2A/S06045,,CIRCLIP,Tools,,PIANO STORE,29051100,NOS,0,0,0
TL1369,T4690BLOA/S06058,,CLIP,Tools,,PIANO STORE,29051100,NOS,0,0,0
TL137,,,MS PIPE (INDIAN) OD DIA 70 ID 42 X 200MM,Tools,TOOLS,PIANO STORE,29051100,KGS,0,1,0
TL1370,T4694FMOA/S06058,,CLIP,Tools,,PIANO STORE,29051100,NOS,0,0,0
TL1371,T4691FMOA/S06058,,CLIP,Tools,,PIANO STORE,29051100,NOS,0,0,0
TL1372,T1867BLOA/S22001,,DOWEL PIN 5X44.5,Tools,,PIANO STORE,29051100,NOS,0,0,0
TL1373,T1563CROA/S22001,,DOWEL PIN 5X44.5,Tools,,PIANO STORE,29051100,NOS,0,0,0
TL1374,T1895CROA/S22001,,DOWEL PIN 5X44.5,Tools,,PIANO STORE,29051100,NOS,0,0,0
TL1375,T1563FMOA/S22001,,DOWEL PIN 5X44.5,Tools,,PIANO STORE,29051100,NOS,0,0,0
TL1376,T1967BLOA/S22002,,DOWEL PIN 4X44.5,Tools,,PIANO STORE,29051100,NOS,0,0,0
TL1377,T1965CROA/S22002,,DOWEL PIN 4X44.5,Tools,,PIANO STORE,29051100,NOS,0,0,0
TL1378,T1965CROB/S22002,,DOWEL PIN 4X44.5,Tools,,PIANO STORE,29051100,NOS,0,0,0
TL1379,T1597FM1A/S22002,,DOWEL PIN 4X44.5,Tools,,PIANO STORE,29051100,NOS,0,0,0
TL138,,,K-340 = 50X120X150,Tools,TOOLS,TOOL STORE,29051100,KGS,0,1,0
TL1380,T2137FM1A/S22002,,DOWEL PIN 4X44.5,Tools,,PIANO STORE,29051100,NOS,0,0,0
TL1381,T1966FMOA/S22002,,DOWEL PIN 4X44.5,Tools,,PIANO STORE,29051100,NOS,0,0,0
TL1382,T1966FMOB/S22002,,DOWEL PIN 4X44.5,Tools,,PIANO STORE,29051100,NOS,0,0,0
TL1383,T2077FM1A/S22004,,SPRING,Tools,,PIANO STORE,29051100,NOS,0,0,0
TL1384,T2077FMOA/S22004,,SPRING,Tools,,PIANO STORE,29051100,NOS,0,0,0
TL1385,T319BLOA/T01030X,,INT.CIRCLIP B35X1,Tools,,PIANO STORE,29051100,NOS,0,0,0
TL1386,T1771BLOA/T01030X,,INT.CIRCLIP B35X1,Tools,,PIANO STORE,29051100,NOS,0,0,0
TL1387,T1773HLOA/T01030X,,INT.CIRCLIP B35X1,Tools,,PIANO STORE,29051100,NOS,0,0,0
TL1388,T328BLOA/T01035X,,RING 4th GEAR,Tools,,PIANO STORE,29051100,NOS,0,0,0
TL1389,T329BLOA/T01035X,,RING 4th GEAR,Tools,,PIANO STORE,29051100,NOS,0,0,0
TL139,,,EN8 ROUND (IND) DIA 280X30 (2 NOS),Tools,TOOLS,PIANO STORE,29051100,KGS,0,1,0
TL1390,T1057BLOA/T01035X,,RING 4th GEAR,Tools,,PIANO STORE,29051100,NOS,0,0,0
TL1391,T331BLOA/T01035X,,RING 4th GEAR,Tools,,PIANO STORE,29051100,NOS,0,0,0
TL1392,T354FMOA/T01035X,,RING 4th GEAR,Tools,,PIANO STORE,29051100,NOS,0,0,0
TL1393,T1105BLOA/T01038X,,WASHER 8.5X19X2.3,Tools,,PIANO STORE,29051100,NOS,0,0,0
TL1394,T1023BLOA/T01038X,,WASHER 8.5X19X2.3,Tools,,PIANO STORE,29051100,NOS,0,0,0
TL1395,T1463BLOA/T01038X,,WASHER 8.5X19X2.3,Tools,,PIANO STORE,29051100,NOS,0,0,0
TL1396,T1167BLOA/T01038X,,WASHER 8.5X19X2.3,Tools,,PIANO STORE,29051100,NOS,0,0,0
TL1397,T1213BLOB/T01084Y/X01309,,CIRC.A 17X1,Tools,,PIANO STORE,29051100,NOS,0,0,0
TL1398,T1213BLOC/T01084Y/X01309,,CIRC.A 17X1,Tools,,PIANO STORE,29051100,NOS,0,0,0
TL1399,T1596BLOA/T01084Y/X01309,,CIRC.A 17X1,Tools,,PIANO STORE,29051100,NOS,0,0,0
TL140,,,EN8 FLAT (IND) 360X260X35MM (1 NOS),Tools,TOOLS,TOOL STORE,29051100,KGS,0,1,0
TL1400,T1759HLOA/T01084Y/X01309,,CIRC.A 17X1,Tools,,PIANO STORE,29051100,NOS,0,0,0
TL1401,T1759HLOE/T01084Y/X01309,,CIRC.A 17X1,Tools,,PIANO STORE,29051100,NOS,0,0,0
TL1402,T1098BLOA/T01090,,WASH. 17X24X1,Tools,,PIANO STORE,29051100,NOS,0,0,0
TL1403,T1435BLOA/T01090,,WASH. 17X24X1,Tools,,PIANO STORE,29051100,NOS,0,0,0
TL1404,T1363BLOA/T01095,,SHIM.17X24X0.5,Tools,,PIANO STORE,29051100,NOS,0,0,0
TL1405,T1592BLOB/T01095,,SHIM.17X24X0.5,Tools,,PIANO STORE,29051100,NOS,0,0,0
TL1406,T1803BLOC/T01095,,SHIM.17X24X0.5,Tools,,PIANO STORE,29051100,NOS,0,0,0
TL1407,T1803BLOD/T01095,,SHIM.17X24X0.5,Tools,,PIANO STORE,29051100,NOS,0,0,0
TL1408,T2109BLOE/T01095,,SHIM.17X24X0.5,Tools,,PIANO STORE,29051100,NOS,0,0,0
TL1409,T2283BLOF/T01095,,SHIM.17X24X0.5,Tools,,PIANO STORE,29051100,NOS,0,0,0
TL141,,,EN8 FLAT (IND) 360X260X40MM (1 NOS),Tools,TOOLS,PIANO STORE,29051100,KGS,0,1,0
TL1410,T2445BLOA/T01096,,E' CLIP 6X0.8,Tools,,PIANO STORE,29051100,NOS,0,0,0
TL1411,T1806FMOA/T01096,,E' CLIP 6X0.8,Tools,,PIANO STORE,29051100,NOS,0,0,0
TL1412,T2906BLOA/T03001,,RING E,Tools,,PIANO STORE,29051100,NOS,0,0,0
TL1413,T2906BLOB/T03001,,RING E,Tools,,PIANO STORE,29051100,NOS,0,0,0
TL1414,T2907BLOA/T03002,,NUT BUSH ON SPRING,Tools,,PIANO STORE,29051100,NOS,0,0,0
TL1415,T2899FMOA/T03002,,NUT BUSH ON SPRING,Tools,,PIANO STORE,29051100,NOS,0,0,0
TL1416,T2980BLOA/T03003,,CIRCLIP HINGE,Tools,,PIANO STORE,29051100,NOS,0,0,0
TL1417,T2938FMOA/T03003,,CIRCLIP HINGE,Tools,,PIANO STORE,29051100,NOS,0,0,0
TL1418,T3096BLOA/T03004,,E CLIP 5.0 (STD),Tools,,PIANO STORE,29051100,NOS,0,0,0
TL1419,T3096BLOB/T03004,,E CLIP 5.0 (STD),Tools,,PIANO STORE,29051100,NOS,0,0,0
TL142,,,OHNS FLAT (IMP) 13X100MM,Tools,TOOLS,PIANO STORE,29051100,KGS,0,1,0
TL1420,T3796PROA/T03005,,PLATE SPR.SUPT,Tools,,PIANO STORE,29051100,NOS,0,0,0
TL1421,T3445BLOA/T03006,,NUT SPRING,Tools,,PIANO STORE,29051100,NOS,0,0,0
TL1422,T3550BLOA/T03009,,PROCESS DOOR CHECK LH,Tools,,PIANO STORE,29051100,NOS,0,0,0
TL1423,T3517FMOA/T03009,,PROCESS DOOR CHECK LH,Tools,,PIANO STORE,29051100,NOS,0,0,0
TL1424,T3611FMOA/T03009,,PROCESS DOOR CHECK LH,Tools,,PIANO STORE,29051100,NOS,0,0,0
TL1425,T4291BLOA/T21001,,CLAMP STEERING HOLE,Tools,,PIANO STORE,29051100,NOS,0,0,0
TL1426,T4234FM1A/T21001,,CLAMP STEERING HOLE,Tools,,PIANO STORE,29051100,NOS,0,0,0
TL1427,T4514 FM1A/T21001,,CLAMP STEERING HOLE,Tools,,PIANO STORE,29051100,NOS,0,0,0
TL1428,T4235FM2A/T21001,,CLAMP STEERING HOLE,Tools,,PIANO STORE,29051100,NOS,0,0,0
TL1429,T4235FM2B/T21001,,CLAMP STEERING HOLE,Tools,,PIANO STORE,29051100,NOS,0,0,0
TL143,,,BALL BEARING BRUSH,Tools,TOOLS,PIANO STORE,29051100,NOS,0,1,0
TL1430,T4236FM3A/T21001,,CLAMP STEERING HOLE,Tools,,PIANO STORE,29051100,NOS,0,0,0
TL1431,T4236FM3B/T21001,,CLAMP STEERING HOLE,Tools,,PIANO STORE,29051100,NOS,0,0,0
TL1432,T4239EMOA/T21001,,CLAMP STEERING HOLE,Tools,,PIANO STORE,29051100,NOS,0,0,0
TL1433,T4237FM4A/T21001,,CLAMP STEERING HOLE,Tools,,PIANO STORE,29051100,NOS,0,0,0
TL1434,T4237FM4B/T21001,,CLAMP STEERING HOLE,Tools,,PIANO STORE,29051100,NOS,0,0,0
TL1435,T4238FM5A/T21001,,CLAMP STEERING HOLE,Tools,,PIANO STORE,29051100,NOS,0,0,0
TL1436,T4238FM5B/T21001,,CLAMP STEERING HOLE,Tools,,PIANO STORE,29051100,NOS,0,0,0
TL1437,T4422BLOA/T21002,,SHAFT GLOVE COMPARTMENT DOOR HINGE,Tools,,PIANO STORE,29051100,NOS,0,0,0
TL1438,T4328FM1A/T21002,,SHAFT GLOVE COMPARTMENT DOOR HINGE,Tools,,PIANO STORE,29051100,NOS,0,0,0
TL1439,T4329AFM2A/T21002,,SHAFT GLOVE COMPARTMENT DOOR HINGE,Tools,,PIANO STORE,29051100,NOS,0,0,0
TL144,,,EN8 FLAT (IMP) 40X270X330MM,Tools,TOOLS,TOOL STORE,29051100,NOS,0,1,0
TL1440,T4433BLOA/T21003,,SPRING CONSOLE DOOR,Tools,,PIANO STORE,29051100,NOS,0,0,0
TL1441,T4368FM1A/T21003,,SPRING CONSOLE DOOR,Tools,,PIANO STORE,29051100,NOS,0,0,0
TL1442,T4369AFM2A/T21003,,SPRING CONSOLE DOOR,Tools,,PIANO STORE,29051100,NOS,0,0,0
TL1443,T4434BLOA/T21004,,COLLAR,Tools,,PIANO STORE,29051100,NOS,0,0,0
TL1444,T4462CHOA/T21004,,COLLAR,Tools,,PIANO STORE,29051100,NOS,0,0,0
TL1445,T4408DROA/T21004,,COLLAR,Tools,,PIANO STORE,29051100,NOS,0,0,0
TL1446,T4481CHOA/T21004,,COLLAR,Tools,,PIANO STORE,29051100,NOS,0,0,0
TL1447,T4417SVOA/T21004,,COLLAR,Tools,,PIANO STORE,29051100,NOS,0,0,0
TL1448,T4533CUOA/T21004,,COLLAR,Tools,,PIANO STORE,29051100,NOS,0,0,0
TL1449,T2625BLOA/V11001,,ELASTIC WASHER,Tools,,PIANO STORE,29051100,NOS,0,0,0
TL145,,,OHNS PIPE OD 130 ID 90,Tools,TOOLS,TOOL STORE,29051100,KGS,0,1,0
TL1450,T2461FMOA/V11001,,ELASTIC WASHER,Tools,,PIANO STORE,29051100,NOS,0,0,0
TL1451,T2461FMOB/V11001,,ELASTIC WASHER,Tools,,PIANO STORE,29051100,NOS,0,0,0
TL1452,T2632BLOA/V11002,,ELASTIC WASHER,Tools,,PIANO STORE,29051100,NOS,0,0,0
TL1453,T2632BLOB/V11002,,ELASTIC WASHER,Tools,,PIANO STORE,29051100,NOS,0,0,0
TL1454,T2460FMOA/V11002,,ELASTIC WASHER,Tools,,PIANO STORE,29051100,NOS,0,0,0
TL1455,T2460FMOB/V11002,,ELASTIC WASHER,Tools,,PIANO STORE,29051100,NOS,0,0,0
TL1456,T2466BLOA/V11003,,ELASTIC WASHER,Tools,,PIANO STORE,29051100,NOS,0,0,0
TL1457,T2462FMOA/V11003,,ELASTIC WASHER,Tools,,PIANO STORE,29051100,NOS,0,0,0
TL1458,T2624BLOA/V11005,,ELASTIC WASHER,Tools,,PIANO STORE,29051100,NOS,0,0,0
TL1459,T2624BLOB/V11005,,ELASTIC WASHER,Tools,,PIANO STORE,29051100,NOS,0,0,0
TL146,,,INSERT TCMT 110204 FG CT3000,Tools,TOOLS,TOOL STORE,29051100,NOS,0,1,0
TL1460,T2503FMOA/V11005,,ELASTIC WASHER,Tools,,PIANO STORE,29051100,NOS,0,0,0
TL1461,T2503FMOB/V11005,,ELASTIC WASHER,Tools,,PIANO STORE,29051100,NOS,0,0,0
TL1462,T2599BLOA/V11007,,WASHER,Tools,,PIANO STORE,29051100,NOS,0,0,0
TL1463,T2599BLOB/V11007,,WASHER,Tools,,PIANO STORE,29051100,NOS,0,0,0
TL1464,T2604BLOA/V11008,,WASHER,Tools,,PIANO STORE,29051100,NOS,0,0,0
TL1465,T2598FMOA/V11008,,WASHER,Tools,,PIANO STORE,29051100,NOS,0,0,0
TL1466,T2598FMOB/V11008,,WASHER,Tools,,PIANO STORE,29051100,NOS,0,0,0
TL1467,T2675BLOA/V11009,,WASHER,Tools,,PIANO STORE,29051100,NOS,0,0,0
TL1468,T2618FMOA/V11009,,WASHER,Tools,,PIANO STORE,29051100,NOS,0,0,0
TL1469,T2734BLOA/V11015,,CLIP,Tools,,PIANO STORE,29051100,NOS,0,0,0
TL147,,,INSERT TCMT 110204 FG TT5080,Tools,TOOLS,TOOL STORE,29051100,NOS,0,1,0
TL1470,T2712FMOA/V11015,,CLIP,Tools,,PIANO STORE,29051100,NOS,0,0,0
TL1471,T2725BLOA/V11016,,DRIVE STRAP,Tools,,PIANO STORE,29051100,NOS,0,0,0
TL1472,T2792BLOA/V11016,,DRIVE STRAP,Tools,,PIANO STORE,29051100,NOS,0,0,0
TL1473,T2792BLOB/V11016,,DRIVE STRAP,Tools,,PIANO STORE,29051100,NOS,0,0,0
TL1474,T3241BLOA/V11016,,DRIVE STRAP,Tools,,PIANO STORE,29051100,NOS,0,0,0
TL1475,T3241BLOB/V11016,,DRIVE STRAP,Tools,,PIANO STORE,29051100,NOS,0,0,0
TL1476,T3241BLOC/V11016,,DRIVE STRAP,Tools,,PIANO STORE,29051100,NOS,0,0,0
TL1477,T3241BLOD/V11016,,DRIVE STRAP,Tools,,PIANO STORE,29051100,NOS,0,0,0
TL1478,T3241BLOE/V11016,,DRIVE STRAP,Tools,,PIANO STORE,29051100,NOS,0,0,0
TL1479,T4287MFOA-BL A/V11016,,DRIVE STRAP,Tools,,PIANO STORE,29051100,NOS,0,0,0
TL148,,,INSERT CNMG 120408 GS TT5080,Tools,TOOLS,TOOL STORE,29051100,NOS,0,1,0
TL1480,T4287MFOA-BL B/V11016,,DRIVE STRAP,Tools,,PIANO STORE,29051100,NOS,0,0,0
TL1481,T4287MFOA-BL C/V11016,,DRIVE STRAP,Tools,,PIANO STORE,29051100,NOS,0,0,0
TL1482,T4287MFOA-BL D/V11016,,DRIVE STRAP,Tools,,PIANO STORE,29051100,NOS,0,0,0
TL1483,T4287MFOA-BL E/V11016,,DRIVE STRAP,Tools,,PIANO STORE,29051100,NOS,0,0,0
TL1484,T3013BLOA /V11022,,DRIVE STRAP,Tools,,PIANO STORE,29051100,NOS,0,0,0
TL1485,T3013BLOB /V11022,,DRIVE STRAP,Tools,,PIANO STORE,29051100,NOS,0,0,0
TL1486,T3039BLOA/V11023,,DRIVE STRAP,Tools,,PIANO STORE,29051100,NOS,0,0,0
TL1487,T3039BLOB/V11023,,DRIVE STRAP,Tools,,PIANO STORE,29051100,NOS,0,0,0
TL1488,T3039BLOC/V11023,,DRIVE STRAP,Tools,,PIANO STORE,29051100,NOS,0,0,0
TL1489,T3039BLOD/V11023,,DRIVE STRAP,Tools,,PIANO STORE,29051100,NOS,0,0,0
TL149,,,INSERT VNGG 160404 ML TT5080,Tools,TOOLS,TOOL STORE,29051100,NOS,0,1,0
TL1490,T4161BLOA/V11023,,DRIVE STRAP,Tools,,PIANO STORE,29051100,NOS,0,0,0
TL1491,T4225MFOA-BL/V11023,,DRIVE STRAP,Tools,,PIANO STORE,29051100,NOS,0,0,0
TL1492,T4225MFOB-BL/V11023,,DRIVE STRAP,Tools,,PIANO STORE,29051100,NOS,0,0,0
TL1493,T3015BLOA/V11024,,DRIVE STRAP,Tools,,PIANO STORE,29051100,NOS,0,0,0
TL1494,T3015BLOB/V11024,,DRIVE STRAP,Tools,,PIANO STORE,29051100,NOS,0,0,0
TL1495,T2913BLOA/V11026,,ELASTIC WASHER,Tools,,PIANO STORE,29051100,NOS,0,0,0
TL1496,T2892FMOA/V11026,,ELASTIC WASHER,Tools,,PIANO STORE,29051100,NOS,0,0,0
TL1497,T3003 OT/V11026,,ELASTIC WASHER,Tools,,PIANO STORE,29051100,NOS,0,0,0
TL1498,T3031BLOA/V11027,,DRIVE STRAP,Tools,,PIANO STORE,29051100,NOS,0,0,0
TL1499,T3031BLOB/V11027,,DRIVE STRAP,Tools,,PIANO STORE,29051100,NOS,0,0,0
TL150,,,END MILL DIA 8MM X R 0.5 X 4 FLUTE,Tools,TOOLS,TOOL STORE,29051100,NOS,0,1,0
TL1500,T3373FMOA/V11027,,DRIVE STRAP,Tools,,PIANO STORE,29051100,NOS,0,0,0
TL1501,T2919BLOA/V11028,,BALANCING CLIP,Tools,,PIANO STORE,29051100,NOS,0,0,0
TL1502,T2917 FM1A/V11028,,BALANCING CLIP,Tools,,PIANO STORE,29051100,NOS,0,0,0
TL1503,T2917 FM1B/V11028,,BALANCING CLIP,Tools,,PIANO STORE,29051100,NOS,0,0,0
TL1504,T2905FM2A/V11028,,BALANCING CLIP,Tools,,PIANO STORE,29051100,NOS,0,0,0
TL1505,T2905FM2B/V11028,,BALANCING CLIP,Tools,,PIANO STORE,29051100,NOS,0,0,0
TL1506,T2964SZOA/V11028,,BALANCING CLIP,Tools,,PIANO STORE,29051100,NOS,0,0,0
TL1507,T3053BLOA/V11029,,DRIVE STRAP,Tools,,PIANO STORE,29051100,NOS,0,0,0
TL1508,T3053BLOB/V11029,,DRIVE STRAP,Tools,,PIANO STORE,29051100,NOS,0,0,0
TL1509,T2949BLOA/V11029,,DRIVE STRAP,Tools,,PIANO STORE,29051100,NOS,0,0,0
TL151,,,H13 DIA 132 MM,Tools,TOOLS,TOOL STORE,29051100,KGS,0,1,0
TL1510,T2949BLOB/V11029,,DRIVE STRAP,Tools,,PIANO STORE,29051100,NOS,0,0,0
TL1511,T2877BLOA /V11030,,STOP RING,Tools,,PIANO STORE,29051100,NOS,0,0,0
TL1512,T2870BLOA /V11031,,CIRCLIP,Tools,,PIANO STORE,29051100,NOS,0,0,0
TL1513,T2918BLOA/V11032,,DRIVE WASHER,Tools,,PIANO STORE,29051100,NOS,0,0,0
TL1514,T2918BLOB/V11032,,DRIVE WASHER,Tools,,PIANO STORE,29051100,NOS,0,0,0
TL1515,T2878FMOA/V11032,,DRIVE WASHER,Tools,,PIANO STORE,29051100,NOS,0,0,0
TL1516,T2878FMOB/V11032,,DRIVE WASHER,Tools,,PIANO STORE,29051100,NOS,0,0,0
TL1517,T2869BLOA /V11033,,E -CLIP 12,Tools,,PIANO STORE,29051100,NOS,0,0,0
TL1518,T2956BLOA/V11034,,LOCK WASHER,Tools,,PIANO STORE,29051100,NOS,0,0,0
TL1519,T2874FMOA/V11034,,LOCK WASHER,Tools,,PIANO STORE,29051100,NOS,0,0,0
TL152,,,OHNS FLAT (IMP) DIA 25 X 50 MM (3 MTR),Tools,TOOLS,TOOL STORE,29051100,KGS,0,1,0
TL1520,T2874FMOB/V11034,,LOCK WASHER,Tools,,PIANO STORE,29051100,NOS,0,0,0
TL1521,T2915BLOA/V11035,,CENTERING PIN 12X15,Tools,,PIANO STORE,29051100,NOS,0,0,0
TL1522,T2885FM1A/V11035,,CENTERING PIN 12X15,Tools,,PIANO STORE,29051100,NOS,0,0,0
TL1523,T2888FMOA/V11035,,CENTERING PIN 12X15,Tools,,PIANO STORE,29051100,NOS,0,0,0
TL1524,T3127CHOA/V11035,,CENTERING PIN 12X15,Tools,,PIANO STORE,29051100,NOS,0,0,0
TL1525,T2466BLOA/V11036,,ELASTIC WASHER,Tools,,PIANO STORE,29051100,NOS,0,0,0
TL1526,T2466BLOB/V11036,,ELASTIC WASHER,Tools,,PIANO STORE,29051100,NOS,0,0,0
TL1527,T3365BLOA/V11036,,ELASTIC WASHER,Tools,,PIANO STORE,29051100,NOS,0,0,0
TL1528,T3365BLOB/V11036,,ELASTIC WASHER,Tools,,PIANO STORE,29051100,NOS,0,0,0
TL1529,T3365BLOC/V11036,,ELASTIC WASHER,Tools,,PIANO STORE,29051100,NOS,0,0,0
TL153,T0456BLOA/B14028,,EXT. CIRCLIP,Tools,BLANKING,PIANO STORE,29051100,NOS,0,0,0
TL1530,T3150FMOA/V11036,,ELASTIC WASHER,Tools,,PIANO STORE,29051100,NOS,0,0,0
TL1531,T3150FMOB/V11036,,ELASTIC WASHER,Tools,,PIANO STORE,29051100,NOS,0,0,0
TL1532,T2921BLOA/V11037,,PLAIN WASHER,Tools,,PIANO STORE,29051100,NOS,0,0,0
TL1533,T2924BLOA/V11038,,ELASTIC WASHER,Tools,,PIANO STORE,29051100,NOS,0,0,0
TL1534,T2965FMOA/V11038,,ELASTIC WASHER,Tools,,PIANO STORE,29051100,NOS,0,0,0
TL1535,T2920BLOA/V11039,,ELASTIC WASHER,Tools,,PIANO STORE,29051100,NOS,0,0,0
TL1536,T2985FMOA/V11039,,ELASTIC WASHER,Tools,,PIANO STORE,29051100,NOS,0,0,0
TL1537,T2941BLOA/V11040,,ELASTIC WASHER,Tools,,PIANO STORE,29051100,NOS,0,0,0
TL1538,T3000FMOA/V11040,,ELASTIC WASHER,Tools,,PIANO STORE,29051100,NOS,0,0,0
TL1539,T2922BLOA/V11041,,ELASTIC WASHER,Tools,,PIANO STORE,29051100,NOS,0,0,0
TL154,T2273BLOA/B14028,,EXT. CIRCLIP,Tools,BLANKING,PIANO STORE,29051100,NOS,0,0,0
TL1540,T2966FMOA/V11041,,ELASTIC WASHER,Tools,,PIANO STORE,29051100,NOS,0,0,0
TL1541,T2923BLOA/V11042,,WAVE WASHER,Tools,,PIANO STORE,29051100,NOS,0,0,0
TL1542,T3008FMOA/V11042,,WAVE WASHER,Tools,,PIANO STORE,29051100,NOS,0,0,0
TL1543,T3023BLOA/V11043,,ELASTIC WASHER,Tools,,PIANO STORE,29051100,NOS,0,0,0
TL1544,T3014FMOA/V11043,,ELASTIC WASHER,Tools,,PIANO STORE,29051100,NOS,0,0,0
TL1545,T2981BLOA/V11044,,ELASTIC WASHER,Tools,,PIANO STORE,29051100,NOS,0,0,0
TL1546,T2982FMOA/V11044,,ELASTIC WASHER,Tools,,PIANO STORE,29051100,NOS,0,0,0
TL1547,T3009BLOA/V11045,,ELASTIC WASHER,Tools,,PIANO STORE,29051100,NOS,0,0,0
TL1548,T3033FMOA/V11045,,ELASTIC WASHER,Tools,,PIANO STORE,29051100,NOS,0,0,0
TL1549,T3055BLOA/V11046,,ELASTIC WASHER,Tools,,PIANO STORE,29051100,NOS,0,0,0
TL155,T2273BLOB/B14028,,EXT. CIRCLIP,Tools,BLANKING,PIANO STORE,29051100,NOS,0,0,0
TL1550,T3032FMOA/V11046,,ELASTIC WASHER,Tools,,PIANO STORE,29051100,NOS,0,0,0
TL1551,T2930 BLOA/V11047,,ELASTIC WASHER,Tools,,PIANO STORE,29051100,NOS,0,0,0
TL1552,T2931FMOA/V11047,,ELASTIC WASHER,Tools,,PIANO STORE,29051100,NOS,0,0,0
TL1553,T2632BLOA/V11049,,ELASTIC WASHER,Tools,,PIANO STORE,29051100,NOS,0,0,0
TL1554,T3004FMOA/V11049,,ELASTIC WASHER,Tools,,PIANO STORE,29051100,NOS,0,0,0
TL1555,T2975BLOA/V11050,,DRIVE STRAP,Tools,,PIANO STORE,29051100,NOS,0,0,0
TL1556,T2975BLOB/V11050,,DRIVE STRAP,Tools,,PIANO STORE,29051100,NOS,0,0,0
TL1557,T2975BLOC/V11050,,DRIVE STRAP,Tools,,PIANO STORE,29051100,NOS,0,0,0
TL1558,T3027BLOA/V11051/67,,ED HOOK,Tools,,PIANO STORE,29051100,NOS,0,0,0
TL1559,T3027BLOB/V11051/67,,ED HOOK,Tools,,PIANO STORE,29051100,NOS,0,0,0
TL156,T0457HLOA/B14028,,EXT. CIRCLIP,Tools,HOLING,PIANO STORE,29051100,NOS,0,0,0
TL1560,T3027BLOC/V11051/67,,ED HOOK,Tools,,PIANO STORE,29051100,NOS,0,0,0
TL1561,T3027BLOD/V11051/67,,ED HOOK,Tools,,PIANO STORE,29051100,NOS,0,0,0
TL1562,T3027BLOE/V11051/67,,ED HOOK,Tools,,PIANO STORE,29051100,NOS,0,0,0
TL1563,T2996FM1A/V11051/67,,ED HOOK,Tools,,PIANO STORE,29051100,NOS,0,0,0
TL1564,T2996FM1B/V11051/67,,ED HOOK,Tools,,PIANO STORE,29051100,NOS,0,0,0
TL1565,T2996FM1C/V11051/67,,ED HOOK,Tools,,PIANO STORE,29051100,NOS,0,0,0
TL1566,T2996FM1D/V11051/67,,ED HOOK,Tools,,PIANO STORE,29051100,NOS,0,0,0
TL1567,T2996FM1E/V11051/67,,ED HOOK,Tools,,PIANO STORE,29051100,NOS,0,0,0
TL1568,T3006FM2A/V11051/67,,ED HOOK,Tools,,PIANO STORE,29051100,NOS,0,0,0
TL1569,T3006FM2B/V11051/67,,ED HOOK,Tools,,PIANO STORE,29051100,NOS,0,0,0
TL157,T1242HLOA/B14028,,EXT. CIRCLIP,Tools,HOLING,PIANO STORE,29051100,NOS,0,0,0
TL1570,T3006FM2C/V11051/67,,ED HOOK,Tools,,PIANO STORE,29051100,NOS,0,0,0
TL1571,T3006FM2D/V11051/67,,ED HOOK,Tools,,PIANO STORE,29051100,NOS,0,0,0
TL1572,T3006FM2E/V11051/67,,ED HOOK,Tools,,PIANO STORE,29051100,NOS,0,0,0
TL1573,T4231CHOA/V11051/67,,ED HOOK,Tools,,PIANO STORE,29051100,NOS,0,0,0
TL1574,T4231CHOB/V11051/67,,ED HOOK,Tools,,PIANO STORE,29051100,NOS,0,0,0
TL1575,T4231CHOC/V11051/67,,ED HOOK,Tools,,PIANO STORE,29051100,NOS,0,0,0
TL1576,T4231CHOD/V11051/67,,ED HOOK,Tools,,PIANO STORE,29051100,NOS,0,0,0
TL1577,T4231CHOE/V11051/67,,ED HOOK,Tools,,PIANO STORE,29051100,NOS,0,0,0
TL1578,T3019TH1A/V11053,,ED HOOK,Tools,,PIANO STORE,29051100,NOS,0,0,0
TL1579,T3019TH1B/V11053,,ED HOOK,Tools,,PIANO STORE,29051100,NOS,0,0,0
TL158,T1420HLOA/B14028,,EXT. CIRCLIP,Tools,HOLING,PIANO STORE,29051100,NOS,0,0,0
TL1580,T3019TH1C/V11053,,ED HOOK,Tools,,PIANO STORE,29051100,NOS,0,0,0
TL1581,T3019TH1D/V11053,,ED HOOK,Tools,,PIANO STORE,29051100,NOS,0,0,0
TL1582,T3078BLOA/V11054,,ELASTIC WASHER,Tools,,PIANO STORE,29051100,NOS,0,0,0
TL1583,T3078BLOB/V11054,,ELASTIC WASHER,Tools,,PIANO STORE,29051100,NOS,0,0,0
TL1584,T3189FMOA/V11054,,ELASTIC WASHER,Tools,,PIANO STORE,29051100,NOS,0,0,0
TL1585,T3189FMOB/V11054,,ELASTIC WASHER,Tools,,PIANO STORE,29051100,NOS,0,0,0
TL1586,T2675BLOA /V11056,,ELASTIC WASHER,Tools,,PIANO STORE,29051100,NOS,0,0,0
TL1587,T2618FMOA/V11056,,ELASTIC WASHER,Tools,,PIANO STORE,29051100,NOS,0,0,0
TL1588,T3089FMOA/V11056,,ELASTIC WASHER,Tools,,PIANO STORE,29051100,NOS,0,0,0
TL1589,T3089FMOB/V11056,,ELASTIC WASHER,Tools,,PIANO STORE,29051100,NOS,0,0,0
TL159,T1625HLOA/B14028,,EXT. CIRCLIP,Tools,HOLING,PIANO STORE,29051100,NOS,0,0,0
TL1590,T3305BLOA/V11063,,ELASTIC WASHER,Tools,,PIANO STORE,29051100,NOS,0,0,0
TL1591,T3305BLOB/V11063,,ELASTIC WASHER,Tools,,PIANO STORE,29051100,NOS,0,0,0
TL1592,T3312FMOA/V11063,,ELASTIC WASHER,Tools,,PIANO STORE,29051100,NOS,0,0,0
TL1593,T2675BLOA/V11065,,ELASTIC WASHER,Tools,,PIANO STORE,29051100,NOS,0,0,0
TL1594,T2618FMOA/V11065,,ELASTIC WASHER,Tools,,PIANO STORE,29051100,NOS,0,0,0
TL1595,T3371BLOA/V11066,,MAGNET STAPLE D6G,Tools,,PIANO STORE,29051100,NOS,0,0,0
TL1596,T3402BLOA/V11080,,LOWER MAGNETIC DISK,Tools,,PIANO STORE,29051100,NOS,0,0,0
TL1597,T3402BLOB/V11080,,LOWER MAGNETIC DISK,Tools,,PIANO STORE,29051100,NOS,0,0,0
TL1598,T3404HLOA/V11080,,LOWER MAGNETIC DISK,Tools,,PIANO STORE,29051100,NOS,0,0,0
TL1599,T3404HLOB/V11080,,LOWER MAGNETIC DISK,Tools,,PIANO STORE,29051100,NOS,0,0,0
TL160,T1625HLOB/B14028,,EXT. CIRCLIP,Tools,HOLING,PIANO STORE,29051100,NOS,0,0,0
TL1600,T3401SVOA/V11080,,LOWER MAGNETIC DISK,Tools,,PIANO STORE,29051100,NOS,0,0,0
TL1601,T3982SVOA/V11080,,LOWER MAGNETIC DISK,Tools,,PIANO STORE,29051100,NOS,0,0,0
TL1602,T3982SVOB/V11080,,LOWER MAGNETIC DISK,Tools,,PIANO STORE,29051100,NOS,0,0,0
TL1603,T3407SVOA/V11080,,LOWER MAGNETIC DISK,Tools,,PIANO STORE,29051100,NOS,0,0,0
TL1604,T3407SVOB/V11080,,LOWER MAGNETIC DISK,Tools,,PIANO STORE,29051100,NOS,0,0,0
TL1605,T3597SVOB/V11080,,LOWER MAGNETIC DISK,Tools,,PIANO STORE,29051100,NOS,0,0,0
TL1606,T3454BLOA/V11081,,MAGNETIC CASE,Tools,,PIANO STORE,29051100,NOS,0,0,0
TL1607,T3341FM1A/V11081,,MAGNETIC CASE,Tools,,PIANO STORE,29051100,NOS,0,0,0
TL1608,T3343FMOA/V11081,,MAGNETIC CASE,Tools,,PIANO STORE,29051100,NOS,0,0,0
TL1609,T3481SZOA/V11081,,MAGNETIC CASE,Tools,,PIANO STORE,29051100,NOS,0,0,0
TL161,T1308BLOA/ A05001V,,WASHER F.W.51X96,Tools,BLANKING,PIANO STORE,29051100,NOS,0,0,0
TL1610,T3417BLOA/V11082,,EXTERNAL CASE,Tools,,PIANO STORE,29051100,NOS,0,0,0
TL1611,T3414DR1A/V11082,,EXTERNAL CASE,Tools,,PIANO STORE,29051100,NOS,0,0,0
TL1612,T2007DR2A/V11082,,EXTERNAL CASE,Tools,,PIANO STORE,29051100,NOS,0,0,0
TL1613,T3415DR3A/V11082,,EXTERNAL CASE,Tools,,PIANO STORE,29051100,NOS,0,0,0
TL1614,T3416TROA/V11082,,EXTERNAL CASE,Tools,,PIANO STORE,29051100,NOS,0,0,0
TL1615,T3516HLOA/V11082,,EXTERNAL CASE,Tools,,PIANO STORE,29051100,NOS,0,0,0
TL1616,T3619SZOA/V11082,,EXTERNAL CASE,Tools,,PIANO STORE,29051100,NOS,0,0,0
TL1617,T3426BLOA/V11083,,UPPER MAGNETIC DISK,Tools,,PIANO STORE,29051100,NOS,0,0,0
TL1618,T3426BLOB/V11083,,UPPER MAGNETIC DISK,Tools,,PIANO STORE,29051100,NOS,0,0,0
TL1619,T3425SVOA/V11083,,UPPER MAGNETIC DISK,Tools,,PIANO STORE,29051100,NOS,0,0,0
TL162,T382HLOA/ A05001V,,WASHER F.W.51X96,Tools,HOLING,PIANO STORE,29051100,NOS,0,0,0
TL1620,T3437SVOA/V11083,,UPPER MAGNETIC DISK,Tools,,PIANO STORE,29051100,NOS,0,0,0
TL1621,T3431PEOA/V11083,,UPPER MAGNETIC DISK,Tools,,PIANO STORE,29051100,NOS,0,0,0
TL1622,T3431PEOB/V11083,,UPPER MAGNETIC DISK,Tools,,PIANO STORE,29051100,NOS,0,0,0
TL1623,T3403BLOA/V11084,,HEAT SINK FOR MWB PACKAGED BRUSH HOLDER,Tools,,PIANO STORE,29051100,NOS,0,0,0
TL1624,T3405CHOA/V11084,,HEAT SINK FOR MWB PACKAGED BRUSH HOLDER,Tools,,PIANO STORE,29051100,NOS,0,0,0
TL1625,T3389BLOA/V11090,,MT DAMPER CUSHION BI-SEGMENT DIA271,Tools,,PIANO STORE,29051100,NOS,0,0,0
TL1626,T3379FMOA/V11090,,MT DAMPER CUSHION BI-SEGMENT DIA271,Tools,,PIANO STORE,29051100,NOS,0,0,0
TL1627,T3456HLOA/V11090,,MT DAMPER CUSHION BI-SEGMENT DIA271,Tools,,PIANO STORE,29051100,NOS,0,0,0
TL1628,T3670HLOB/V11090,,MT DAMPER CUSHION BI-SEGMENT DIA271,Tools,,PIANO STORE,29051100,NOS,0,0,0
TL1629,T3452BLOA/V11091,,DAMPER DW CUSHION ¢271,Tools,,PIANO STORE,29051100,NOS,0,0,0
TL163,T383FMOA/ A05001V,,WASHER F.W.51X96,Tools,FORMING,PIANO STORE,29051100,NOS,0,0,0
TL1630,T3452BLOB/V11091,,DAMPER DW CUSHION ¢271,Tools,,PIANO STORE,29051100,NOS,0,0,0
TL1631,T3388FMOA/V11091,,DAMPER DW CUSHION ¢271,Tools,,PIANO STORE,29051100,NOS,0,0,0
TL1632,T3388FMOB/V11091,,DAMPER DW CUSHION ¢271,Tools,,PIANO STORE,29051100,NOS,0,0,0
TL1633,T3453HLOA/V11091,,DAMPER DW CUSHION ¢271,Tools,,PIANO STORE,29051100,NOS,0,0,0
TL1634,T3453HLOB/V11091,,DAMPER DW CUSHION ¢271,Tools,,PIANO STORE,29051100,NOS,0,0,0
TL1635,T3451BLOA/V11096,,DRIVE STRAP,Tools,,PIANO STORE,29051100,NOS,0,0,0
TL1636,T3462BLOA/V11097,,SNAP RING,Tools,,PIANO STORE,29051100,NOS,0,0,0
TL1637,T3366HLOA/V11097,,SNAP RING,Tools,,PIANO STORE,29051100,NOS,0,0,0
TL1638,T3455BLOA/V11098,,TOOTH WASHER TB,Tools,,PIANO STORE,29051100,NOS,0,0,0
TL1639,T3463BLOA/V11099,,ELASTIC WAVE WASHER,Tools,,PIANO STORE,29051100,NOS,0,0,0
TL164,T1282BLOA/ A05005V,,WASHER 47X72X1,Tools,BLANKING,PIANO STORE,29051100,NOS,0,0,0
TL1640,T3460FMOA/V11099,,ELASTIC WAVE WASHER,Tools,,PIANO STORE,29051100,NOS,0,0,0
TL1641,T3475BLOA/V11103,,STOP RING,Tools,,PIANO STORE,29051100,NOS,0,0,0
TL1642,T3816FMOA/V11103,,STOP RING,Tools,,PIANO STORE,29051100,NOS,0,0,0
TL1643,T3816FMOB/V11103,,STOP RING,Tools,,PIANO STORE,29051100,NOS,0,0,0
TL1644,T3543BLOA/V11104,,TSL INDUCTOR YOKE,Tools,,PIANO STORE,29051100,NOS,0,0,0
TL1645,T3543BLOB/V11104,,TSL INDUCTOR YOKE,Tools,,PIANO STORE,29051100,NOS,0,0,0
TL1646,T3764HLOA/V11104,,TSL INDUCTOR YOKE,Tools,,PIANO STORE,29051100,NOS,0,0,0
TL1647,T3523EMOA/V11104,,TSL INDUCTOR YOKE,Tools,,PIANO STORE,29051100,NOS,0,0,0
TL1648,T3523EMOB/V11104,,TSL INDUCTOR YOKE,Tools,,PIANO STORE,29051100,NOS,0,0,0
TL1649,T3664FMOA/V11104,,TSL INDUCTOR YOKE,Tools,,PIANO STORE,29051100,NOS,0,0,0
TL165,T397BLOA/ A05009V,,T. SPRING 0.6,Tools,BLANKING,PIANO STORE,29051100,NOS,0,0,0
TL1650,T3658FM1A/V11104,,TSL INDUCTOR YOKE,Tools,,PIANO STORE,29051100,NOS,0,0,0
TL1651,T3658FM1B/V11104,,TSL INDUCTOR YOKE,Tools,,PIANO STORE,29051100,NOS,0,0,0
TL1652,T3660ROOA/V11104,,TSL INDUCTOR YOKE,Tools,,PIANO STORE,29051100,NOS,0,0,0
TL1653,T3525FM2A/V11104,,TSL INDUCTOR YOKE,Tools,,PIANO STORE,29051100,NOS,0,0,0
TL1654,T3525FM2B/V11104,,TSL INDUCTOR YOKE,Tools,,PIANO STORE,29051100,NOS,0,0,0
TL1655,T3532BLOA/V11105,,ELASTIC WASHER,Tools,,PIANO STORE,29051100,NOS,0,0,0
TL1656,T3494FMOA/V11105,,ELASTIC WASHER,Tools,,PIANO STORE,29051100,NOS,0,0,0
TL1657,T3495TROA/V11105,,ELASTIC WASHER,Tools,,PIANO STORE,29051100,NOS,0,0,0
TL1658,T3599BLOA/V11107,,ELASTIC WASHER,Tools,,PIANO STORE,29051100,NOS,0,0,0
TL1659,T3600FMOA/V11107,,ELASTIC WASHER,Tools,,PIANO STORE,29051100,NOS,0,0,0
TL166,T2428FMOA/ A05009V,,T. SPRING 0.6,Tools,FORMING,PIANO STORE,29051100,NOS,0,0,0
TL1660,T3601BLOA/V11114,,STRAP PLATE,Tools,,PIANO STORE,29051100,NOS,0,0,0
TL1661,T3601BLOB/V11114,,STRAP PLATE,Tools,,PIANO STORE,29051100,NOS,0,0,0
TL1662,T3601BLOC/V11114,,STRAP PLATE,Tools,,PIANO STORE,29051100,NOS,0,0,0
TL1663,T4240SZOA/V11120,,CASE,Tools,,PIANO STORE,29051100,NOS,0,0,0
TL1664,T3715BLOA/V11121,,CASE,Tools,,PIANO STORE,29051100,NOS,0,0,0
TL1665,T3715BLOB/V11121,,CASE,Tools,,PIANO STORE,29051100,NOS,0,0,0
TL1666,T3689FM1A/V11121,,CASE,Tools,,PIANO STORE,29051100,NOS,0,0,0
TL1667,T3689FM1B/V11121,,CASE,Tools,,PIANO STORE,29051100,NOS,0,0,0
TL1668,T3692FM2A/V11121,,CASE,Tools,,PIANO STORE,29051100,NOS,0,0,0
TL1669,T3693 FM3A/V11121,,CASE,Tools,,PIANO STORE,29051100,NOS,0,0,0
TL167,T1117BLOA/ B14026,,E RING,Tools,BLANKING,PIANO STORE,29051100,NOS,0,0,0
TL1670,T3693 FM3B/V11121,,CASE,Tools,,PIANO STORE,29051100,NOS,0,0,0
TL1671,"T4009FL1A,B/V11121",,CASE,Tools,,PIANO STORE,29051100,NOS,0,0,0
TL1672,"T4009FL1A,B/V11121",,CASE,Tools,,PIANO STORE,29051100,NOS,0,0,0
TL1673,"T3700FL2A,B/V11121",,CASE,Tools,,PIANO STORE,29051100,NOS,0,0,0
TL1674,"T3700FL2A,B/V11121",,CASE,Tools,,PIANO STORE,29051100,NOS,0,0,0
TL1675,"T3690EMOA,B/V11121",,CASE,Tools,,PIANO STORE,29051100,NOS,0,0,0
TL1676,"T3690EMOA,B/V11121",,CASE,Tools,,PIANO STORE,29051100,NOS,0,0,0
TL1677,T3698PEOA/V11121,,CASE,Tools,,PIANO STORE,29051100,NOS,0,0,0
TL1678,T4440FM1A/V11121,,CASE HYDRAULIC M/C,Tools,,PIANO STORE,29051100,NOS,0,0,0
TL1679,T4435FM2A/V11121,,CASE HYDRAULIC M/C,Tools,,PIANO STORE,29051100,NOS,0,0,0
TL168,T4442BLOA/ B14060/61,,SHIM LH/SHIM RH,Tools,BLANKING,PIANO STORE,29051100,NOS,0,0,0
TL1680,T4292FM3A/V11121,,CASE HYDRAULIC M/C,Tools,,PIANO STORE,29051100,NOS,0,0,0
TL1681,T3682BLOA/V11122,,FRONT MAGNETIC CORE,Tools,,PIANO STORE,29051100,NOS,0,0,0
TL1682,T3682BLOB/V11122,,FRONT MAGNETIC CORE,Tools,,PIANO STORE,29051100,NOS,0,0,0
TL1683,T3684SVOA/V11122,,FRONT MAGNETIC CORE,Tools,,PIANO STORE,29051100,NOS,0,0,0
TL1684,T3686EMOA/V11122,,FRONT MAGNETIC CORE,Tools,,PIANO STORE,29051100,NOS,0,0,0
TL1685,T3906CHOA/V11122,,FRONT MAGNETIC CORE,Tools,,PIANO STORE,29051100,NOS,0,0,0
TL1686,T3710 A/V11123,,MAGNETIC SUB ASSLY,Tools,,PIANO STORE,29051100,NOS,0,0,0
TL1687,T3710 B/V11123,,MAGNETIC SUB ASSLY,Tools,,PIANO STORE,29051100,NOS,0,0,0
TL1688,T3926BLOA/V11128,,CASSETTE SUPPORT,Tools,,PIANO STORE,29051100,NOS,0,0,0
TL1689,T3926BLOB/V11128,,CASSETTE SUPPORT,Tools,,PIANO STORE,29051100,NOS,0,0,0
TL169,T102BLOA/ D01002X,,LOCK CLIP (B) 0.5,Tools,BLANKING,PIANO STORE,29051100,NOS,0,0,0
TL1690,T3952CHOA/V11128,,CASSETTE SUPPORT,Tools,,PIANO STORE,29051100,NOS,0,0,0
TL1691,T3952CHOB/V11128,,CASSETTE SUPPORT,Tools,,PIANO STORE,29051100,NOS,0,0,0
TL1692,T3915FMOA/V11128,,CASSETTE SUPPORT,Tools,,PIANO STORE,29051100,NOS,0,0,0
TL1693,T3915FMOB/V11128,,CASSETTE SUPPORT,Tools,,PIANO STORE,29051100,NOS,0,0,0
TL1694,T3915FMOC/V11128,,CASSETTE SUPPORT,Tools,,PIANO STORE,29051100,NOS,0,0,0
TL1695,T4019PE3A/V11128,,CASSETTE SUPPORT,Tools,,PIANO STORE,29051100,NOS,0,0,0
TL1696,T4019PE3B/V11128,,CASSETTE SUPPORT,Tools,,PIANO STORE,29051100,NOS,0,0,0
TL1697,T4019PE3C/V11128,,CASSETTE SUPPORT,Tools,,PIANO STORE,29051100,NOS,0,0,0
TL1698,T4048PE4A/V11128,,CASSETTE SUPPORT,Tools,,PIANO STORE,29051100,NOS,0,0,0
TL1699,T4048PE4B/V11128,,CASSETTE SUPPORT,Tools,,PIANO STORE,29051100,NOS,0,0,0
TL170,T1089LN1A/ D01002X,,LOCK CLIP (B) 0.5,Tools,Lancing,PIANO STORE,29051100,NOS,0,0,0
TL1700,T4048PE4C/V11128,,CASSETTE SUPPORT,Tools,,PIANO STORE,29051100,NOS,0,0,0
TL1701,T4322FM1A/V11128,,CASSETTE SUPPORT,Tools,,PIANO STORE,29051100,NOS,0,0,0
TL1702,T4322FM1B/V11128,,CASSETTE SUPPORT,Tools,,PIANO STORE,29051100,NOS,0,0,0
TL1703,T4323FM2A/V11128,,CASSETTE SUPPORT,Tools,,PIANO STORE,29051100,NOS,0,0,0
TL1704,T4323FM2B/V11128,,CASSETTE SUPPORT,Tools,,PIANO STORE,29051100,NOS,0,0,0
TL1705,T3913BLOA/V11129,,DISCBACK FOR CUSHION,Tools,,PIANO STORE,29051100,NOS,0,0,0
TL1706,T3913BLOB/V11129,,DISCBACK FOR CUSHION,Tools,,PIANO STORE,29051100,NOS,0,0,0
TL1707,T3913BLOC/V11129,,DISCBACK FOR CUSHION,Tools,,PIANO STORE,29051100,NOS,0,0,0
TL1708,T3914FMOA/V11129,,DISCBACK FOR CUSHION,Tools,,PIANO STORE,29051100,NOS,0,0,0
TL1709,T3914FMOB/V11129,,DISCBACK FOR CUSHION,Tools,,PIANO STORE,29051100,NOS,0,0,0
TL171,T1090LN2A/ D01002X,,LOCK CLIP (B) 0.5,Tools,Lancing,PIANO STORE,29051100,NOS,0,0,0
TL1710,T3914FMOC/V11129,,DISCBACK FOR CUSHION,Tools,,PIANO STORE,29051100,NOS,0,0,0
TL1711,T3917HLOA/V11129,,DISCBACK FOR CUSHION,Tools,,PIANO STORE,29051100,NOS,0,0,0
TL1712,T3917HLOB/V11129,,DISCBACK FOR CUSHION,Tools,,PIANO STORE,29051100,NOS,0,0,0
TL1713,T3917HLOC/V11129,,DISCBACK FOR CUSHION,Tools,,PIANO STORE,29051100,NOS,0,0,0
TL1714,T4086FM3A/V11130,,,Tools,,PIANO STORE,29051100,NOS,0,0,0
TL1715,T4088FM4A/V11130,,,Tools,,PIANO STORE,29051100,NOS,0,0,0
TL1716,T4096CU0A/V11130,,,Tools,,PIANO STORE,29051100,NOS,0,0,0
TL1717,T4097BLOA/V11132-33,,FOG HEAT SHEILD-LH,Tools,,PIANO STORE,29051100,NOS,0,0,0
TL1718,T4072FMOA/V11132-33,,FOG HEAT SHEILD-LH,Tools,,PIANO STORE,29051100,NOS,0,0,0
TL1719,T4076FMOA/V11133,,VLS THERMAL SHIELD,Tools,,PIANO STORE,29051100,NOS,0,0,0
TL172,T105FMOA/ D01002X,,LOCK CLIP (B) 0.5,Tools,FORMING,PIANO STORE,29051100,NOS,0,0,0
TL1720,T4112BLOA/V11135,,CONE SHAPE SPRING WASHER,Tools,,PIANO STORE,29051100,NOS,0,0,0
TL1721,T4099FMOA/V11135,,CONE SHAPE SPRING WASHER,Tools,,PIANO STORE,29051100,NOS,0,0,0
TL1722,T4116BLOA/V11136,,WASHER FOR HYTERESIS PTS WASHER FOR HYSTERESIS -LEG WASHER,Tools,,PIANO STORE,29051100,NOS,0,0,0
TL1723,T4100FMOA/V11136,,WASHER FOR HYTERESIS PTS WASHER FOR HYSTERESIS -LEG WASHER,Tools,,PIANO STORE,29051100,NOS,0,0,0
TL1724,T 4141BLOA/V11143,,SNAP RING,Tools,,PIANO STORE,29051100,NOS,0,0,0
TL1725,T4140HLOA/V11143,,SNAP RING,Tools,,PIANO STORE,29051100,NOS,0,0,0
TL1726,T4125BLOA/V11144,,WASHER,Tools,,PIANO STORE,29051100,NOS,0,0,0
TL1727,T4151BLOA/V11145,,SNAP RIG CAP,Tools,,PIANO STORE,29051100,NOS,0,0,0
TL1728,T4124DROA/V11145,,SNAP RIG CAP,Tools,,PIANO STORE,29051100,NOS,0,0,0
TL1729,T4126BLOA/V11146,,CIRCLIP,Tools,,PIANO STORE,29051100,NOS,0,0,0
TL173,T106FMOA/ D01002X,,LOCK CLIP (B) 0.5,Tools,FORMING,PIANO STORE,29051100,NOS,0,0,0
TL1730,T4745FM1A/V11160,,DRIVE WASHER,Tools,,PIANO STORE,29051100,NOS,0,0,0
TL1731,T4772PROA/V11160,,DRIVE WASHER,Tools,,PIANO STORE,29051100,NOS,0,0,0
TL1732,T4786BLOA/V11161,,Retaining Ring,Tools,,PIANO STORE,29051100,NOS,0,0,0
TL1733,T4787HLOA/V11161,,Retaining Ring,Tools,,PIANO STORE,29051100,NOS,0,0,0
TL1734,T4779BLOA/V11163,,Bracket Resolver,Tools,,PIANO STORE,29051100,NOS,0,0,0
TL1735,T4781FMOA/V11163,,Bracket Resolver,Tools,,PIANO STORE,29051100,NOS,0,0,0
TL1736,T1456BLOA/V14001-10,,THRUST BRG. RACE A,Tools,,PIANO STORE,29051100,NOS,0,0,0
TL1737,T3663BLOA/V14001-10,,THRUST BRG. RACE A,Tools,,PIANO STORE,29051100,NOS,0,0,0
TL1738,T3663BLOB/V14001-10,,THRUST BRG. RACE A,Tools,,PIANO STORE,29051100,NOS,0,0,0
TL1739,T692BLOA/W01007,,DOWEL PIN 2X14MM,Tools,,PIANO STORE,29051100,NOS,0,0,0
TL174,T1481BLOA/ D01013Y,,W.DR.SPLIT 0.6,Tools,BLANKING,PIANO STORE,29051100,NOS,0,0,0
TL1740,T1580FMOA/W01007,,DOWEL PIN 2X14MM,Tools,,PIANO STORE,29051100,NOS,0,0,0
TL1741,T4502BLOA/W15095,,SPRING PLATE,Tools,,PIANO STORE,29051100,NOS,0,0,0
TL1742,T4503SL1A/W15095,,SPRING PLATE,Tools,,PIANO STORE,29051100,NOS,0,0,0
TL1743,T4505SL2A/W15095,,SPRING PLATE,Tools,,PIANO STORE,29051100,NOS,0,0,0
TL1744,T4507SL3A/W15095,,SPRING PLATE,Tools,,PIANO STORE,29051100,NOS,0,0,0
TL1745,T4837BLOA/W15143,,PAD SPREADER SPRING,Tools,,PIANO STORE,29051100,NOS,0,0,0
TL1746,T0456BLOA/X01305Y,,CIRC.A12X1,Tools,,PIANO STORE,29051100,NOS,0,0,0
TL1747,T2273BLOA/X01305Y,,CIRC.A12X1,Tools,,PIANO STORE,29051100,NOS,0,0,0
TL1748,T2273BLOB/X01305Y,,CIRC.A12X1,Tools,,PIANO STORE,29051100,NOS,0,0,0
TL1749,T2273BLOC/X01305Y,,CIRC.A12X1,Tools,,PIANO STORE,29051100,NOS,0,0,0
TL175,T1630BLOA/ D01013Y,,W.DR.SPLIT 0.6,Tools,BLANKING,PIANO STORE,29051100,NOS,0,0,0
TL1750,T0457HLOA/X01305Y,,CIRC.A12X1,Tools,,PIANO STORE,29051100,NOS,0,0,0
TL1751,T01242HLOA/X01305Y,,CIRC.A12X1,Tools,,PIANO STORE,29051100,NOS,0,0,0
TL1752,T1420HLOA/X01305Y,,CIRC.A12X1,Tools,,PIANO STORE,29051100,NOS,0,0,0
TL1753,T1625HLOA/X01305Y,,CIRC.A12X1,Tools,,PIANO STORE,29051100,NOS,0,0,0
TL1754,T1625HLOB/X01305Y,,CIRC.A12X1,Tools,,PIANO STORE,29051100,NOS,0,0,0
TL1755,T1625HLOC/X01305Y,,CIRC.A12X1,Tools,,PIANO STORE,29051100,NOS,0,0,0
TL1756,T1625HLOD/X01305Y,,CIRC.A12X1,Tools,,PIANO STORE,29051100,NOS,0,0,0
TL1757,T1625HLOE/X01305Y,,CIRC.A12X1,Tools,,PIANO STORE,29051100,NOS,0,0,0
TL1758,T0036BLOA/X01306Y,,CIRC.A14X1,Tools,,PIANO STORE,29051100,NOS,0,0,0
TL1759,T0458BLOA/X01306Y,,CIRC.A14X1,Tools,,PIANO STORE,29051100,NOS,0,0,0
TL176,T1630BLOB/ D01013Y,,W.DR.SPLIT 0.6,Tools,BLANKING,PIANO STORE,29051100,NOS,0,0,0
TL1760,T2338BLOA/X01306Y,,CIRC.A14X1,Tools,,PIANO STORE,29051100,NOS,0,0,0
TL1761,T1731HLOB/X01306Y,,CIRC.A14X1,Tools,,PIANO STORE,29051100,NOS,0,0,0
TL1762,T1731HLOC/X01306Y,,CIRC.A14X1,Tools,,PIANO STORE,29051100,NOS,0,0,0
TL1763,T0468BLOA/X01311Y,,CIRC.A20X1.2,Tools,,PIANO STORE,29051100,NOS,0,0,0
TL1764,T1144BLOA/X01311Y,,CIRC.A20X1.2,Tools,,PIANO STORE,29051100,NOS,0,0,0
TL1765,T1015BLOA/X01311Y,,CIRC.A20X1.2,Tools,,PIANO STORE,29051100,NOS,0,0,0
TL1766,T1472HLOA/X01311Y,,CIRC.A20X1.2,Tools,,PIANO STORE,29051100,NOS,0,0,0
TL1767,T1472HLOB/X01311Y,,CIRC.A20X1.2,Tools,,PIANO STORE,29051100,NOS,0,0,0
TL1768,T1621HLOA/X01311Y,,CIRC.A20X1.2,Tools,,PIANO STORE,29051100,NOS,0,0,0
TL1769,T1208HLOA/X01311Y,,CIRC.A20X1.2,Tools,,PIANO STORE,29051100,NOS,0,0,0
TL177,T1630BLOC/ D01013Y,,W.DR.SPLIT 0.6,Tools,BLANKING,PIANO STORE,29051100,NOS,0,0,0
TL1770,T1344BLOA/X01817Z,,DOWEL PIN 2X8MM,Tools,,PIANO STORE,29051100,NOS,0,0,0
TL1771,T1542FM1A/X01817Z,,DOWEL PIN 2X8MM,Tools,,PIANO STORE,29051100,NOS,0,0,0
TL1772,T1568FM1A/X01817Z,,DOWEL PIN 2X8MM,Tools,,PIANO STORE,29051100,NOS,0,0,0
TL1773,T1522FMOA/X01817Z,,DOWEL PIN 2X8MM,Tools,,PIANO STORE,29051100,NOS,0,0,0
TL1774,T1524FMOA/X01817Z,,DOWEL PIN 2X8MM,Tools,,PIANO STORE,29051100,NOS,0,0,0
TL1775,T2395FMOA/X01817Z,,DOWEL PIN 2X8MM,Tools,,PIANO STORE,29051100,NOS,0,0,0
TL1776,T2395FMOB/X01817Z,,DOWEL PIN 2X8MM,Tools,,PIANO STORE,29051100,NOS,0,0,0
TL1777,T1468BLOA/X01829Z,,DOWEL PIN 3X30MM,Tools,,PIANO STORE,29051100,NOS,0,0,0
TL1778,T1493FM1A/X01829Z,,DOWEL PIN 3X30MM,Tools,,PIANO STORE,29051100,NOS,0,0,0
TL1779,T1598FM1A/X01829Z,,DOWEL PIN 3X30MM,Tools,,PIANO STORE,29051100,NOS,0,0,0
TL178,T1011BLOA/ D01027X,,WASHER .DR.SLIT,Tools,BLANKING,PIANO STORE,29051100,NOS,0,0,0
TL1780,T1602FM1A/X01829Z,,DOWEL PIN 3X30MM,Tools,,PIANO STORE,29051100,NOS,0,0,0
TL1781,T1500FMOA/X01829Z,,DOWEL PIN 3X30MM,Tools,,PIANO STORE,29051100,NOS,0,0,0
TL1782,T1501FMOA/X01829Z,,DOWEL PIN 3X30MM,Tools,,PIANO STORE,29051100,NOS,0,0,0
TL1783,T1502FMOA/X01829Z,,DOWEL PIN 3X30MM,Tools,,PIANO STORE,29051100,NOS,0,0,0
TL1784,T1544FMOA/X01829Z,,DOWEL PIN 3X30MM,Tools,,PIANO STORE,29051100,NOS,0,0,0
TL1785,T1545FMOA/X01829Z,,DOWEL PIN 3X30MM,Tools,,PIANO STORE,29051100,NOS,0,0,0
TL1786,T1570FMOA/X01829Z,,DOWEL PIN 3X30MM,Tools,,PIANO STORE,29051100,NOS,0,0,0
TL1787,T1571FMOA/X01829Z,,DOWEL PIN 3X30MM,Tools,,PIANO STORE,29051100,NOS,0,0,0
TL1788,T2396FMOA/X01829Z,,DOWEL PIN 3X30MM,Tools,,PIANO STORE,29051100,NOS,0,0,0
TL1789,T1876BLOA/X01856,,DOWEL PIN 6X10MM,Tools,,PIANO STORE,29051100,NOS,0,0,0
TL179,T1043BLOA/ D01031H,,PLATE END 4.8X1.5,Tools,BLANKING,PIANO STORE,29051100,NOS,0,0,0
TL1790,T1779FM1A/X01856,,DOWEL PIN 6X10MM,Tools,,PIANO STORE,29051100,NOS,0,0,0
TL1791,T1789FMOA/X01856,,DOWEL PIN 6X10MM,Tools,,PIANO STORE,29051100,NOS,0,0,0
TL1792,T1789FMOB/X01856,,DOWEL PIN 6X10MM,Tools,,PIANO STORE,29051100,NOS,0,0,0
TL1793,T1574FMOA/X01856,,DOWEL PIN 6X10MM,Tools,,PIANO STORE,29051100,NOS,0,0,0
TL1794,T1775FMOA/X01856,,DOWEL PIN 6X10MM,Tools,,PIANO STORE,29051100,NOS,0,0,0
TL1795,T0693BLOA/X01878Z,,DOWEL PIN 2X16MM,Tools,,PIANO STORE,29051100,NOS,0,0,0
TL1796,T1023BLOA/X01878Z,,DOWEL PIN 2X16MM,Tools,,PIANO STORE,29051100,NOS,0,0,0
TL1797,T1787FM1A/X01878Z,,DOWEL PIN 2X16MM,Tools,,PIANO STORE,29051100,NOS,0,0,0
TL1798,T1787FM1B/X01878Z,,DOWEL PIN 2X16MM,Tools,,PIANO STORE,29051100,NOS,0,0,0
TL1799,T1484FMOA/X01878Z,,DOWEL PIN 2X16MM,Tools,,PIANO STORE,29051100,NOS,0,0,0
TL180,T1044BLOA/ D01032H,,PLATE END 11X1,Tools,BLANKING,PIANO STORE,29051100,NOS,0,0,0
TL1800,T1572FMOA/X01878Z,,DOWEL PIN 2X16MM,Tools,,PIANO STORE,29051100,NOS,0,0,0
TL1801,T1573FMOA/X01878Z,,DOWEL PIN 2X16MM,Tools,,PIANO STORE,29051100,NOS,0,0,0
TL1802,T2434FMOA/X01878Z,,DOWEL PIN 2X16MM,Tools,,PIANO STORE,29051100,NOS,0,0,0
TL1803,T1442BLOA/X01879Z,,DOWEL PIN 3X8MM,Tools,,PIANO STORE,29051100,NOS,0,0,0
TL1804,T1447FM1A/X01879Z,,DOWEL PIN 3X8MM,Tools,,PIANO STORE,29051100,NOS,0,0,0
TL1805,T1452FMOA/X01879Z,,DOWEL PIN 3X8MM,Tools,,PIANO STORE,29051100,NOS,0,0,0
TL1806,T1454FMOA/X01879Z,,DOWEL PIN 3X8MM,Tools,,PIANO STORE,29051100,NOS,0,0,0
TL1807,T1975FMOA/X01879Z,,DOWEL PIN 3X8MM,Tools,,PIANO STORE,29051100,NOS,0,0,0
TL1808,T1095BLOA/X01880,,DOWEL PIN 2X10,Tools,,PIANO STORE,29051100,NOS,0,0,0
TL1809,T2396FMOA/X01880,,DOWEL PIN 2X10,Tools,,PIANO STORE,29051100,NOS,0,0,0
TL181,T3967BLOA/ D14001,,STOP RING TYPE-G,Tools,BLANKING,PIANO STORE,29051100,NOS,0,0,0
TL1810,T2059BLOA/X01885,,DOWEL PIN 5X14MM,Tools,,PIANO STORE,29051100,NOS,0,0,0
TL1811,T2060FM1A/X01885,,DOWEL PIN 5X14MM,Tools,,PIANO STORE,29051100,NOS,0,0,0
TL1812,T1599FMOA/X01885,,DOWEL PIN 5X14MM,Tools,,PIANO STORE,29051100,NOS,0,0,0
TL1813,T4136BLOA/Z12006,,THRUST RING,Tools,,PIANO STORE,29051100,NOS,0,0,0
TL1814,T4130FMOA/Z12006,,THRUST RING,Tools,,PIANO STORE,29051100,NOS,0,0,0
TL1815,T4138PROA/Z12007,,INTERMEDIATE DISC,Tools,,PIANO STORE,29051100,NOS,0,0,0
TL1816,T4137BLOA/Z12010,,ANNULAR SPRING,Tools,,PIANO STORE,29051100,NOS,0,0,0
TL1817,T4133FMOA/Z12010,,ANNULAR SPRING,Tools,,PIANO STORE,29051100,NOS,0,0,0
TL1818,T4203BLOA/Z12011,,REIBRING FRICTIONRING,Tools,,PIANO STORE,29051100,NOS,0,0,0
TL1819,T4306BLOA/Z12015,,CONECTOR,Tools,,PIANO STORE,29051100,NOS,0,0,0
TL182,T4166PROA/ D14001,,STOP RING TYPE-G,Tools,Progressive,PIANO STORE,29051100,NOS,0,0,0
TL1820,T4307FM0A/Z12015,,CONECTOR,Tools,,PIANO STORE,29051100,NOS,0,0,0
TL1821,T4307FM0B/Z12015,,CONECTOR,Tools,,PIANO STORE,29051100,NOS,0,0,0
TL1822,T4347HLOA/Z12015,,CONECTOR,Tools,,PIANO STORE,29051100,NOS,0,0,0
TL1823,T4347HLOB/Z12015,,CONECTOR,Tools,,PIANO STORE,29051100,NOS,0,0,0
TL1824,T4696BLOA/Z12016,,STOP PIN,Tools,,PIANO STORE,29051100,NOS,0,0,0
TL1825,T4696BLOB/Z12016,,STOP PIN,Tools,,PIANO STORE,29051100,NOS,0,0,0
TL1826,T4701CHOA/Z12016,,STOP PIN,Tools,,PIANO STORE,29051100,NOS,0,0,0
TL1827,T4701CHOB/Z12016,,STOP PIN,Tools,,PIANO STORE,29051100,NOS,0,0,0
TL1828,T4409SVOA/Z12016,,STOP PIN,Tools,,PIANO STORE,29051100,NOS,0,0,0
TL1829,T4409SVOB/Z12016,,STOP PIN,Tools,,PIANO STORE,29051100,NOS,0,0,0
TL183,T3968CUOA/ D14001,,STOP RING TYPE-G,Tools,Cutting,PIANO STORE,29051100,NOS,0,0,0
TL1830,T4312BL0A/Z12019,,FRICTION RING,Tools,,PIANO STORE,29051100,NOS,0,0,0
TL1831,T4313FM0A/Z12019,,FRICTION RING,Tools,,PIANO STORE,29051100,NOS,0,0,0
TL1832,T4356SZ0A/Z12019,,FRICTION RING,Tools,,PIANO STORE,29051100,NOS,0,0,0
TL1833,T4522BLOA/Z12020,,THRUST WASHER,Tools,,PIANO STORE,29051100,NOS,0,0,0
TL1834,T4532BLOA/Z12023,,FRICTION RING ANEL DE ATRITO,Tools,,PIANO STORE,29051100,NOS,0,0,0
TL184,T1864BLOA/ F01008,,SPRING CLUTCH 90X99X1,Tools,BLANKING,PIANO STORE,29051100,NOS,0,0,0
TL185,T1067FMOA/ F01008,,SPRING CLUTCH 90X99X1,Tools,FORMING,PIANO STORE,29051100,NOS,0,0,0
TL186,T1068BLOA/ F01009,,SPRING CLUTCH FRICTION,Tools,BLANKING,PIANO STORE,29051100,NOS,0,0,0
TL187,T1069FMOA/ F01009,,SPRING CLUTCH FRICTION,Tools,FORMING,PIANO STORE,29051100,NOS,0,0,0
TL188,T1252BLOA/ H01021X,,W.15.2X30X1,Tools,BLANKING,PIANO STORE,29051100,NOS,0,0,0
TL189,BLOA/ H01035Y,,LOCK CLIP,Tools,BLANKING,PIANO STORE,29051100,NOS,0,0,0
TL190,T2470FMOA/ H01035Y,,LOCK CLIP,Tools,FORMING,PIANO STORE,29051100,NOS,0,0,0
TL191,T1018FMOB/ H01035Y,,LOCK CLIP,Tools,FORMING,PIANO STORE,29051100,NOS,0,0,0
TL192,T2111BLOA/ H01065,,WASHER KICK SPINDLE,Tools,BLANKING,PIANO STORE,29051100,NOS,0,0,0
TL193,T4456BLOA/ H01091,,WASHER SPLINE 20 MM,Tools,BLANKING,PIANO STORE,29051100,NOS,0,0,0
TL194,T4457SVOA/ H01091,,WASHER SPLINE 20 MM,Tools,Sawing,PIANO STORE,29051100,NOS,0,0,0
TL195,T4609BLOA/ S36001,,DISC SPRING WASHER SHAFT GEAR,Tools,BLANKING,PIANO STORE,29051100,NOS,0,0,0
TL196,T3780FMOA/ S36001,,DISC SPRING WASHER SHAFT GEAR,Tools,FORMING,PIANO STORE,29051100,NOS,0,0,0
TL197,T0462BLOA/ X01308Z,,CIRC.A16X1,Tools,BLANKING,PIANO STORE,29051100,NOS,0,0,0
TL198,T1303BLOA/ X01308Z,,CIRC.A16X1,Tools,BLANKING,PIANO STORE,29051100,NOS,0,0,0
TL199,T1737BLOA/ X01308Z,,CIRC.A16X1,Tools,BLANKING,PIANO STORE,29051100,NOS,0,0,0
TL200,T1268BLOA/ X01308Z,,CIRC.A16X1,Tools,BLANKING,PIANO STORE,29051100,NOS,0,0,0
TL201,T0489HLOA/ X01308Z,,CIRC.A16X1,Tools,HOLING,PIANO STORE,29051100,NOS,0,0,0
TL202,T1566HLOA/ X01308Z,,CIRC.A16X1,Tools,HOLING,PIANO STORE,29051100,NOS,0,0,0
TL203,T1239HLOA/ X01308Z,,CIRC.A16X1,Tools,HOLING,PIANO STORE,29051100,NOS,0,0,0
TL204,T1239HLOB/ X01308Z,,CIRC.A16X1,Tools,HOLING,PIANO STORE,29051100,NOS,0,0,0
TL205,T1239HLOC/ X01308Z,,CIRC.A16X1,Tools,HOLING,PIANO STORE,29051100,NOS,0,0,0
TL206,T1239HLOD/ X01308Z,,CIRC.A16X1,Tools,HOLING,PIANO STORE,29051100,NOS,0,0,0
TL207,T1239HLOE/ X01308Z,,CIRC.A16X1,Tools,HOLING,PIANO STORE,29051100,NOS,0,0,0
TL208,T1239HLOF/ X01308Z,,CIRC.A16X1,Tools,HOLING,PIANO STORE,29051100,NOS,0,0,0
TL209,T2413BLOA/A05002V,,DISC SPRING 60X79.8X1.4,Tools,BLANKING,PIANO STORE,29051100,NOS,0,0,0
TL210,T385FMOA/A05002V,,DISC SPRING 60X79.8X1.4,Tools,FORMING,PIANO STORE,29051100,NOS,0,0,0
TL211,T385FMOB/A05002V,,DISC SPRING 60X79.8X1.4,Tools,FORMING,PIANO STORE,29051100,NOS,0,0,0
TL212,BLOA/A05003V,,R. SPRING A,Tools,BLANKING,PIANO STORE,29051100,NOS,0,0,0
TL213,T387FM1A/A05003V,,R. SPRING A,Tools,FORMING,PIANO STORE,29051100,NOS,0,0,0
TL214,T388FMOA/A05003V,,R. SPRING A,Tools,FORMING,PIANO STORE,29051100,NOS,0,0,0
TL215,T389BLOA/A05004V,,GD. PLATE 32.5X72X1,Tools,BLANKING,PIANO STORE,29051100,NOS,0,0,0
TL216,T390HLOA/A05004V,,GD. PLATE 32.5X72X1,Tools,HOLING,PIANO STORE,29051100,NOS,0,0,0
TL217,T391FMOA/A05004V,,GD. PLATE 32.5X72X1,Tools,FORMING,PIANO STORE,29051100,NOS,0,0,0
TL218,T392PEOA/A05004V,,GD. PLATE 32.5X72X1,Tools,Piercing,PIANO STORE,29051100,NOS,0,0,0
TL219,T2619BLOA/A05006,,R SPRING B,Tools,BLANKING,PIANO STORE,29051100,NOS,0,0,0
TL220,T394FMOA/A05006,,R SPRING B,Tools,FORMING,PIANO STORE,29051100,NOS,0,0,0
TL221,T395FMOA/A05006,,R SPRING B,Tools,FORMING,PIANO STORE,29051100,NOS,0,0,0
TL222,T1316BLOA/A05007V,,WASHER 52X72X0.5,Tools,BLANKING,PIANO STORE,29051100,NOS,0,0,0
TL223,T400BLOA/A05011V,,SPACER 36X50X0.75,Tools,BLANKING,PIANO STORE,29051100,NOS,0,0,0
TL224,T401HLOA/A05011V,,SPACER 36X50X0.75,Tools,HOLING,PIANO STORE,29051100,NOS,0,0,0
TL225,T1017BLOA/A05031V,,SPACER SPEED 5TH GEAR,Tools,BLANKING,PIANO STORE,29051100,NOS,0,0,0
TL226,T1018PEOA/A05031V,,SPACER SPEED 5TH GEAR,Tools,Piercing,PIANO STORE,29051100,NOS,0,0,0
TL227,T1136FMOA/A05031V,,SPACER SPEED 5TH GEAR,Tools,FORMING,PIANO STORE,29051100,NOS,0,0,0
TL228,T3120BLOA/A23001,,TOP PLATE,Tools,BLANKING,PIANO STORE,29051100,NOS,0,0,0
TL229,T3121BLOA/A23002,,BOTTOM PLATE,Tools,BLANKING,PIANO STORE,29051100,NOS,0,0,0
TL230,BLOA/A23003,,SECTOR R11.28 (NEW),Tools,BLANKING,PIANO STORE,29051100,NOS,0,0,0
TL231,T3262SVOA/A23003,,SECTOR R11.28 (NEW),Tools,Sawing,PIANO STORE,29051100,NOS,0,0,0
TL232,T3122BLOA/A23004,,SECTOR R14.54:1(NEW),Tools,BLANKING,PIANO STORE,29051100,NOS,0,0,0
TL233,T3292BLOA/A23008,,LAGERPLATTE,Tools,BLANKING,PIANO STORE,29051100,NOS,0,0,0
TL234,T3327BLOA/A23009,,EINSTELLHEBEL,Tools,BLANKING,PIANO STORE,29051100,NOS,0,0,0
TL235,T3328FLOA/A23009,,EINSTELLHEBEL,Tools,Flaring,PIANO STORE,29051100,NOS,0,0,0
TL236,T3348BLOA/A23010,,TEETH WASHER,Tools,BLANKING,PIANO STORE,29051100,NOS,0,0,0
TL237,T3386BLOA/A23011,,PLATE -2,Tools,BLANKING,PIANO STORE,29051100,NOS,0,0,0
TL238,T3393HLOA/A23011,,PLATE -2,Tools,HOLING,PIANO STORE,29051100,NOS,0,0,0
TL239,T3411BLOA/A23012,,WASHER PLAIN,Tools,BLANKING,PIANO STORE,29051100,NOS,0,0,0
TL240,T4441BLOA/A25002-9,,SHIM,Tools,BLANKING,PIANO STORE,29051100,NOS,0,0,0
TL241,T4448BLOA/A25010-34,,SHIM,Tools,BLANKING,PIANO STORE,29051100,NOS,0,0,0
TL242,T4452BLOA/A25035-59,,SHIM,Tools,BLANKING,PIANO STORE,29051100,NOS,0,0,0
TL243,T4454BLOA/A25060-105,,SHIM,Tools,BLANKING,PIANO STORE,29051100,NOS,0,0,0
TL244,T4485BLOA/A25106,,PLUG TIGHT,Tools,BLANKING,PIANO STORE,29051100,NOS,0,0,0
TL245,T4453FMOA/A25106,,PLUG TIGHT,Tools,FORMING,PIANO STORE,29051100,NOS,0,0,0
TL246,T4577BLOA/A26003,,WAVE WASHER,Tools,BLANKING,PIANO STORE,29051100,NOS,0,0,0
TL247,T4885BLOA/A26003,,WAVE WASHER,Tools,BLANKING,PIANO STORE,29051100,NOS,0,0,0
TL248,T4483FMOA/A26003,,WAVE WASHER,Tools,FORMING,PIANO STORE,29051100,NOS,0,0,0
TL249,T4888BLOA/A26004,,WAVE WASHER,Tools,BLANKING,PIANO STORE,29051100,NOS,0,0,0
TL250,T4885BLOA/A26006,,STEPW0103,Tools,BLANKING,PIANO STORE,29051100,NOS,0,0,0
TL251,T4889PROA/A26007,,,Tools,Progressive,PIANO STORE,29051100,NOS,0,0,0
TL252,T2220BLOA/B14002,,SPRING,Tools,BLANKING,PIANO STORE,29051100,NOS,0,0,0
TL253,T2220BLOB/B14002,,SPRING,Tools,BLANKING,PIANO STORE,29051100,NOS,0,0,0
TL254,T2220BLOC/B14002,,SPRING,Tools,BLANKING,PIANO STORE,29051100,NOS,0,0,0
TL255,T2215FM1A/B14002,,SPRING,Tools,FORMING,PIANO STORE,29051100,NOS,0,0,0
TL256,T2215FM1B/B14002,,SPRING,Tools,FORMING,PIANO STORE,29051100,NOS,0,0,0
TL257,T2215FM1C/B14002,,SPRING,Tools,FORMING,PIANO STORE,29051100,NOS,0,0,0
TL258,T2215FM1D/B14002,,SPRING,Tools,FORMING,PIANO STORE,29051100,NOS,0,0,0
TL259,T2215FM1E/B14002,,SPRING,Tools,FORMING,PIANO STORE,29051100,NOS,0,0,0
TL260,T2215FM1F/B14002,,SPRING,Tools,FORMING,PIANO STORE,29051100,NOS,0,0,0
TL261,T2235FM2A/B14002,,SPRING,Tools,FORMING,PIANO STORE,29051100,NOS,0,0,0
TL262,T2235FM2B/B14002,,SPRING,Tools,FORMING,PIANO STORE,29051100,NOS,0,0,0
TL263,T2235FM2C/B14002,,SPRING,Tools,FORMING,PIANO STORE,29051100,NOS,0,0,0
TL264,T2251BLOA/B14003,,PAD STOPPER,Tools,BLANKING,PIANO STORE,29051100,NOS,0,0,0
TL265,T2251BLOB/B14003,,PAD STOPPER,Tools,BLANKING,PIANO STORE,29051100,NOS,0,0,0
TL266,T2228FM1A/B14003,,PAD STOPPER,Tools,FORMING,PIANO STORE,29051100,NOS,0,0,0
TL267,T2228FM1B/B14003,,PAD STOPPER,Tools,FORMING,PIANO STORE,29051100,NOS,0,0,0
TL268,T2217FM2A/B14003,,PAD STOPPER,Tools,FORMING,PIANO STORE,29051100,NOS,0,0,0
TL269,T2217FM2B/B14003,,PAD STOPPER,Tools,FORMING,PIANO STORE,29051100,NOS,0,0,0
TL270,T2219BLOA/B14004,,PAD STOPPER,Tools,BLANKING,PIANO STORE,29051100,NOS,0,0,0
TL271,T2219BLOB/B14004,,PAD STOPPER,Tools,BLANKING,PIANO STORE,29051100,NOS,0,0,0
TL272,T2216FMOA/B14004,,PAD STOPPER,Tools,FORMING,PIANO STORE,29051100,NOS,0,0,0
TL273,T2627FMOA/B14004,,PAD STOPPER,Tools,FORMING,PIANO STORE,29051100,NOS,0,0,0
TL274,T2627FMOB/B14004,,PAD STOPPER,Tools,FORMING,PIANO STORE,29051100,NOS,0,0,0
TL275,T2241BLOA/B14005,,WEAR PAD,Tools,BLANKING,PIANO STORE,29051100,NOS,0,0,0
TL276,T2231FM1A/B14005,,WEAR PAD,Tools,FORMING,PIANO STORE,29051100,NOS,0,0,0
TL277,T2231FM1B/B14005,,WEAR PAD,Tools,FORMING,PIANO STORE,29051100,NOS,0,0,0
TL278,T2231FM1C/B14005,,WEAR PAD,Tools,FORMING,PIANO STORE,29051100,NOS,0,0,0
TL279,T2231FM1D/B14005,,WEAR PAD,Tools,FORMING,PIANO STORE,29051100,NOS,0,0,0
TL280,T2231FM1E/B14005,,WEAR PAD,Tools,FORMING,PIANO STORE,29051100,NOS,0,0,0
TL281,T2236FM2A/B14005,,WEAR PAD,Tools,FORMING,PIANO STORE,29051100,NOS,0,0,0
TL282,T2236FM2B/B14005,,WEAR PAD,Tools,FORMING,PIANO STORE,29051100,NOS,0,0,0
TL283,T2236FM2C/B14005,,WEAR PAD,Tools,FORMING,PIANO STORE,29051100,NOS,0,0,0
TL284,T2236FM2D/B14005,,WEAR PAD,Tools,FORMING,PIANO STORE,29051100,NOS,0,0,0
TL285,T2236FM2E/B14005,,WEAR PAD,Tools,FORMING,PIANO STORE,29051100,NOS,0,0,0
TL286,T2237BLOA/B14006,,MOLLA SPRING,Tools,BLANKING,PIANO STORE,29051100,NOS,0,0,0
TL287,T2237BLOB/B14006,,MOLLA SPRING,Tools,BLANKING,PIANO STORE,29051100,NOS,0,0,0
TL288,T2233FMOA/B14006,,MOLLA SPRING,Tools,FORMING,PIANO STORE,29051100,NOS,0,0,0
TL289,T2233FMOB/B14006,,MOLLA SPRING,Tools,FORMING,PIANO STORE,29051100,NOS,0,0,0
TL290,T2233FMOC/B14006,,MOLLA SPRING,Tools,FORMING,PIANO STORE,29051100,NOS,0,0,0
TL291,T2252BLOA/B14007/8,,PAD STOPPER,Tools,BLANKING,PIANO STORE,29051100,NOS,0,0,0
TL292,T2252BLOB/B14007/8,,PAD STOPPER,Tools,BLANKING,PIANO STORE,29051100,NOS,0,0,0
TL293,T2246FM1A/B14007/8,,PAD STOPPER,Tools,FORMING,PIANO STORE,29051100,NOS,0,0,0
TL294,T2246FM1B/B14007/8,,PAD STOPPER,Tools,FORMING,PIANO STORE,29051100,NOS,0,0,0
TL295,T2262FM2A/B14007/8,,PAD STOPPER,Tools,FORMING,PIANO STORE,29051100,NOS,0,0,0
TL296,T3964SZOA/B14007/8,,PAD STOPPER,Tools,Sizing,PIANO STORE,29051100,NOS,0,0,0
TL297,T3964SZOB/B14007/8,,PAD STOPPER,Tools,Sizing,PIANO STORE,29051100,NOS,0,0,0
TL298,T2248FM1A/B14008,,PAD STOPPER,Tools,FORMING,PIANO STORE,29051100,NOS,0,0,0
TL299,T2279FM2A/B14008,,PAD STOPPER,Tools,FORMING,PIANO STORE,29051100,NOS,0,0,0
TL300,T3963SZOA/B14008,,PAD STOPPER,Tools,Sizing,PIANO STORE,29051100,NOS,0,0,0
TL301,T3963SZOB/B14008,,PAD STOPPER,Tools,Sizing,PIANO STORE,29051100,NOS,0,0,0
TL302,T2276BLOA/B14010,,SPRING,Tools,BLANKING,PIANO STORE,29051100,NOS,0,0,0
TL303,T2276BLOB/B14010,,SPRING,Tools,BLANKING,PIANO STORE,29051100,NOS,0,0,0
TL304,T2276BLOC/B14010,,SPRING,Tools,BLANKING,PIANO STORE,29051100,NOS,0,0,0
TL305,T2254FM1A/B14010,,SPRING,Tools,FORMING,PIANO STORE,29051100,NOS,0,0,0
TL306,T2254FM1B/B14010,,SPRING,Tools,FORMING,PIANO STORE,29051100,NOS,0,0,0
TL307,T2280FM2A/B14010,,SPRING,Tools,FORMING,PIANO STORE,29051100,NOS,0,0,0
TL308,T2280FM2B/B14010,,SPRING,Tools,FORMING,PIANO STORE,29051100,NOS,0,0,0
TL309,T2280FM2C/B14010,,SPRING,Tools,FORMING,PIANO STORE,29051100,NOS,0,0,0
TL310,T3171SZOA/B14010,,SPRING,Tools,Sizing,PIANO STORE,29051100,NOS,0,0,0
TL311,T2242BLOA/B14011,,ANELLO PRIMARY WASHER,Tools,BLANKING,PIANO STORE,29051100,NOS,0,0,0
TL312,T2242BLOB/B14011,,ANELLO PRIMARY WASHER,Tools,BLANKING,PIANO STORE,29051100,NOS,0,0,0
TL313,T2247BLOA/B14014,,ANELLO PRIMARY WASHER,Tools,BLANKING,PIANO STORE,29051100,NOS,0,0,0
TL314,T2249BLOA/B14015,,ANELLO PRIMARY WASHER,Tools,BLANKING,PIANO STORE,29051100,NOS,0,0,0
TL315,T2264BLOA/B14016,,CIRCLIP,Tools,BLANKING,PIANO STORE,29051100,NOS,0,0,0
TL316,T2267HLOA/B14016,,CIRCLIP,Tools,HOLING,PIANO STORE,29051100,NOS,0,0,0
TL317,T2256BLOA/B14019,,ANELLO PRIMARY WASHER,Tools,BLANKING,PIANO STORE,29051100,NOS,0,0,0
TL318,T2257BLOA/B14020,,ANELLO PRIMARY WASHER,Tools,BLANKING,PIANO STORE,29051100,NOS,0,0,0
TL319,T2268BLOA/B14021,,CIRCLIP,Tools,BLANKING,PIANO STORE,29051100,NOS,0,0,0
TL320,T2271HLOA/B14021,,CIRCLIP,Tools,HOLING,PIANO STORE,29051100,NOS,0,0,0
TL321,T2272BLOA/B14022,,CIRCLIP B16,Tools,BLANKING,PIANO STORE,29051100,NOS,0,0,0
TL322,T2308HLOA/B14022,,CIRCLIP B16,Tools,HOLING,PIANO STORE,29051100,NOS,0,0,0
TL323,T2308HLOB/B14022,,CIRCLIP B16,Tools,HOLING,PIANO STORE,29051100,NOS,0,0,0
TL324,T2274BLOA/B14023,,WEAR PAD,Tools,BLANKING,PIANO STORE,29051100,NOS,0,0,0
TL325,T2274BLOB/B14023,,WEAR PAD,Tools,BLANKING,PIANO STORE,29051100,NOS,0,0,0
TL326,T2274BLOC/B14023,,WEAR PAD,Tools,BLANKING,PIANO STORE,29051100,NOS,0,0,0
TL327,T0669BLOA/B14024,,E RING,Tools,BLANKING,PIANO STORE,29051100,NOS,0,0,0
TL328,T0670BLOA/B14025,,E RING,Tools,BLANKING,PIANO STORE,29051100,NOS,0,0,0
TL329,T1387BLOA/B14027,,E RING,Tools,BLANKING,PIANO STORE,29051100,NOS,0,0,0
TL330,T2319BLOA/B14029,,WEAR PAD,Tools,BLANKING,PIANO STORE,29051100,NOS,0,0,0
TL331,T2319BLOB/B14029,,WEAR PAD,Tools,BLANKING,PIANO STORE,29051100,NOS,0,0,0
TL332,T2317FM1A/B14029,,WEAR PAD,Tools,FORMING,PIANO STORE,29051100,NOS,0,0,0
TL333,T2317FM1B/B14029,,WEAR PAD,Tools,FORMING,PIANO STORE,29051100,NOS,0,0,0
TL334,T2317FM1C/B14029,,WEAR PAD,Tools,FORMING,PIANO STORE,29051100,NOS,0,0,0
TL335,T2335FM2A/B14029,,WEAR PAD,Tools,FORMING,PIANO STORE,29051100,NOS,0,0,0
TL336,T2335FM2B/B14029,,WEAR PAD,Tools,FORMING,PIANO STORE,29051100,NOS,0,0,0
TL337,T2335FM2C/B14029,,WEAR PAD,Tools,FORMING,PIANO STORE,29051100,NOS,0,0,0
TL338,T2335FM2D/B14029,,WEAR PAD,Tools,FORMING,PIANO STORE,29051100,NOS,0,0,0
TL339,T2335FM2E/B14029,,WEAR PAD,Tools,FORMING,PIANO STORE,29051100,NOS,0,0,0
TL340,T2335FM2F/B14029,,WEAR PAD,Tools,FORMING,PIANO STORE,29051100,NOS,0,0,0
TL341,T4277MFOA-BL/B14030,,CLIP D-10.5,Tools,Multiforming,PIANO STORE,29051100,NOS,0,0,0
TL342,T2340BLOA/B14032,,SHIM,Tools,BLANKING,PIANO STORE,29051100,NOS,0,0,0
TL343,T2336FM1A/B14032,,SHIM,Tools,FORMING,PIANO STORE,29051100,NOS,0,0,0
TL344,T2369FM2A/B14032,,SHIM,Tools,FORMING,PIANO STORE,29051100,NOS,0,0,0
TL345,T2394BLOA/B14033,,MOLLA SPRING,Tools,BLANKING,PIANO STORE,29051100,NOS,0,0,0
TL346,T2394BLOB/B14033,,MOLLA SPRING,Tools,BLANKING,PIANO STORE,29051100,NOS,0,0,0
TL347,T2394BLOC/B14033,,MOLLA SPRING,Tools,BLANKING,PIANO STORE,29051100,NOS,0,0,0
TL348,T2568FM1B/B14033,,MOLLA SPRING,Tools,FORMING,PIANO STORE,29051100,NOS,0,0,0
TL349,T2572FM2A/B14033,,MOLLA SPRING,Tools,FORMING,PIANO STORE,29051100,NOS,0,0,0
TL350,T2449FM3A/B14033,,MOLLA SPRING,Tools,FORMING,PIANO STORE,29051100,NOS,0,0,0
TL351,T2453FM4A/B14033,,MOLLA SPRING,Tools,FORMING,PIANO STORE,29051100,NOS,0,0,0
TL352,T2453FM4B/B14033,,MOLLA SPRING,Tools,FORMING,PIANO STORE,29051100,NOS,0,0,0
TL353,T2385BLOA/B14034,,WEAR PAD,Tools,BLANKING,PIANO STORE,29051100,NOS,0,0,0
TL354,T2385BLOB/B14034,,WEAR PAD,Tools,BLANKING,PIANO STORE,29051100,NOS,0,0,0
TL355,T2381FM1A/B14034,,WEAR PAD,Tools,FORMING,PIANO STORE,29051100,NOS,0,0,0
TL356,T2381FM1B/B14034,,WEAR PAD,Tools,FORMING,PIANO STORE,29051100,NOS,0,0,0
TL357,T2384FM2A/B14034,,WEAR PAD,Tools,FORMING,PIANO STORE,29051100,NOS,0,0,0
TL358,T2384FM2B/B14034,,WEAR PAD,Tools,FORMING,PIANO STORE,29051100,NOS,0,0,0
TL359,T2583SZOA/B14034,,WEAR PAD,Tools,Sizing,PIANO STORE,29051100,NOS,0,0,0
TL360,T2425BLOA/B14035-37,,SHIM WHEEL SIDE,Tools,BLANKING,PIANO STORE,29051100,NOS,0,0,0
TL361,T2425BLOB/B14035-37,,SHIM WHEEL SIDE,Tools,BLANKING,PIANO STORE,29051100,NOS,0,0,0
TL362,T2383FM1A/B14035-37,,SHIM WHEEL SIDE,Tools,FORMING,PIANO STORE,29051100,NOS,0,0,0
TL363,T2537FM2A/B14035-37,,SHIM WHEEL SIDE,Tools,FORMING,PIANO STORE,29051100,NOS,0,0,0
TL364,T2538FM3A/B14035-37,,SHIM WHEEL SIDE,Tools,FORMING,PIANO STORE,29051100,NOS,0,0,0
TL365,T2539FM4A/B14035-37,,SHIM WHEEL SIDE,Tools,FORMING,PIANO STORE,29051100,NOS,0,0,0
TL366,T2544FM5A/B14035-37,,SHIM WHEEL SIDE,Tools,FORMING,PIANO STORE,29051100,NOS,0,0,0
TL367,T2424BLOA/B14036,,SHEET SPRING,Tools,BLANKING,PIANO STORE,29051100,NOS,0,0,0
TL368,T2424BLOB/B14036,,SHEET SPRING,Tools,BLANKING,PIANO STORE,29051100,NOS,0,0,0
TL369,T2411FM1A/B14036,,SHEET SPRING,Tools,FORMING,PIANO STORE,29051100,NOS,0,0,0
TL370,T2411FM1B/B14036,,SHEET SPRING,Tools,FORMING,PIANO STORE,29051100,NOS,0,0,0
TL371,T2411FM1C/B14036,,SHEET SPRING,Tools,FORMING,PIANO STORE,29051100,NOS,0,0,0
TL372,T2431FM2A/B14036,,SHEET SPRING,Tools,FORMING,PIANO STORE,29051100,NOS,0,0,0
TL373,T2422FM1A/B14037,,SHIM WHEEL SIDE,Tools,FORMING,PIANO STORE,29051100,NOS,0,0,0
TL374,T2541FM2A/B14037,,SHIM WHEEL SIDE,Tools,FORMING,PIANO STORE,29051100,NOS,0,0,0
TL375,T2542FM3A/B14037,,SHIM WHEEL SIDE,Tools,FORMING,PIANO STORE,29051100,NOS,0,0,0
TL376,T2543FM4A/B14037,,SHIM WHEEL SIDE,Tools,FORMING,PIANO STORE,29051100,NOS,0,0,0
TL377,T2544FM5A/B14037,,SHIM WHEEL SIDE,Tools,FORMING,PIANO STORE,29051100,NOS,0,0,0
TL378,T2836BLOA/B14041,,SPRING,Tools,BLANKING,PIANO STORE,29051100,NOS,0,0,0
TL379,T2836BLOB/B14041,,SPRING,Tools,BLANKING,PIANO STORE,29051100,NOS,0,0,0
TL380,T2811FM1A/B14041,,SPRING,Tools,FORMING,PIANO STORE,29051100,NOS,0,0,0
TL381,T2811FM1B/B14041,,SPRING,Tools,FORMING,PIANO STORE,29051100,NOS,0,0,0
TL382,T2825FM2A/B14041,,SPRING,Tools,FORMING,PIANO STORE,29051100,NOS,0,0,0
TL383,T2825FM2B/B14041,,SPRING,Tools,FORMING,PIANO STORE,29051100,NOS,0,0,0
TL384,T2825FM2C/B14041,,SPRING,Tools,FORMING,PIANO STORE,29051100,NOS,0,0,0
TL385,T2828FM3A/B14041,,SPRING,Tools,FORMING,PIANO STORE,29051100,NOS,0,0,0
TL386,T2828FM3B/B14041,,SPRING,Tools,FORMING,PIANO STORE,29051100,NOS,0,0,0
TL387,T2829FM4A/B14041,,SPRING,Tools,FORMING,PIANO STORE,29051100,NOS,0,0,0
TL388,T2829FM4B/B14041,,SPRING,Tools,FORMING,PIANO STORE,29051100,NOS,0,0,0
TL389,T2245FMOA/B14044,,PRIMARY WASHER,Tools,FORMING,PIANO STORE,29051100,NOS,0,0,0
TL390,T3018BLOA/B14047,,WEAR PAD,Tools,BLANKING,PIANO STORE,29051100,NOS,0,0,0
TL391,T3016FM1A/B14047,,WEAR PAD,Tools,FORMING,PIANO STORE,29051100,NOS,0,0,0
TL392,T3017FM2A/B14047,,WEAR PAD,Tools,FORMING,PIANO STORE,29051100,NOS,0,0,0
TL393,T2099BLOA/B14048,,PAD SPRING,Tools,BLANKING,PIANO STORE,29051100,NOS,0,0,0
TL394,T2099BLOB/B14048,,PAD SPRING,Tools,BLANKING,PIANO STORE,29051100,NOS,0,0,0
TL395,T3954BLOA/B14049,,PAD SPRING,Tools,BLANKING,PIANO STORE,29051100,NOS,0,0,0
TL396,T3885FM1A/B14049,,PAD SPRING,Tools,FORMING,PIANO STORE,29051100,NOS,0,0,0
TL397,T3888FM2A/B14049,,PAD SPRING,Tools,FORMING,PIANO STORE,29051100,NOS,0,0,0
TL398,T3891FM3A/B14049,,PAD SPRING,Tools,FORMING,PIANO STORE,29051100,NOS,0,0,0
TL399,T2251BLOA/B14050,,PAD STOPPER,Tools,BLANKING,PIANO STORE,29051100,NOS,0,0,0
TL400,T3935FMOA/B14050,,PAD STOPPER,Tools,FORMING,PIANO STORE,29051100,NOS,0,0,0
TL401,T3958SZOA/B14050,,PAD STOPPER,Tools,Sizing,PIANO STORE,29051100,NOS,0,0,0
TL402,T3981BLOA/B14052,,SHIM,Tools,BLANKING,PIANO STORE,29051100,NOS,0,0,0
TL403,T4041PROA/B14052,,SHIM,Tools,Progressive,PIANO STORE,29051100,NOS,0,0,0
TL404,T3974FM1A/B14052,,SHIM,Tools,FORMING,PIANO STORE,29051100,NOS,0,0,0
TL405,T3972FM2A/B14052,,SHIM,Tools,FORMING,PIANO STORE,29051100,NOS,0,0,0
TL406,T3973FM3A/B14052,,SHIM,Tools,FORMING,PIANO STORE,29051100,NOS,0,0,0
TL407,T4243BLOA/B14057,,SPRING,Tools,BLANKING,PIANO STORE,29051100,NOS,0,0,0
TL408,T4219FM1A/B14057,,SPRING,Tools,FORMING,PIANO STORE,29051100,NOS,0,0,0
TL409,T4222FM2A/B14057,,SPRING,Tools,FORMING,PIANO STORE,29051100,NOS,0,0,0
TL410,T4224SZOA/B14057,,SPRING,Tools,Sizing,PIANO STORE,29051100,NOS,0,0,0
TL411,T4297FM2A/B14059,,SPRING,Tools,FORMING,PIANO STORE,29051100,NOS,0,0,0
TL412,T4299FM3A/B14059,,SPRING,Tools,FORMING,PIANO STORE,29051100,NOS,0,0,0
TL413,T4444FM2A/B14060,,SHIM LH/SHIM RH,Tools,FORMING,PIANO STORE,29051100,NOS,0,0,0
TL414,T4389BLOA/B14062,,SHIM,Tools,BLANKING,PIANO STORE,29051100,NOS,0,0,0
TL415,T4399BLOA/B14063,,PAD SPRING,Tools,BLANKING,PIANO STORE,29051100,NOS,0,0,0
TL416,T4504BLOA/B14080-81,,SHIM,Tools,BLANKING,PIANO STORE,29051100,NOS,0,0,0
TL417,T4551FM1A/B14080-81,,SHIM,Tools,FORMING,PIANO STORE,29051100,NOS,0,0,0
TL418,T4795BLOA/B14091,,PRIMARY WASHER,Tools,BLANKING,PIANO STORE,29051100,NOS,0,0,0
TL419,T4782BLOA/B14092,,WEAR PAD,Tools,BLANKING,PIANO STORE,29051100,NOS,0,0,0
TL420,T4605FM0A/B14092,,WEAR PAD,Tools,FORMING,PIANO STORE,29051100,NOS,0,0,0
TL421,T4604FM1A/B14092,,WEAR PAD,Tools,FORMING,PIANO STORE,29051100,NOS,0,0,0
TL422,T4607FM2A/B14092,,WEAR PAD,Tools,FORMING,PIANO STORE,29051100,NOS,0,0,0
TL423,T4605FM3A/B14092,,WEAR PAD,Tools,FORMING,PIANO STORE,29051100,NOS,0,0,0
TL424,BLANKING-RH/B18003,,INDICATOR-RH,Tools,BLANKING,PIANO STORE,29051100,NOS,0,0,0
TL425,FM1A(RIGHT)/B18003,,INDICATOR-RH,Tools,FORMING,PIANO STORE,29051100,NOS,0,0,0
TL426,FM2A (RIGHT)/B18003,,INDICATOR-RH,Tools,FORMING,PIANO STORE,29051100,NOS,0,0,0
TL427,PERMANENT SETTING (RIGHT)/B18003,,INDICATOR-RH,Tools,Piercing,PIANO STORE,29051100,NOS,0,0,0
TL428,BLANKING/B18004,,INDICATOR- LH,Tools,BLANKING,PIANO STORE,29051100,NOS,0,0,0
TL429,FM1A (LEFT)/B18004,,INDICATOR- LH,Tools,FORMING,PIANO STORE,29051100,NOS,0,0,0
TL430,FM2A (LEFT)/B18004,,INDICATOR- LH,Tools,FORMING,PIANO STORE,29051100,NOS,0,0,0
TL431,PERMANENT SETTING (LEFT)/B18004,,INDICATOR- LH,Tools,Piercing,PIANO STORE,29051100,NOS,0,0,0
TL432,T4585BLOA/B18005,,"CLIP,BRAKE HOSE",Tools,BLANKING,PIANO STORE,29051100,NOS,0,0,0
TL433,T4579FMOA/B18005,,"CLIP,BRAKE HOSE",Tools,FORMING,PIANO STORE,29051100,NOS,0,0,0
TL434,T4528BLOA/B18007,,SPRING,Tools,BLANKING,PIANO STORE,29051100,NOS,0,0,0
TL435,T4524EMOA/B18007,,SPRING,Tools,Embossing,PIANO STORE,29051100,NOS,0,0,0
TL436,T4559FM1A/B18007,,SPRING,Tools,FORMING,PIANO STORE,29051100,NOS,0,0,0
TL437,T4561FM2A/B18007,,SPRING,Tools,FORMING,PIANO STORE,29051100,NOS,0,0,0
TL438,T4545FM1A/B18008,,LEVER PAWL,Tools,FORMING,PIANO STORE,29051100,NOS,0,0,0
TL439,T4550FM2A/B18008,,LEVER PAWL,Tools,FORMING,PIANO STORE,29051100,NOS,0,0,0
TL440,T4557EMOA/B18008,,LEVER PAWL,Tools,Embossing,PIANO STORE,29051100,NOS,0,0,0
TL441,T4635CHOA/B18008,,LEVER PAWL,Tools,CHAMFERING,PIANO STORE,29051100,NOS,0,0,0
TL442,T4549PROA/B18008,,LEVER PAWL,Tools,Progressive,PIANO STORE,29051100,NOS,0,0,0
TL443,T4556 PROA/B18009,,LEVER PAWL,Tools,Progressive,PIANO STORE,29051100,NOS,0,0,0
TL444,T4557 EMOA/B18009,,LEVER PAWL,Tools,Embossing,PIANO STORE,29051100,NOS,0,0,0
TL445,T4553 FM1A/B18009,,LEVER PAWL,Tools,FORMING,PIANO STORE,29051100,NOS,0,0,0
TL446,T4554 FM2A/B18009,,LEVER PAWL,Tools,FORMING,PIANO STORE,29051100,NOS,0,0,0
TL447,T4704 BLOA/B18011,,CIRCLIP,Tools,BLANKING,PIANO STORE,29051100,NOS,0,0,0
TL448,T4716BLOA/B18021,,CIRCLIP,Tools,BLANKING,PIANO STORE,29051100,NOS,0,0,0
TL449,T4718HLOA/B18021,,CIRCLIP,Tools,HOLING,PIANO STORE,29051100,NOS,0,0,0
TL450,T4808FM1A/B18022,,CLIP SLIDING,Tools,FORMING,PIANO STORE,29051100,NOS,0,0,0
TL451,T4809FM2A/B18022,,CLIP SLIDING,Tools,FORMING,PIANO STORE,29051100,NOS,0,0,0
TL452,T1707BLOA/D01003X,,LOCK CLIP (S) 0.5,Tools,BLANKING,PIANO STORE,29051100,NOS,0,0,0
TL453,T1719LN1A/D01003X,,LOCK CLIP (S) 0.5,Tools,Lancing,PIANO STORE,29051100,NOS,0,0,0
TL454,T1720LN2A/D01003X,,LOCK CLIP (S) 0.5,Tools,Lancing,PIANO STORE,29051100,NOS,0,0,0
TL455,T111FMOA/D01003X,,LOCK CLIP (S) 0.5,Tools,FORMING,PIANO STORE,29051100,NOS,0,0,0
TL456,T112BLOA/D01004X,,WASHER 22.8X40X0.6,Tools,BLANKING,PIANO STORE,29051100,NOS,0,0,0
TL457,T113BLOA/D01004X,,WASHER 22.8X40X0.6,Tools,BLANKING,PIANO STORE,29051100,NOS,0,0,0
TL458,T1284BLOA/D01004X,,WASHER 22.8X40X0.6,Tools,BLANKING,PIANO STORE,29051100,NOS,0,0,0
TL459,T114BLOA/D01005Y,,WASHER LOCK 0.4,Tools,BLANKING,PIANO STORE,29051100,NOS,0,0,0
TL460,T1930BLOA/D01005Y,,WASHER LOCK 0.4,Tools,BLANKING,PIANO STORE,29051100,NOS,0,0,0
TL461,T1423FMOA/D01005Y,,WASHER LOCK 0.4,Tools,FORMING,PIANO STORE,29051100,NOS,0,0,0
TL462,T118BLOA/D01006Y,,WAVE WASHER,Tools,BLANKING,PIANO STORE,29051100,NOS,0,0,0
TL463,T1345BLOA/D01006Y,,WAVE WASHER,Tools,BLANKING,PIANO STORE,29051100,NOS,0,0,0
TL464,T1561FMOA/D01006Y,,WAVE WASHER,Tools,FORMING,PIANO STORE,29051100,NOS,0,0,0
TL465,T1357BLOA/D01007H,,PL. PR.WASHER 0.4,Tools,BLANKING,PIANO STORE,29051100,NOS,0,0,0
TL466,T2302BLOA/D01007H,,PL. PR.WASHER 0.4,Tools,BLANKING,PIANO STORE,29051100,NOS,0,0,0
TL467,T2302BLOB/D01007H,,PL. PR.WASHER 0.4,Tools,BLANKING,PIANO STORE,29051100,NOS,0,0,0
TL468,T2421BLOA/D01007H,,PL. PR.WASHER 0.4,Tools,BLANKING,PIANO STORE,29051100,NOS,0,0,0
TL469,T1214SLOA/D01007H,,PL. PR.WASHER 0.4,Tools,Slot Cutting,PIANO STORE,29051100,NOS,0,0,0
TL470,T122SLOA/D01007H,,PL. PR.WASHER 0.4,Tools,Slot Cutting,PIANO STORE,29051100,NOS,0,0,0
TL471,T0123SLOA/D01007H,,PL. PR.WASHER 0.4,Tools,Slot Cutting,PIANO STORE,29051100,NOS,0,0,0
TL472,T1044SLOA/D01007H,,PL. PR.WASHER 0.4,Tools,Slot Cutting,PIANO STORE,29051100,NOS,0,0,0
TL473,T128FM1A/D01007H,,PL. PR.WASHER 0.4,Tools,FORMING,PIANO STORE,29051100,NOS,0,0,0
TL474,T1977FM1A/D01007H,,PL. PR.WASHER 0.4,Tools,FORMING,PIANO STORE,29051100,NOS,0,0,0
TL475,T1977FM1B/D01007H,,PL. PR.WASHER 0.4,Tools,FORMING,PIANO STORE,29051100,NOS,0,0,0
TL476,T2127FM2A/D01007H,,PL. PR.WASHER 0.4,Tools,FORMING,PIANO STORE,29051100,NOS,0,0,0
TL477,T2127FM2B/D01007H,,PL. PR.WASHER 0.4,Tools,FORMING,PIANO STORE,29051100,NOS,0,0,0
TL478,T2127FM2C/D01007H,,PL. PR.WASHER 0.4,Tools,FORMING,PIANO STORE,29051100,NOS,0,0,0
TL479,T1572BLOA/D01009H,,SQ.WASHER,Tools,BLANKING,PIANO STORE,29051100,NOS,0,0,0
TL480,T1888BLOA/D01009H,,SQ.WASHER,Tools,BLANKING,PIANO STORE,29051100,NOS,0,0,0
TL481,T1888BLOB/D01009H,,SQ.WASHER,Tools,BLANKING,PIANO STORE,29051100,NOS,0,0,0
TL482,T1888BLOC/D01009H,,SQ.WASHER,Tools,BLANKING,PIANO STORE,29051100,NOS,0,0,0
TL483,T1835SVOA/D01009H,,SQ.WASHER,Tools,Sawing,PIANO STORE,29051100,NOS,0,0,0
TL484,T1835SVOB/D01009H,,SQ.WASHER,Tools,Sawing,PIANO STORE,29051100,NOS,0,0,0
TL485,T1835SVOC/D01009H,,SQ.WASHER,Tools,Sawing,PIANO STORE,29051100,NOS,0,0,0
TL486,T1835SVOD/D01009H,,SQ.WASHER,Tools,Sawing,PIANO STORE,29051100,NOS,0,0,0
TL487,T1835SVOE/D01009H,,SQ.WASHER,Tools,Sawing,PIANO STORE,29051100,NOS,0,0,0
TL488,T1835SVOF/D01009H,,SQ.WASHER,Tools,Sawing,PIANO STORE,29051100,NOS,0,0,0
TL489,T1910SVOA/D01009H,,SQ.WASHER,Tools,Sawing,PIANO STORE,29051100,NOS,0,0,0
TL490,T1910SVOB/D01009H,,SQ.WASHER,Tools,Sawing,PIANO STORE,29051100,NOS,0,0,0
TL491,T1553CHOA/D01009H,,SQ.WASHER,Tools,CHAMFERING,PIANO STORE,29051100,NOS,0,0,0
TL492,T1765CHOA/D01009H,,SQ.WASHER,Tools,CHAMFERING,PIANO STORE,29051100,NOS,0,0,0
TL493,T1765CHOB/D01009H,,SQ.WASHER,Tools,CHAMFERING,PIANO STORE,29051100,NOS,0,0,0
TL494,T1765CHOC/D01009H,,SQ.WASHER,Tools,CHAMFERING,PIANO STORE,29051100,NOS,0,0,0
TL495,T1765CHOD/D01009H,,SQ.WASHER,Tools,CHAMFERING,PIANO STORE,29051100,NOS,0,0,0
TL496,T1610CHOA/D01009H,,SQ.WASHER,Tools,CHAMFERING,PIANO STORE,29051100,NOS,0,0,0
TL497,T1190BLOA/D01011Y,,WASHER 19.8X30X0.6,Tools,BLANKING,PIANO STORE,29051100,NOS,0,0,0
TL498,T1554BLOA/D01011Y,,WASHER 19.8X30X0.6,Tools,BLANKING,PIANO STORE,29051100,NOS,0,0,0
TL499,T1227BLOA/D01011Y,,WASHER 19.8X30X0.6,Tools,BLANKING,PIANO STORE,29051100,NOS,0,0,0
TL500,2187BLOA/D01011Y,,WASHER 19.8X30X0.6,Tools,BLANKING,PIANO STORE,29051100,NOS,0,0,0
TL501,T1292BLOA/D01012H,,ROUND WASHER 6.94X2,Tools,BLANKING,PIANO STORE,29051100,NOS,0,0,0
TL502,T1467BLOA/D01012H,,ROUND WASHER 6.94X2,Tools,BLANKING,PIANO STORE,29051100,NOS,0,0,0
TL503,T1045BLOA/D01014H,,WASHER 8.1X14X0.5,Tools,BLANKING,PIANO STORE,29051100,NOS,0,0,0
TL504,T132BLOA/D01014H,,WASHER 8.1X14X0.5,Tools,BLANKING,PIANO STORE,29051100,NOS,0,0,0
TL505,T3539BLOB/D01014H,,WASHER 8.1X14X0.5,Tools,BLANKING,PIANO STORE,29051100,NOS,0,0,0
TL506,T3539BLOC/D01014H,,WASHER 8.1X14X0.5,Tools,BLANKING,PIANO STORE,29051100,NOS,0,0,0
TL507,T1293BLOA/D01016Z,,WASHER 8X14.5X1.2,Tools,BLANKING,PIANO STORE,29051100,NOS,0,0,0
TL508,T1430BLOA/D01016Z,,WASHER 8X14.5X1.2,Tools,BLANKING,PIANO STORE,29051100,NOS,0,0,0
TL509,T3613BLOA/D01016Z,,WASHER 8X14.5X1.2,Tools,BLANKING,PIANO STORE,29051100,NOS,0,0,0
TL510,T1251CUOA/D01016Z,,WASHER 8X14.5X1.2,Tools,Cutting,PIANO STORE,29051100,NOS,0,0,0
TL511,T1251CUOB/D01016Z,,WASHER 8X14.5X1.2,Tools,Cutting,PIANO STORE,29051100,NOS,0,0,0
TL512,T1292CUOA/D01016Z,,WASHER 8X14.5X1.2,Tools,Cutting,PIANO STORE,29051100,NOS,0,0,0
TL513,T1461CUOA/D01016Z,,WASHER 8X14.5X1.2,Tools,Cutting,PIANO STORE,29051100,NOS,0,0,0
TL514,T1441CUOA/D01016Z,,WASHER 8X14.5X1.2,Tools,Cutting,PIANO STORE,29051100,NOS,0,0,0
TL515,T1265BLOA/D01017H,,W. WASHER,Tools,BLANKING,PIANO STORE,29051100,NOS,0,0,0
TL516,T1564BLOA/D01017H,,W. WASHER,Tools,BLANKING,PIANO STORE,29051100,NOS,0,0,0
TL517,T1125FMOA/D01017H,,W. WASHER,Tools,FORMING,PIANO STORE,29051100,NOS,0,0,0
TL518,T1237FMOA/D01017H,,W. WASHER,Tools,FORMING,PIANO STORE,29051100,NOS,0,0,0
TL519,T1483BLOA/D01018H,,W. WASHER 10.3X18.3X0.20,Tools,BLANKING,PIANO STORE,29051100,NOS,0,0,0
TL520,T2194BLOA/D01018H,,W. WASHER 10.3X18.3X0.20,Tools,BLANKING,PIANO STORE,29051100,NOS,0,0,0
TL521,T1496FMOA/D01018H,,W. WASHER 10.3X18.3X0.20,Tools,FORMING,PIANO STORE,29051100,NOS,0,0,0
TL522,T1601FMOA/D01018H,,W. WASHER 10.3X18.3X0.20,Tools,FORMING,PIANO STORE,29051100,NOS,0,0,0
TL523,T2646BLOA/D01020H,,E-RING 7 X 0.8mm,Tools,BLANKING,PIANO STORE,29051100,NOS,0,0,0
TL524,T1009BLOA/D01025X,,WASHER PL. 15.1X26X0.4,Tools,BLANKING,PIANO STORE,29051100,NOS,0,0,0
TL525,T1010BLOA/D01026X,,WASHER PL. 22.8X43X0.6,Tools,BLANKING,PIANO STORE,29051100,NOS,0,0,0
TL526,T1012BLOA/D01028Y,,WASHER PL.15.1X26X1.8,Tools,BLANKING,PIANO STORE,29051100,NOS,0,0,0
TL527,T1490BLOA/D01028Y,,WASHER PL.15.1X26X1.8,Tools,BLANKING,PIANO STORE,29051100,NOS,0,0,0
TL528,T1013BLOA/D01029Y,,WASHER PL.7.6X17.9X0.6,Tools,BLANKING,PIANO STORE,29051100,NOS,0,0,0
TL529,T1058BLOA/D01033H,,L.WASHER.N288 0.3,Tools,BLANKING,PIANO STORE,29051100,NOS,0,0,0
TL530,T1221FMOA/D01033H,,L.WASHER.N288 0.3,Tools,FORMING,PIANO STORE,29051100,NOS,0,0,0
TL531,T1221FMOB/D01033H,,L.WASHER.N288 0.3,Tools,FORMING,PIANO STORE,29051100,NOS,0,0,0
TL532,T1255BLOA/D01034X,,W.WASH,Tools,BLANKING,PIANO STORE,29051100,NOS,0,0,0
TL533,T2350BLOA/D01034X,,W.WASH,Tools,BLANKING,PIANO STORE,29051100,NOS,0,0,0
TL534,T1147FMOA/D01034X,,W.WASH,Tools,FORMING,PIANO STORE,29051100,NOS,0,0,0
TL535,T1616FMOA/D01034X,,W.WASH,Tools,FORMING,PIANO STORE,29051100,NOS,0,0,0
TL536,T1617FMOA/D01034X,,W.WASH,Tools,FORMING,PIANO STORE,29051100,NOS,0,0,0
TL537,T1239BLOA/D01036W,,W.W. 24.3X33.7X0.7,Tools,BLANKING,PIANO STORE,29051100,NOS,0,0,0
TL538,T1402BLOA/D01036W,,W.W. 24.3X33.7X0.7,Tools,BLANKING,PIANO STORE,29051100,NOS,0,0,0
TL539,T1493FMOA/D01036W,,W.W. 24.3X33.7X0.7,Tools,FORMING,PIANO STORE,29051100,NOS,0,0,0
TL540,T1903BLOA/D01037,,WASHER TEETH,Tools,BLANKING,PIANO STORE,29051100,NOS,0,0,0
TL541,T1887FMOA/D01037,,WASHER TEETH,Tools,FORMING,PIANO STORE,29051100,NOS,0,0,0
TL542,T1889BLOA/D01038,,W/ WASHER,Tools,BLANKING,PIANO STORE,29051100,NOS,0,0,0
TL543,T2594FMOA/D01038,,W/ WASHER,Tools,FORMING,PIANO STORE,29051100,NOS,0,0,0
TL544,T1885FMOA/D01038,,W/ WASHER,Tools,FORMING,PIANO STORE,29051100,NOS,0,0,0
TL545,T2004BLOA/D01039,,PLATE END 4.8X1.5,Tools,BLANKING,PIANO STORE,29051100,NOS,0,0,0
TL546,T2004BLOB/D01039,,PLATE END 4.8X1.5,Tools,BLANKING,PIANO STORE,29051100,NOS,0,0,0
TL547,T1990FMOA/D01039,,PLATE END 4.8X1.5,Tools,FORMING,PIANO STORE,29051100,NOS,0,0,0
TL548,T1990FMOB/D01039,,PLATE END 4.8X1.5,Tools,FORMING,PIANO STORE,29051100,NOS,0,0,0
TL549,T2032BLOA/D01042,,WASHER LOCK,Tools,BLANKING,PIANO STORE,29051100,NOS,0,0,0
TL550,T2019FMOA/D01042,,WASHER LOCK,Tools,FORMING,PIANO STORE,29051100,NOS,0,0,0
TL551,T2365BLOA/D01043,,"WASHER,STARTER",Tools,BLANKING,PIANO STORE,29051100,NOS,0,0,0
TL552,T2393BLOA/D01044,,WASHER,Tools,BLANKING,PIANO STORE,29051100,NOS,0,0,0
TL553,T2386FMOA/D01044,,WASHER,Tools,FORMING,PIANO STORE,29051100,NOS,0,0,0
TL554,T2440FM1A/D01045,,STOPPER,Tools,FORMING,PIANO STORE,29051100,NOS,0,0,0
TL555,T2793FM2A/D01045,,STOPPER,Tools,FORMING,PIANO STORE,29051100,NOS,0,0,0
TL556,T2430FMOA/D01046,,WASHER,Tools,FORMING,PIANO STORE,29051100,NOS,0,0,0
TL557,T2563BLOA/D01047,,"WASHER,STARTER",Tools,BLANKING,PIANO STORE,29051100,NOS,0,0,0
TL558,T4651BLOA/D15007,,WASHER - BELLEVILLE,Tools,BLANKING,PIANO STORE,29051100,NOS,0,0,0
TL559,T4657BL0A/D15008,,CLIP,Tools,BLANKING,PIANO STORE,29051100,NOS,0,0,0
TL560,T4650BLOA/D15009,,WASHER FLAT,Tools,BLANKING,PIANO STORE,29051100,NOS,0,0,0
TL561,T4679BLOA/D15013-15,,SHIM,Tools,BLANKING,PIANO STORE,29051100,NOS,0,0,0
TL562,T4658BLOA/D15016-19,,SHIM,Tools,BLANKING,PIANO STORE,29051100,NOS,0,0,0
TL563,T4673BLOA/D15020,,WASHER -KEYED,Tools,BLANKING,PIANO STORE,29051100,NOS,0,0,0
TL564,T4771BL0A/D15024,,SHIM,Tools,BLANKING,PIANO STORE,29051100,NOS,0,0,0
TL565,T4770BL0A/D15025,,SHIM,Tools,BLANKING,PIANO STORE,29051100,NOS,0,0,0
TL566,T4606BLOA/D17001,,BELLEVILLE SPRING,Tools,BLANKING,PIANO STORE,29051100,NOS,0,0,0
TL567,T1073BLOA/E04001,,WASHER,Tools,BLANKING,PIANO STORE,29051100,NOS,0,0,0
TL568,T1078FMOA/E04001,,WASHER,Tools,FORMING,PIANO STORE,29051100,NOS,0,0,0
TL569,T1074BLOA/E04002,,WASHER,Tools,BLANKING,PIANO STORE,29051100,NOS,0,0,0
TL570,T2298BLOA/E04002,,WASHER,Tools,BLANKING,PIANO STORE,29051100,NOS,0,0,0
TL571,T1438BLOA/E04003,,WASHER,Tools,BLANKING,PIANO STORE,29051100,NOS,0,0,0
TL572,T2928BLOA/E18001,,CONE SPRING,Tools,BLANKING,PIANO STORE,29051100,NOS,0,0,0
TL573,T2926FMOA/E18001,,CONE SPRING,Tools,FORMING,PIANO STORE,29051100,NOS,0,0,0
TL574,T2670BLOA/E18002,,THRUST WASHER,Tools,BLANKING,PIANO STORE,29051100,NOS,0,0,0
TL575,T2606BLOA/E18003,,CONE SPRING,Tools,BLANKING,PIANO STORE,29051100,NOS,0,0,0
TL576,T2610FMOA/E18003,,CONE SPRING,Tools,FORMING,PIANO STORE,29051100,NOS,0,0,0
TL577,T2687BLOA/E18004,,CONE SPRING,Tools,BLANKING,PIANO STORE,29051100,NOS,0,0,0
TL578,T2669FMOA/E18004,,CONE SPRING,Tools,FORMING,PIANO STORE,29051100,NOS,0,0,0
TL579,T2669FMOB/E18004,,CONE SPRING,Tools,FORMING,PIANO STORE,29051100,NOS,0,0,0
TL580,T2672BLOA/E18005,,CONE SPRING,Tools,BLANKING,PIANO STORE,29051100,NOS,0,0,0
TL581,T2666FMOA/E18005,,CONE SPRING,Tools,FORMING,PIANO STORE,29051100,NOS,0,0,0
TL582,T1220BLOA/E18007,,CIRCLIP,Tools,BLANKING,PIANO STORE,29051100,NOS,0,0,0
TL583,T2608BLOA/E18008,,CIRCLIP B28X1.2,Tools,BLANKING,PIANO STORE,29051100,NOS,0,0,0
TL584,T2609HLOA/E18008,,CIRCLIP B28X1.2,Tools,HOLING,PIANO STORE,29051100,NOS,0,0,0
TL585,T1253BLOA/E18009,,CONE SPRING,Tools,BLANKING,PIANO STORE,29051100,NOS,0,0,0
TL586,T1472AFMOA/E18009,,CONE SPRING,Tools,FORMING,PIANO STORE,29051100,NOS,0,0,0
TL587,T1545BLOA/E18010,,WASHER THRUST,Tools,BLANKING,PIANO STORE,29051100,NOS,0,0,0
TL588,T3329BLOA/E18010,,WASHER THRUST,Tools,BLANKING,PIANO STORE,29051100,NOS,0,0,0
TL589,T4008BLOA/E18016,,CONE SPRING,Tools,BLANKING,PIANO STORE,29051100,NOS,0,0,0
TL590,T4044FMOA/E18016,,CONE SPRING,Tools,FORMING,PIANO STORE,29051100,NOS,0,0,0
TL591,T4819BLOA/E22001,,WAVE WASHER,Tools,BLANKING,PIANO STORE,29051100,NOS,0,0,0
TL592,T2001BLOA/F01007,,0.5 JUDDER,Tools,BLANKING,PIANO STORE,29051100,NOS,0,0,0
TL593,T2001BLOB/F01007,,0.5 JUDDER,Tools,BLANKING,PIANO STORE,29051100,NOS,0,0,0
TL594,T2001BLOC/F01007,,0.5 JUDDER,Tools,BLANKING,PIANO STORE,29051100,NOS,0,0,0
TL595,T2001BLOD/F01007,,0.5 JUDDER,Tools,BLANKING,PIANO STORE,29051100,NOS,0,0,0
TL596,T2001BLOE/F01007,,0.5 JUDDER,Tools,BLANKING,PIANO STORE,29051100,NOS,0,0,0
TL597,T1472FMOA/F01007,,0.5 JUDDER,Tools,FORMING,PIANO STORE,29051100,NOS,0,0,0
TL598,T1472FMOB/F01007,,0.5 JUDDER,Tools,FORMING,PIANO STORE,29051100,NOS,0,0,0
TL599,T1472FMOC/F01007,,0.5 JUDDER,Tools,FORMING,PIANO STORE,29051100,NOS,0,0,0
TL600,T1472FMOD/F01007,,0.5 JUDDER,Tools,FORMING,PIANO STORE,29051100,NOS,0,0,0
TL601,T1472FMOE/F01007,,0.5 JUDDER,Tools,FORMING,PIANO STORE,29051100,NOS,0,0,0
TL602,T1215BLOA/F01010,,SPRING CLUTCH FRICTION,Tools,BLANKING,PIANO STORE,29051100,NOS,0,0,0
TL603,T1338BLOA/F01010,,SPRING CLUTCH FRICTION,Tools,BLANKING,PIANO STORE,29051100,NOS,0,0,0
TL604,T1146FMOA/F01010,,SPRING CLUTCH FRICTION,Tools,FORMING,PIANO STORE,29051100,NOS,0,0,0
TL605,T1484FMOA/F01010,,SPRING CLUTCH FRICTION,Tools,FORMING,PIANO STORE,29051100,NOS,0,0,0
TL606,T1289BLOA/F01012,,DISC WASHER 35X44.6,Tools,BLANKING,PIANO STORE,29051100,NOS,0,0,0
TL607,T1258FMOA/F01012,,DISC WASHER 35X44.7,Tools,FORMING,PIANO STORE,29051100,NOS,0,0,0
TL608,T1486FMOA/F01012,,DISC WASHER 35X44.8,Tools,FORMING,PIANO STORE,29051100,NOS,0,0,0
TL609,T1487FMOA/F01012,,DISC WASHER 35X44.9,Tools,FORMING,PIANO STORE,29051100,NOS,0,0,0
TL610,T1488FMOA/F01012,,DISC WASHER 35X44.10,Tools,FORMING,PIANO STORE,29051100,NOS,0,0,0
TL611,T1866BLOA/F01013,,SPRING JUDDER 96.2X107X1,Tools,BLANKING,PIANO STORE,29051100,NOS,0,0,0
TL612,T1866BLOB/F01013,,SPRING JUDDER 96.2X107X2,Tools,BLANKING,PIANO STORE,29051100,NOS,0,0,0
TL613,T1646FMOA/F01013,,SPRING JUDDER 96.2X107X2,Tools,FORMING,PIANO STORE,29051100,NOS,0,0,0
TL614,T1646FMOB/F01013,,SPRING JUDDER 96.2X107X2,Tools,FORMING,PIANO STORE,29051100,NOS,0,0,0
TL615,T1646FMOC/F01013,,SPRING JUDDER 96.2X107X2,Tools,FORMING,PIANO STORE,29051100,NOS,0,0,0
TL616,T1660BLOA/F01014,,SEAT JUDDER SPRING 96.2X107X1.0,Tools,BLANKING,PIANO STORE,29051100,NOS,0,0,0
TL617,T1660BLOB/F01014,,SEAT JUDDER SPRING 96.2X107X1.0,Tools,BLANKING,PIANO STORE,29051100,NOS,0,0,0
TL618,T1690BLOA/F01015,,SPRING FRICTION,Tools,BLANKING,PIANO STORE,29051100,NOS,0,0,0
TL619,T1462FMOA/F01015,,SPRING FRICTION,Tools,FORMING,PIANO STORE,29051100,NOS,0,0,0
TL620,T1694BLOA/F01016,,SPRING CLUTCH DISK,Tools,BLANKING,PIANO STORE,29051100,NOS,0,0,0
TL621,T1694BLOB/F01016,,SPRING CLUTCH DISK,Tools,BLANKING,PIANO STORE,29051100,NOS,0,0,0
TL622,T3625BLOC/F01016,,SPRING CLUTCH DISK,Tools,BLANKING,PIANO STORE,29051100,NOS,0,0,0
TL623,T1688FMOA/F01016,,SPRING CLUTCH DISK,Tools,FORMING,PIANO STORE,29051100,NOS,0,0,0
TL624,T1688FMOB/F01016,,SPRING CLUTCH DISK,Tools,FORMING,PIANO STORE,29051100,NOS,0,0,0
TL625,1716BLOA/F01017,,PLATE STRAP,Tools,BLANKING,PIANO STORE,29051100,NOS,0,0,0
TL626,T2115BLOA/F01017,,PLATE STRAP,Tools,BLANKING,PIANO STORE,29051100,NOS,0,0,0
TL627,T2115BLOB/F01017,,PLATE STRAP,Tools,BLANKING,PIANO STORE,29051100,NOS,0,0,0
TL628,T1864BLOA/F01018,,SPRING JUDDER,Tools,BLANKING,PIANO STORE,29051100,NOS,0,0,0
TL629,T1864BLOB/F01018,,SPRING JUDDER,Tools,BLANKING,PIANO STORE,29051100,NOS,0,0,0
TL630,T1864BLOC/F01018,,SPRING JUDDER,Tools,BLANKING,PIANO STORE,29051100,NOS,0,0,0
TL631,T1864BLOD/F01018,,SPRING JUDDER,Tools,BLANKING,PIANO STORE,29051100,NOS,0,0,0
TL632,T1864BLOE/F01018,,SPRING JUDDER,Tools,BLANKING,PIANO STORE,29051100,NOS,0,0,0
TL633,T1864BLOF/F01018,,SPRING JUDDER,Tools,BLANKING,PIANO STORE,29051100,NOS,0,0,0
TL634,T2029FMOA/F01018,,SPRING JUDDER,Tools,FORMING,PIANO STORE,29051100,NOS,0,0,0
TL635,T2029FMOB/F01018,,SPRING JUDDER,Tools,FORMING,PIANO STORE,29051100,NOS,0,0,0
TL636,T2029FMOC/F01018,,SPRING JUDDER,Tools,FORMING,PIANO STORE,29051100,NOS,0,0,0
TL637,T2029FMOD/F01018,,SPRING JUDDER,Tools,FORMING,PIANO STORE,29051100,NOS,0,0,0
TL638,T1777BLOA/F01019,,WASHER THURST,Tools,BLANKING,PIANO STORE,29051100,NOS,0,0,0
TL639,T2277BLOB/F01019,,WASHER THURST,Tools,BLANKING,PIANO STORE,29051100,NOS,0,0,0
TL640,T1780BLOA/F01020,,WASHER THURST,Tools,BLANKING,PIANO STORE,29051100,NOS,0,0,0
TL641,T1778FMOA/F01020,,WASHER THURST,Tools,FORMING,PIANO STORE,29051100,NOS,0,0,0
TL642,T1866BLOA/F01022,,SPRING JUDDER,Tools,BLANKING,PIANO STORE,29051100,NOS,0,0,0
TL643,T1866BLOB/F01022,,SPRING JUDDER,Tools,BLANKING,PIANO STORE,29051100,NOS,0,0,0
TL644,T1866BLOC/F01022,,SPRING JUDDER,Tools,BLANKING,PIANO STORE,29051100,NOS,0,0,0
TL645,T1934FMOA/F01022,,SPRING JUDDER,Tools,FORMING,PIANO STORE,29051100,NOS,0,0,0
TL646,T1934FMOB/F01022,,SPRING JUDDER,Tools,FORMING,PIANO STORE,29051100,NOS,0,0,0
TL647,T1972BLOA/F01023,,SEAT JUDDER SPRING,Tools,BLANKING,PIANO STORE,29051100,NOS,0,0,0
TL648,T1972BLOB/F01023,,SEAT JUDDER SPRING,Tools,BLANKING,PIANO STORE,29051100,NOS,0,0,0
TL649,T2042BLOA/F01026,,WASHER,Tools,BLANKING,PIANO STORE,29051100,NOS,0,0,0
TL650,T2042BLOB/F01026,,WASHER,Tools,BLANKING,PIANO STORE,29051100,NOS,0,0,0
TL651,T2045BLOA/F01027-33,,SPRING CLUTCH,Tools,BLANKING,PIANO STORE,29051100,NOS,0,0,0
TL652,T2045BLOB/F01027-33,,SPRING CLUTCH,Tools,BLANKING,PIANO STORE,29051100,NOS,0,0,0
TL653,T2045BLOC/F01027-33,,SPRING CLUTCH,Tools,BLANKING,PIANO STORE,29051100,NOS,0,0,0
TL654,T2047FMOA/F01027-33,,SPRING CLUTCH,Tools,FORMING,PIANO STORE,29051100,NOS,0,0,0
TL655,T2047FMOB/F01027-33,,SPRING CLUTCH,Tools,FORMING,PIANO STORE,29051100,NOS,0,0,0
TL656,T1289BLOA/F01028,,WASHER CLUTCH HOUSING WAVE,Tools,BLANKING,PIANO STORE,29051100,NOS,0,0,0
TL657,T2176BLOA/F01029,,WASHER CLUTCH HOUSING WAVE,Tools,BLANKING,PIANO STORE,29051100,NOS,0,0,0
TL658,T2174FMOA/F01029,,WASHER CLUTCH HOUSING WAVE,Tools,FORMING,PIANO STORE,29051100,NOS,0,0,0
TL659,T2192BLOA/F01030,,WASHER CLUTCH PLATE WAVE,Tools,BLANKING,PIANO STORE,29051100,NOS,0,0,0
TL660,T2192BLOB/F01030,,WASHER CLUTCH PLATE WAVE,Tools,BLANKING,PIANO STORE,29051100,NOS,0,0,0
TL661,T2175FMOA/F01030,,WASHER CLUTCH PLATE WAVE,Tools,FORMING,PIANO STORE,29051100,NOS,0,0,0
TL662,T2175FMOB/F01030,,WASHER CLUTCH PLATE WAVE,Tools,FORMING,PIANO STORE,29051100,NOS,0,0,0
TL663,T2206BLOA/F01031,,SEAT DISK SPRING,Tools,BLANKING,PIANO STORE,29051100,NOS,0,0,0
TL664,T2206BLOB/F01031,,SEAT DISK SPRING,Tools,BLANKING,PIANO STORE,29051100,NOS,0,0,0
TL665,T2209BLOA/F01032,,SPRING DISK,Tools,BLANKING,PIANO STORE,29051100,NOS,0,0,0
TL666,T2209BLOB/F01032,,SPRING DISK,Tools,BLANKING,PIANO STORE,29051100,NOS,0,0,0
TL667,T2209BLOC/F01032,,SPRING DISK,Tools,BLANKING,PIANO STORE,29051100,NOS,0,0,0
TL668,T2209BLOD/F01032,,SPRING DISK,Tools,BLANKING,PIANO STORE,29051100,NOS,0,0,0
TL669,T2202FMOA/F01032,,SPRING DISK,Tools,FORMING,PIANO STORE,29051100,NOS,0,0,0
TL670,T2202FMOB/F01032,,SPRING DISK,Tools,FORMING,PIANO STORE,29051100,NOS,0,0,0
TL671,T2202FMOC/F01032,,SPRING DISK,Tools,FORMING,PIANO STORE,29051100,NOS,0,0,0
TL672,T2202FMOD/F01032,,SPRING DISK,Tools,FORMING,PIANO STORE,29051100,NOS,0,0,0
TL673,T2529BLOA/F01035,,SPRING DISK ¢46.5X¢58X0.8,Tools,BLANKING,PIANO STORE,29051100,NOS,0,0,0
TL674,T2525FMOA/F01035,,SPRING DISK ¢46.5X¢58X0.8,Tools,FORMING,PIANO STORE,29051100,NOS,0,0,0
TL675,T2794BLOA/F01038,,SPRING CLUTCH DISK,Tools,BLANKING,PIANO STORE,29051100,NOS,0,0,0
TL676,T3908FMOA/F01038,,SPRING CLUTCH DISK,Tools,FORMING,PIANO STORE,29051100,NOS,0,0,0
TL677,T2577BLOA/F01039,,SPRING FRICTION,Tools,BLANKING,PIANO STORE,29051100,NOS,0,0,0
TL678,T2576FMOA/F01039,,SPRING FRICTION,Tools,FORMING,PIANO STORE,29051100,NOS,0,0,0
TL679,T2608BLOA/F01040,,INT.CIRCLIP B28X1.2,Tools,BLANKING,PIANO STORE,29051100,NOS,0,0,0
TL680,T2608BLOB/F01040,,INT.CIRCLIP B28X1.3,Tools,BLANKING,PIANO STORE,29051100,NOS,0,0,0
TL681,T2727PROA/F01040,,INT.CIRCLIP B28X1.4,Tools,Progressive,PIANO STORE,29051100,NOS,0,0,0
TL682,T3458BLOA/F01040,,INT.CIRCLIP B28X1.5,Tools,BLANKING,PIANO STORE,29051100,NOS,0,0,0
TL683,T3821BLOA/F01040,,INT.CIRCLIP B28X1.6,Tools,BLANKING,PIANO STORE,29051100,NOS,0,0,0
TL684,T2646BLOA/F01041,,E CLIP 7MM,Tools,BLANKING,PIANO STORE,29051100,NOS,0,0,0
TL685,T2646BLOB/F01041,,E CLIP 7MM,Tools,BLANKING,PIANO STORE,29051100,NOS,0,0,0
TL686,T2859BLOA/F01042,,SPRING CLUTCH DISK,Tools,BLANKING,PIANO STORE,29051100,NOS,0,0,0
TL687,T2859BLOB/F01042,,SPRING CLUTCH DISK,Tools,BLANKING,PIANO STORE,29051100,NOS,0,0,0
TL688,T3524BLOA/F01042,,SPRING CLUTCH DISK,Tools,BLANKING,PIANO STORE,29051100,NOS,0,0,0
TL689,T2783FMOA/F01042,,SPRING CLUTCH DISK,Tools,FORMING,PIANO STORE,29051100,NOS,0,0,0
TL690,T2783FMOB/F01042,,SPRING CLUTCH DISK,Tools,FORMING,PIANO STORE,29051100,NOS,0,0,0
TL691,T2781FMOA/F01043,,SPRING CLUTCH DISK,Tools,FORMING,PIANO STORE,29051100,NOS,0,0,0
TL692,T1821BLOA/F01044,,SPRING CLUTCH FRICTION,Tools,BLANKING,PIANO STORE,29051100,NOS,0,0,0
TL693,T1821BLOB/F01044,,SPRING CLUTCH FRICTION,Tools,BLANKING,PIANO STORE,29051100,NOS,0,0,0
TL694,T2840FMOA/F01044,,SPRING CLUTCH FRICTION,Tools,FORMING,PIANO STORE,29051100,NOS,0,0,0
TL695,T2840FMOB/F01044,,SPRING CLUTCH FRICTION,Tools,FORMING,PIANO STORE,29051100,NOS,0,0,0
TL696,T2840FMOC/F01044,,SPRING CLUTCH FRICTION,Tools,FORMING,PIANO STORE,29051100,NOS,0,0,0
TL697,T2895SZOA/F01044,,SPRING CLUTCH FRICTION,Tools,Sizing,PIANO STORE,29051100,NOS,0,0,0
TL698,T2265BLOA/F01045,,WASHER,Tools,BLANKING,PIANO STORE,29051100,NOS,0,0,0
TL699,T1550BLOA/F01046,,SPRING CLUTCH FRICTION,Tools,BLANKING,PIANO STORE,29051100,NOS,0,0,0
TL700,T2845FMOA/F01046,,SPRING CLUTCH FRICTION,Tools,FORMING,PIANO STORE,29051100,NOS,0,0,0
TL701,T1813BLOA/F01047,,SPRING JUDDER,Tools,BLANKING,PIANO STORE,29051100,NOS,0,0,0
TL702,T1813BLOB/F01047,,SPRING JUDDER,Tools,BLANKING,PIANO STORE,29051100,NOS,0,0,0
TL703,T1813BLOC/F01047,,SPRING JUDDER,Tools,BLANKING,PIANO STORE,29051100,NOS,0,0,0
TL704,T2909FMOA/F01047,,SPRING JUDDER,Tools,FORMING,PIANO STORE,29051100,NOS,0,0,0
TL705,T2909FMOB/F01047,,SPRING JUDDER,Tools,FORMING,PIANO STORE,29051100,NOS,0,0,0
TL706,T2909FMOC/F01047,,SPRING JUDDER,Tools,FORMING,PIANO STORE,29051100,NOS,0,0,0
TL707,T1808BLOA/F01048,,SEAT JUDDER SPRING,Tools,BLANKING,PIANO STORE,29051100,NOS,0,0,0
TL708,T1808BLOB/F01048,,SEAT JUDDER SPRING,Tools,BLANKING,PIANO STORE,29051100,NOS,0,0,0
TL709,T3022BLOA/F01049,,WASHER SPLINE,Tools,BLANKING,PIANO STORE,29051100,NOS,0,0,0
TL710,T3099SVOA/F01049,,WASHER SPLINE,Tools,Sawing,PIANO STORE,29051100,NOS,0,0,0
TL711,T3025SVOA/F01049,,WASHER SPLINE,Tools,Sawing,PIANO STORE,29051100,NOS,0,0,0
TL712,T3128BLOA/F01054,,SEAT DISK SPRING,Tools,BLANKING,PIANO STORE,29051100,NOS,0,0,0
TL713,T3130BLOA/F01055,,WASHER CLUTCH,Tools,BLANKING,PIANO STORE,29051100,NOS,0,0,0
TL714,T3129FMOA/F01055,,WASHER CLUTCH,Tools,FORMING,PIANO STORE,29051100,NOS,0,0,0
TL715,T3131BLOA/F01056,,PLATE THRUST,Tools,BLANKING,PIANO STORE,29051100,NOS,0,0,0
TL716,T3623BLOA/F01056,,PLATE THRUST,Tools,BLANKING,PIANO STORE,29051100,NOS,0,0,0
TL717,T3623BLOB/F01056,,PLATE THRUST,Tools,BLANKING,PIANO STORE,29051100,NOS,0,0,0
TL718,T3594BLOA/F01056,,PLATE THRUST,Tools,BLANKING,PIANO STORE,29051100,NOS,0,0,0
TL719,T3134SVOA/F01056,,PLATE THRUST,Tools,Sawing,PIANO STORE,29051100,NOS,0,0,0
TL720,T3132SVOA/F01056,,PLATE THRUST,Tools,Sawing,PIANO STORE,29051100,NOS,0,0,0
TL721,T3548SVOA/F01056,,PLATE THRUST,Tools,Sawing,PIANO STORE,29051100,NOS,0,0,0
TL722,T1660BLOA/F01063,,PLATE SEAT,Tools,BLANKING,PIANO STORE,29051100,NOS,0,0,0
TL723,T1660BLOA/F01064,,SPRING CUSHION,Tools,BLANKING,PIANO STORE,29051100,NOS,0,0,0
TL724,T1494BLOA/F01065,,WASHER PLAIN,Tools,BLANKING,PIANO STORE,29051100,NOS,0,0,0
TL725,T3218BLOA/F01066,,SEAT SPRING,Tools,BLANKING,PIANO STORE,29051100,NOS,0,0,0
TL726,T3218BLOB/F01066,,SEAT SPRING,Tools,BLANKING,PIANO STORE,29051100,NOS,0,0,0
TL727,T3218BLOC/F01066,,SEAT SPRING,Tools,BLANKING,PIANO STORE,29051100,NOS,0,0,0
TL728,T3615BLOA/F01066,,SEAT SPRING,Tools,BLANKING,PIANO STORE,29051100,NOS,0,0,0
TL729,T1372BLOA/F01074,,SPRING CLUTCH FRICTION KTC VA,Tools,BLANKING,PIANO STORE,29051100,NOS,0,0,0
TL730,T2135BLOA/F01074,,SPRING CLUTCH FRICTION KTC VA,Tools,BLANKING,PIANO STORE,29051100,NOS,0,0,0
TL731,T1341FMOA/F01074,,SPRING CLUTCH FRICTION KTC VA,Tools,FORMING,PIANO STORE,29051100,NOS,0,0,0
TL732,T1341FMOB/F01074,,SPRING CLUTCH FRICTION KTC VA,Tools,FORMING,PIANO STORE,29051100,NOS,0,0,0
TL733,T1484FMOA/F01074,,SPRING CLUTCH FRICTION KTC VA,Tools,FORMING,PIANO STORE,29051100,NOS,0,0,0
TL734,T3610BLOA/F01076,,WASHER THRUST,Tools,BLANKING,PIANO STORE,29051100,NOS,0,0,0
TL735,T3610BLOB/F01076,,WASHER THRUST,Tools,BLANKING,PIANO STORE,29051100,NOS,0,0,0
TL736,T3610BLOC/F01076,,WASHER THRUST,Tools,BLANKING,PIANO STORE,29051100,NOS,0,0,0
TL737,T3610BLOD/F01076,,WASHER THRUST,Tools,BLANKING,PIANO STORE,29051100,NOS,0,0,0
TL738,T3617BLOA/F01077,,WASHER,Tools,BLANKING,PIANO STORE,29051100,NOS,0,0,0
TL739,T3617BLOB/F01077,,WASHER,Tools,BLANKING,PIANO STORE,29051100,NOS,0,0,0
TL740,T3825BLOA/F01079,,STOPPER CLUTCH SPRING,Tools,BLANKING,PIANO STORE,29051100,NOS,0,0,0
TL741,T3672FMOA/F01079,,STOPPER CLUTCH SPRING,Tools,FORMING,PIANO STORE,29051100,NOS,0,0,0
TL742,T3674SZ1A/F01079,,STOPPER CLUTCH SPRING,Tools,Sizing,PIANO STORE,29051100,NOS,0,0,0
TL743,T3675SZ2A/F01079,,STOPPER CLUTCH SPRING,Tools,Sizing,PIANO STORE,29051100,NOS,0,0,0
TL744,T3713HLOA/F01079,,STOPPER CLUTCH SPRING,Tools,HOLING,PIANO STORE,29051100,NOS,0,0,0
TL745,T2529BLOA/F01083,,WASHER CLUTCH,Tools,BLANKING,PIANO STORE,29051100,NOS,0,0,0
TL746,T2529BLOB/F01083,,WASHER CLUTCH,Tools,BLANKING,PIANO STORE,29051100,NOS,0,0,0
TL747,T2525FMOA/F01083,,WASHER CLUTCH,Tools,FORMING,PIANO STORE,29051100,NOS,0,0,0
TL748,T3615BLOA/F01085,,SEAT CLUTCH SPRING,Tools,BLANKING,PIANO STORE,29051100,NOS,0,0,0
TL749,T1813BLOA/F01086,,SPRING JUDDER,Tools,BLANKING,PIANO STORE,29051100,NOS,0,0,0
TL750,T2909FMOA/F01086,,SPRING JUDDER,Tools,FORMING,PIANO STORE,29051100,NOS,0,0,0
TL751,T4128BLOA/F01088,,SEAT SPRING,Tools,BLANKING,PIANO STORE,29051100,NOS,0,0,0
TL752,T4148BLOA/F01090,,SPRING,Tools,BLANKING,PIANO STORE,29051100,NOS,0,0,0
TL753,T4146FMOA/F01090,,SPRING,Tools,FORMING,PIANO STORE,29051100,NOS,0,0,0
TL754,T4327BLOA/F01091,,SPRING CLUTCH FRICTION,Tools,BLANKING,PIANO STORE,29051100,NOS,0,0,0
TL755,T4217FMOA/F01091,,SPRING CLUTCH FRICTION,Tools,FORMING,PIANO STORE,29051100,NOS,0,0,0
TL756,T4645BLOA/F01097,,SEAT JUDDER SPRING,Tools,BLANKING,PIANO STORE,29051100,NOS,0,0,0
TL757,T4648BLOA/F01100,,SPRING JUDDER,Tools,BLANKING,PIANO STORE,29051100,NOS,0,0,0
TL758,T4643FMOA/F01100,,SPRING JUDDER,Tools,FORMING,PIANO STORE,29051100,NOS,0,0,0
TL759,T4647BLOA/F01101,,SEAT SPRING,Tools,BLANKING,PIANO STORE,29051100,NOS,0,0,0
TL760,T3842BLOA/F01106,,SEAT CLUTCH FRICTION,Tools,BLANKING,PIANO STORE,29051100,NOS,0,0,0
TL761,T4839BLOA/F01112,,"CIRCLIP,INTERNAL",Tools,BLANKING,PIANO STORE,29051100,NOS,0,0,0
TL762,T4841HLOA/F01112,,"CIRCLIP,INTERNAL",Tools,HOLING,PIANO STORE,29051100,NOS,0,0,0
TL763,T4833BLOA/F01113,,SPRING WAVE,Tools,BLANKING,PIANO STORE,29051100,NOS,0,0,0
TL764,T4847FMOA/F01113,,SPRING WAVE,Tools,FORMING,PIANO STORE,29051100,NOS,0,0,0
TL765,T1112 GAP CUTTING/F02001W,,INT.RET.RING 1.55,Tools,Cutting,PIANO STORE,29051100,NOS,0,0,0
TL766,T1097BLOA/F02003WX,,EXT.RET. RING 1.27,Tools,BLANKING,PIANO STORE,29051100,NOS,0,0,0
TL767,T1118 GAP CUTTING/F02003WX,,EXT.RET. RING 1.27,Tools,Cutting,PIANO STORE,29051100,NOS,0,0,0
TL768,T1901BLOA/F02005,,EXT. RET RING 0.63,Tools,BLANKING,PIANO STORE,29051100,NOS,0,0,0
TL769,T1427BLOA/F02005,,EXT. RET RING 0.63,Tools,BLANKING,PIANO STORE,29051100,NOS,0,0,0
TL770,T1428FMOA/F02005,,EXT. RET RING 0.63,Tools,FORMING,PIANO STORE,29051100,NOS,0,0,0
TL771,T1290HLOA/F02005,,EXT. RET RING 0.63,Tools,HOLING,PIANO STORE,29051100,NOS,0,0,0
TL772,T1290HLOB/F02005,,EXT. RET RING 0.63,Tools,HOLING,PIANO STORE,29051100,NOS,0,0,0
TL773,T1096BLOA/F02007,,THRUST WASHER,Tools,BLANKING,PIANO STORE,29051100,NOS,0,0,0
TL774,T1085BLOA/F02008,,THRUST WASHER,Tools,BLANKING,PIANO STORE,29051100,NOS,0,0,0
TL775,T1097FMOA/F02008,,THRUST WASHER,Tools,FORMING,PIANO STORE,29051100,NOS,0,0,0
TL776,T1257BLOA/F02010,,INT.CIRCLIP 48X1.57,Tools,BLANKING,PIANO STORE,29051100,NOS,0,0,0
TL777,T1485HLOA/F02010,,INT.CIRCLIP 48X1.57,Tools,HOLING,PIANO STORE,29051100,NOS,0,0,0
TL778,T3918FMOA/F02016,,DISK PACK CLIP,Tools,FORMING,PIANO STORE,29051100,NOS,0,0,0
TL779,T3918FMOB/F02016,,DISK PACK CLIP,Tools,FORMING,PIANO STORE,29051100,NOS,0,0,0
TL780,T2740BLOA/F04035,,BELLIVELLE SPRING,Tools,BLANKING,PIANO STORE,29051100,NOS,0,0,0
TL781,T2741HLOA/F04035,,BELLIVELLE SPRING,Tools,HOLING,PIANO STORE,29051100,NOS,0,0,0
TL782,T2653FMOA/F04035,,BELLIVELLE SPRING,Tools,FORMING,PIANO STORE,29051100,NOS,0,0,0
TL783,T2629SZOA/F04035,,BELLIVELLE SPRING,Tools,Sizing,PIANO STORE,29051100,NOS,0,0,0
TL784,T2287BLOA/F08001,,EXT. CIRCLIP -A22X1,Tools,BLANKING,PIANO STORE,29051100,NOS,0,0,0
TL785,T1595HLOA/F08001,,EXT. CIRCLIP -A22X1,Tools,HOLING,PIANO STORE,29051100,NOS,0,0,0
TL786,T1595HLOB/F08001,,EXT. CIRCLIP -A22X1,Tools,HOLING,PIANO STORE,29051100,NOS,0,0,0
TL787,T1595HLOC/F08001,,EXT. CIRCLIP -A22X1,Tools,HOLING,PIANO STORE,29051100,NOS,0,0,0
TL788,T3580BLOA/F08002,,WASHER PLAIN,Tools,BLANKING,PIANO STORE,29051100,NOS,0,0,0
TL789,1600BLOA/F08003,,WASHER,Tools,BLANKING,PIANO STORE,29051100,NOS,0,0,0
TL790,T2432BLOA/F08004,,EXT. CIRCLIP -SP A20X1.2,Tools,BLANKING,PIANO STORE,29051100,NOS,0,0,0
TL791,T1882HLOA/F08004,,EXT. CIRCLIP -SP A20X1.2,Tools,HOLING,PIANO STORE,29051100,NOS,0,0,0
TL792,T1882HLOB/F08004,,EXT. CIRCLIP -SP A20X1.2,Tools,HOLING,PIANO STORE,29051100,NOS,0,0,0
TL793,T1882HLOC/F08004,,EXT. CIRCLIP -SP A20X1.2,Tools,HOLING,PIANO STORE,29051100,NOS,0,0,0
TL794,T1599BLOA/F08005,,WASHER 1MM,Tools,BLANKING,PIANO STORE,29051100,NOS,0,0,0
TL795,T3340BLOA/F08006,,WASHER,Tools,BLANKING,PIANO STORE,29051100,NOS,0,0,0
TL796,T1369BLOA/F08007,,WASHER PLAIN,Tools,BLANKING,PIANO STORE,29051100,NOS,0,0,0
TL797,T1856BLOA/F08007,,WASHER PLAIN,Tools,BLANKING,PIANO STORE,29051100,NOS,0,0,0
TL798,T3159BLOA/F08007,,WASHER PLAIN,Tools,BLANKING,PIANO STORE,29051100,NOS,0,0,0
TL799,T4110BLOA/F08008,,SEEGER-RING -SW-16,Tools,BLANKING,PIANO STORE,29051100,NOS,0,0,0
TL800,T4475BLOA/F08012,,THRUST WASHER,Tools,BLANKING,PIANO STORE,29051100,NOS,0,0,0
TL801,T4480BLOA/F08013,,RETAINING RING,Tools,BLANKING,PIANO STORE,29051100,NOS,0,0,0
TL802,T4489SVOA/F08013,,RETAINING RING,Tools,Sawing,PIANO STORE,29051100,NOS,0,0,0
TL803,T4486HLOA/F08013,,RETAINING RING,Tools,HOLING,PIANO STORE,29051100,NOS,0,0,0
TL804,T4476BLOA/F08014,,THRUST WASHER,Tools,BLANKING,PIANO STORE,29051100,NOS,0,0,0
TL805,T4479BLOA/F08016,,RETAINING RING,Tools,BLANKING,PIANO STORE,29051100,NOS,0,0,0
TL806,T4487SVOA/F08016,,RETAINING RING,Tools,Sawing,PIANO STORE,29051100,NOS,0,0,0
TL807,T4484HLOA/F08016,,RETAINING RING,Tools,HOLING,PIANO STORE,29051100,NOS,0,0,0
TL808,T4580BLOA/F08017,,THRUST WASHER,Tools,BLANKING,PIANO STORE,29051100,NOS,0,0,0
TL809,T4582BLOA/F08018,,THRUST WASHER,Tools,BLANKING,PIANO STORE,29051100,NOS,0,0,0
TL810,T4581BLOA/F08019,,THRUST WASHER,Tools,BLANKING,PIANO STORE,29051100,NOS,0,0,0
TL811,T4583BLOA/F08020,,THRUST WASHER,Tools,BLANKING,PIANO STORE,29051100,NOS,0,0,0
TL812,T4517SVOA/F08021,,RETAINING RING,Tools,Sawing,PIANO STORE,29051100,NOS,0,0,0
TL813,T4588BLOA/F08022,,Sprengring SW-27 Groove ring SW-27,Tools,BLANKING,PIANO STORE,29051100,NOS,0,0,0
TL814,T4586BLOA/F08023,,Sicherungspring 41.5x2 Retaining ring 41.5x2,Tools,BLANKING,PIANO STORE,29051100,NOS,0,0,0
TL815,T4662BLOA/F08024,,RING -SNAP,Tools,BLANKING,PIANO STORE,29051100,NOS,0,0,0
TL816,T4665 GAP CUTTING/F08024,,RING -SNAP,Tools,Cutting,PIANO STORE,29051100,NOS,0,0,0
TL817,T4675BLOA/F08025,,PLUG,Tools,BLANKING,PIANO STORE,29051100,NOS,0,0,0
TL818,T4660FMOA/F08025,,PLUG,Tools,FORMING,PIANO STORE,29051100,NOS,0,0,0
TL819,T4684BLOA/F08026,,WASHER,Tools,BLANKING,PIANO STORE,29051100,NOS,0,0,0
TL820,T4864BLOA/F08026,,WASHER,Tools,BLANKING,PIANO STORE,29051100,NOS,0,0,0
TL821,T4664BLOA/F08027,,RING -SNAP,Tools,BLANKING,PIANO STORE,29051100,NOS,0,0,0
TL822,T4670GAP CUTTING/F08027,,RING -SNAP,Tools,Cutting,PIANO STORE,29051100,NOS,0,0,0
TL823,T4686BLOA/F08028,,WASHER,Tools,BLANKING,PIANO STORE,29051100,NOS,0,0,0
TL824,T4717BLOA/F08029,,ANLAUFRING -14.2X17.8X0.5,Tools,BLANKING,PIANO STORE,29051100,NOS,0,0,0
TL825,T4624BLOA/G09003,,FLANGE,Tools,BLANKING,PIANO STORE,29051100,NOS,0,0,0
TL826,T4612DROA/G09003,,FLANGE,Tools,Draw,PIANO STORE,29051100,NOS,0,0,0
TL827,T4652FMOA/G09003,,FLANGE,Tools,FORMING,PIANO STORE,29051100,NOS,0,0,0
TL828,T4614PEOA/G09003,,FLANGE,Tools,Piercing,PIANO STORE,29051100,NOS,0,0,0
TL829,T4592BLOA/G10001,,MOTOR CLIP ROLLO -DY,Tools,BLANKING,PIANO STORE,29051100,NOS,0,0,0
TL830,T4551FM1A/G10001,,MOTOR CLIP ROLLO -DY,Tools,FORMING,PIANO STORE,29051100,NOS,0,0,0
TL831,T4542FM2A/G10001,,MOTOR CLIP ROLLO -DY,Tools,FORMING,PIANO STORE,29051100,NOS,0,0,0
TL832,T4597FM3A/G10001,,MOTOR CLIP ROLLO -DY,Tools,FORMING,PIANO STORE,29051100,NOS,0,0,0
TL833,T4593BLOA/G10002,,MOTOR CLIP (SILVER),Tools,BLANKING,PIANO STORE,29051100,NOS,0,0,0
TL834,T4552FM1A/G10002,,MOTOR CLIP (SILVER),Tools,FORMING,PIANO STORE,29051100,NOS,0,0,0
TL835,T4598FM3A/G10002,,MOTOR CLIP (SILVER),Tools,FORMING,PIANO STORE,29051100,NOS,0,0,0
TL836,T4668FM1A/G10003,,MOTOR CLIP,Tools,FORMING,PIANO STORE,29051100,NOS,0,0,0
TL837,T4750FM2A/G10003,,MOTOR CLIP,Tools,FORMING,PIANO STORE,29051100,NOS,0,0,0
TL838,T4666FM3A/G10003,,MOTOR CLIP,Tools,FORMING,PIANO STORE,29051100,NOS,0,0,0
TL839,T4671FM1A/G10004,,MOTOR CLIP LARGE,Tools,FORMING,PIANO STORE,29051100,NOS,0,0,0
TL840,T4676FM2A/G10004,,MOTOR CLIP LARGE,Tools,FORMING,PIANO STORE,29051100,NOS,0,0,0
TL841,T4674FM3A/G10004,,MOTOR CLIP LARGE,Tools,FORMING,PIANO STORE,29051100,NOS,0,0,0
TL842,T1864BLOA/H01001,,SPRING JUDDER,Tools,BLANKING,PIANO STORE,29051100,NOS,0,0,0
TL843,T1229BLOA/H01003W,,WASHER 16.2X27X3,Tools,BLANKING,PIANO STORE,29051100,NOS,0,0,0
TL844,T1213SVOA/H01003W,,WASHER 16.2X27X3,Tools,Sawing,PIANO STORE,29051100,NOS,0,0,0
TL845,T1243BLOA/H01004W,,WASHER 10.2X24X3,Tools,BLANKING,PIANO STORE,29051100,NOS,0,0,0
TL846,T1952SVOA/H01004W,,WASHER 10.2X24X3,Tools,Sawing,PIANO STORE,29051100,NOS,0,0,0
TL847,T1953SVOA/H01004W,,WASHER 10.2X24X3,Tools,Sawing,PIANO STORE,29051100,NOS,0,0,0
TL848,T1953SVOB/H01004W,,WASHER 10.2X24X3,Tools,Sawing,PIANO STORE,29051100,NOS,0,0,0
TL849,T2186BLOA/H01006W,,WASHER 15.2X32X3,Tools,BLANKING,PIANO STORE,29051100,NOS,0,0,0
TL850,T1969SVOA/H01006W,,WASHER 15.2X32X3,Tools,Sawing,PIANO STORE,29051100,NOS,0,0,0
TL851,T1040BLOA/H01007W,,WASHER 18.2X45X1,Tools,BLANKING,PIANO STORE,29051100,NOS,0,0,0
TL852,T0691FMOA/H01007W,,WASHER 18.2X45X1,Tools,FORMING,PIANO STORE,29051100,NOS,0,0,0
TL853,/H01008X,,HOSE CLAMP,Tools,,PIANO STORE,29051100,NOS,0,0,0
TL854,T0011BLOA/H01010X,,DISC W. 16.2X27X2,Tools,,PIANO STORE,29051100,NOS,0,0,0
TL855,T2427BLOA/H01010X,,DISC W. 16.2X27X2,Tools,,PIANO STORE,29051100,NOS,0,0,0
TL856,T0012FMOA/H01010X,,DISC W. 16.2X27X2,Tools,,PIANO STORE,29051100,NOS,0,0,0
TL857,T2415FMOA/H01010X,,DISC W. 16.2X27X2,Tools,,PIANO STORE,29051100,NOS,0,0,0
TL858,T1710BLOA/H01012X,,SP. CIRC. 20X1.2,Tools,,PIANO STORE,29051100,NOS,0,0,0
TL859,T1710BLOB/H01012X,,SP. CIRC. 20X1.2,Tools,,PIANO STORE,29051100,NOS,0,0,0
TL860,T0015BLOA/H01014X,,LOCK SHIM 20X26X1.6,Tools,,PIANO STORE,29051100,NOS,0,0,0
TL861,T0017BLOA/H01016X,,LOCK SHIM 20X26X1.2,Tools,,PIANO STORE,29051100,NOS,0,0,0
TL862,T2164BLOA/H01016X,,LOCK SHIM 20X26X1.2,Tools,,PIANO STORE,29051100,NOS,0,0,0
TL863,T1970BLOA/H01017X,,LOCK SHIM 17X21X1.2,Tools,,PIANO STORE,29051100,NOS,0,0,0
TL864,T2118BLOA/H01017X,,LOCK SHIM 17X21X1.2,Tools,,PIANO STORE,29051100,NOS,0,0,0
TL865,T2375SVOA/H01017X,,LOCK SHIM 17X21X1.2,Tools,,PIANO STORE,29051100,NOS,0,0,0
TL866,T1152BLOA/H01018X,,LOCK SHIM 20X24X1.2,Tools,,PIANO STORE,29051100,NOS,0,0,0
TL867,T2120BLOA/H01018X,,LOCK SHIM 20X24X1.2,Tools,,PIANO STORE,29051100,NOS,0,0,0
TL868,T1770BLOA/H01019X,,LOCK CLIP,Tools,,PIANO STORE,29051100,NOS,0,0,0
TL869,T1585FM1A/H01019X,,LOCK CLIP,Tools,,PIANO STORE,29051100,NOS,0,0,0
TL870,T1608FM1A/H01019X,,LOCK CLIP,Tools,,PIANO STORE,29051100,NOS,0,0,0
TL871,T0073FM2A/H01019X,,LOCK CLIP,Tools,,PIANO STORE,29051100,NOS,0,0,0
TL872,T1362FM2B/H01019X,,LOCK CLIP,Tools,,PIANO STORE,29051100,NOS,0,0,0
TL873,T1362FM2C/H01019X,,LOCK CLIP,Tools,,PIANO STORE,29051100,NOS,0,0,0
TL874,T2093BLOA/H01019X,,LOCK CLIP,Tools,,PIANO STORE,29051100,NOS,0,0,0
TL875,T1971BLOA/H01020X,,CIRC.20X1.2,Tools,,PIANO STORE,29051100,NOS,0,0,0
TL876,T1971BLOB/H01020X,,CIRC.20X1.2,Tools,,PIANO STORE,29051100,NOS,0,0,0
TL877,T1971BLOC/H01020X,,CIRC.20X1.2,Tools,,PIANO STORE,29051100,NOS,0,0,0
TL878,T1971BLOD/H01020X,,CIRC.20X1.2,Tools,,PIANO STORE,29051100,NOS,0,0,0
TL879,T1677BLOA/H01022X,,CIRC.17X1.2,Tools,,PIANO STORE,29051100,NOS,0,0,0
TL880,T1677BLOB/H01022X,,CIRC.17X1.2,Tools,,PIANO STORE,29051100,NOS,0,0,0
TL881,T1677BLOC/H01022X,,CIRC.17X1.2,Tools,,PIANO STORE,29051100,NOS,0,0,0
TL882,T2333BLOA/H01022X,,CIRC.17X1.2,Tools,,PIANO STORE,29051100,NOS,0,0,0
TL883,T1559BLOA/H01023X,,W.17(17.2X28X1.6),Tools,,PIANO STORE,29051100,NOS,0,0,0
TL884,T2410BLOB/H01023X,,W.17(17.2X28X1.6),Tools,,PIANO STORE,29051100,NOS,0,0,0
TL885,T2410BLOC/H01023X,,W.17(17.2X28X1.6),Tools,,PIANO STORE,29051100,NOS,0,0,0
TL886,T0038BLOA/H01024X,,W.16.7X24X1,Tools,,PIANO STORE,29051100,NOS,0,0,0
TL887,T0011BLOA/H01025Y,,Cut W.14.3X24X2,Tools,,PIANO STORE,29051100,NOS,0,0,0
TL888,T0039BLOA/H01025Y,,Cut W.14.3X24X2,Tools,,PIANO STORE,29051100,NOS,0,0,0
TL889,T1126BLOA/H01025Y,,Cut W.14.3X24X2,Tools,,PIANO STORE,29051100,NOS,0,0,0
TL890,T1414BLOA/H01025Y,,Cut W.14.3X24X2,Tools,,PIANO STORE,29051100,NOS,0,0,0
TL891,T1595BLOA/H01025Y,,Cut W.14.3X24X2,Tools,,PIANO STORE,29051100,NOS,0,0,0
TL892,T1706BLOA/H01025Y,,Cut W.14.3X24X2,Tools,,PIANO STORE,29051100,NOS,0,0,0
TL893,T1706BLOB/H01025Y,,Cut W.14.3X24X2,Tools,,PIANO STORE,29051100,NOS,0,0,0
TL894,T1708BLOA/H01025Y,,Cut W.14.3X24X2,Tools,,PIANO STORE,29051100,NOS,0,0,0
TL895,T1620BLOA/H01025Y,,Cut W.14.3X24X2,Tools,,PIANO STORE,29051100,NOS,0,0,0
TL896,T0043BLOA/H01026Y,,CIRC.B23 MM,Tools,,PIANO STORE,29051100,NOS,0,0,0
TL897,T2303BLOA/H01026Y,,CIRC.B23 MM,Tools,,PIANO STORE,29051100,NOS,0,0,0
TL898,T2010 GAP CUTTING/H01026Y,,CIRC.B23 MM,Tools,,PIANO STORE,29051100,NOS,0,0,0
TL899,T1192BLOA/H01027Y,,W.17(17.2X26X1.2),Tools,,PIANO STORE,29051100,NOS,0,0,0
TL900,T1562BLOA/H01027Y,,W.17(17.2X26X1.2),Tools,,PIANO STORE,29051100,NOS,0,0,0
TL901,T2414BLOA/H01027Y,,W.17(17.2X26X1.2),Tools,,PIANO STORE,29051100,NOS,0,0,0
TL902,T0045BLOA/H01028Y,,W.15.2X25X1,Tools,,PIANO STORE,29051100,NOS,0,0,0
TL903,T0047BLOA/H01029Y,,W.20 (20.2X27X1),Tools,,PIANO STORE,29051100,NOS,0,0,0
TL904,T1077BLOA/H01029Y,,W.20 (20.2X27X1),Tools,,PIANO STORE,29051100,NOS,0,0,0
TL905,T1260BLOA/H01029Y,,W.20 (20.2X27X1),Tools,,PIANO STORE,29051100,NOS,0,0,0
TL906,T0048BLOA/H01030Y,,SHIM 18.6X26.3X1,Tools,,PIANO STORE,29051100,NOS,0,0,0
TL907,T1185BLOA/H01031Y,,W. 12 ( 12.2X23X1),Tools,,PIANO STORE,29051100,NOS,0,0,0
TL908,T1502BLOA/H01031Y,,W. 12 ( 12.2X23X1),Tools,,PIANO STORE,29051100,NOS,0,0,0
TL909,T2153BLOA/H01031Y,,W. 12 ( 12.2X23X1),Tools,,PIANO STORE,29051100,NOS,0,0,0
TL910,T2153BLOB/H01031Y,,W. 12 ( 12.2X23X1),Tools,,PIANO STORE,29051100,NOS,0,0,0
TL911,T2153BLOC/H01031Y,,W. 12 ( 12.2X23X1),Tools,,PIANO STORE,29051100,NOS,0,0,0
TL912,T2153BLOD/H01031Y,,W. 12 ( 12.2X23X1),Tools,,PIANO STORE,29051100,NOS,0,0,0
TL913,T2153BLOE/H01031Y,,W. 12 ( 12.2X23X1),Tools,,PIANO STORE,29051100,NOS,0,0,0
TL914,T1944SVOA/H01031Y,,W. 12 ( 12.2X23X1),Tools,,PIANO STORE,29051100,NOS,0,0,0
TL915,T1098BLOA/H01032Y,,W. 17(17.2X24X1),Tools,,PIANO STORE,29051100,NOS,0,0,0
TL916,T1435BLOA/H01032Y,,W. 17(17.2X24X1),Tools,,PIANO STORE,29051100,NOS,0,0,0
TL917,T0052BLOA/H01033Y,,LOCK CLIP,Tools,,PIANO STORE,29051100,NOS,0,0,0
TL918,T0053FMOA/H01033Y,,LOCK CLIP,Tools,,PIANO STORE,29051100,NOS,0,0,0
TL919,T1312BLOA/H01034Y,,DISC W.B14.2X24X1.2,Tools,,PIANO STORE,29051100,NOS,0,0,0
TL920,T1352BLOA/H01034Y,,DISC W.B14.2X24X1.2,Tools,,PIANO STORE,29051100,NOS,0,0,0
TL921,T2275BLOA/H01034Y,,DISC W.B14.2X24X1.2,Tools,,PIANO STORE,29051100,NOS,0,0,0
TL922,T3387BLOA/H01034Y,,DISC W.B14.2X24X1.2,Tools,,PIANO STORE,29051100,NOS,0,0,0
TL923,T0056FMOA/H01034Y,,DISC W.B14.2X24X1.2,Tools,,PIANO STORE,29051100,NOS,0,0,0
TL924,T1507FMOA/H01034Y,,DISC W.B14.2X24X1.2,Tools,,PIANO STORE,29051100,NOS,0,0,0
TL925,T1508FMOA/H01034Y,,DISC W.B14.2X24X1.2,Tools,,PIANO STORE,29051100,NOS,0,0,0
TL926,T1605FMOA/H01034Y,,DISC W.B14.2X24X1.2,Tools,,PIANO STORE,29051100,NOS,0,0,0
TL927,T1832FMOA/H01034Y,,DISC W.B14.2X24X1.2,Tools,,PIANO STORE,29051100,NOS,0,0,0
TL928,T0056 O MARKING/H01034Y,,DISC W.B14.2X24X1.2,Tools,,PIANO STORE,29051100,NOS,0,0,0
TL929,T1505 O MARKING/H01034Y,,DISC W.B14.2X24X1.2,Tools,,PIANO STORE,29051100,NOS,0,0,0
TL930,T1506 O MARKING/H01034Y,,DISC W.B14.2X24X1.2,Tools,,PIANO STORE,29051100,NOS,0,0,0
TL931,T1150BLOA/H01038Y,,LOCK SHIM 17(14X28X0 .5),Tools,,PIANO STORE,29051100,NOS,0,0,0
TL932,T0067BLOA/H01038Y,,LOCK SHIM 17(14X28X0 .5),Tools,,PIANO STORE,29051100,NOS,0,0,0
TL933,T0068BLOA/H01038Y,,LOCK SHIM 17(14X28X0 .5),Tools,,PIANO STORE,29051100,NOS,0,0,0
TL934,T1378BLOA/H01038Y,,LOCK SHIM 17(14X28X0 .5),Tools,,PIANO STORE,29051100,NOS,0,0,0
TL935,T1926BLOA/H01038Y,,LOCK SHIM 17(14X28X0 .5),Tools,,PIANO STORE,29051100,NOS,0,0,0
TL936,T1926BLOB/H01038Y,,LOCK SHIM 17(14X28X0 .5),Tools,,PIANO STORE,29051100,NOS,0,0,0
TL937,T1926BLOC/H01038Y,,LOCK SHIM 17(14X28X0 .5),Tools,,PIANO STORE,29051100,NOS,0,0,0
TL938,T1212BLOA/H01039Y,,SHIM 16.6X23X0.8,Tools,,PIANO STORE,29051100,NOS,0,0,0
TL939,T1956BLOA/H01039Y,,SHIM 16.6X23X0.8,Tools,,PIANO STORE,29051100,NOS,0,0,0
TL940,T1286BLOA/H01039Y,,SHIM 16.6X23X0.8,Tools,,PIANO STORE,29051100,NOS,0,0,0
TL941,T1412BLOA/H01039Y,,SHIM 16.6X23X0.8,Tools,,PIANO STORE,29051100,NOS,0,0,0
TL942,T1985BLOA/H01039Y,,SHIM 16.6X23X0.8,Tools,,PIANO STORE,29051100,NOS,0,0,0
TL943,T0071BLOA/H01040Y,,W. 6.1X16X1.5,Tools,,PIANO STORE,29051100,NOS,0,0,0
TL944,T1505BLOA/H01040Y,,W. 6.1X16X1.5,Tools,,PIANO STORE,29051100,NOS,0,0,0
TL945,T0072BLOA/H01041Y,,W. 17.2X23X0.4,Tools,,PIANO STORE,29051100,NOS,0,0,0
TL946,T1351BLOA/H01042Y,,W. 12.2X18X1,Tools,,PIANO STORE,29051100,NOS,0,0,0
TL947,T1124BLOA/H01042Y,,W. 12.2X18X1,Tools,,PIANO STORE,29051100,NOS,0,0,0
TL948,T2278BLOA/H01043Z,,W. 14.2X20X0.5,Tools,,PIANO STORE,29051100,NOS,0,0,0
TL949,T0076BLOA/H01045Z,,ST. WASH. 6.2X13X0.6,Tools,,PIANO STORE,29051100,NOS,0,0,0
TL950,T1702BLOA/H01045Z,,ST. WASH. 6.2X13X0.6,Tools,,PIANO STORE,29051100,NOS,0,0,0
TL951,T1120BLOA/H01046Z,,D/P 3X10,Tools,,PIANO STORE,29051100,NOS,0,0,0
TL952,T1927BLOA/H01047Z,,LOCK W. 3.8X12X0.3,Tools,,PIANO STORE,29051100,NOS,0,0,0
TL953,T1927BLOB/H01047Z,,LOCK W. 3.8X12X0.3,Tools,,PIANO STORE,29051100,NOS,0,0,0
TL954,T3213PROA/H01047Z,,LOCK W. 3.8X12X0.3,Tools,,PIANO STORE,29051100,NOS,0,0,0
TL955,T1416FMOA/H01047Z,,LOCK W. 3.8X12X0.3,Tools,,PIANO STORE,29051100,NOS,0,0,0
TL956,T1998BLOA/H01063,,SNAP RING HNDL WT.,Tools,,PIANO STORE,29051100,NOS,0,0,0
TL957,T1992FM1A/H01063,,SNAP RING HNDL WT.,Tools,,PIANO STORE,29051100,NOS,0,0,0
TL958,T1992FM1B/H01063,,SNAP RING HNDL WT.,Tools,,PIANO STORE,29051100,NOS,0,0,0
TL959,T1992FM1C/H01063,,SNAP RING HNDL WT.,Tools,,PIANO STORE,29051100,NOS,0,0,0
TL960,T1994FMOA/H01063,,SNAP RING HNDL WT.,Tools,,PIANO STORE,29051100,NOS,0,0,0
TL961,T1994FMOB/H01063,,SNAP RING HNDL WT.,Tools,,PIANO STORE,29051100,NOS,0,0,0
TL962,T1994FMOC/H01063,,SNAP RING HNDL WT.,Tools,,PIANO STORE,29051100,NOS,0,0,0
TL963,T2457SVOA/H01063,,SNAP RING HNDL WT.,Tools,,PIANO STORE,29051100,NOS,0,0,0
TL964,T2025BLOA/H01064,,COVER 02 SENSOR,Tools,,PIANO STORE,29051100,NOS,0,0,0
TL965,T2050FM1A/H01064,,COVER 02 SENSOR,Tools,,PIANO STORE,29051100,NOS,0,0,0
TL966,T2000FM2A/H01064,,COVER 02 SENSOR,Tools,,PIANO STORE,29051100,NOS,0,0,0
TL967,T2119BLOA/H01066,,CIRCLIP16X1.0,Tools,,PIANO STORE,29051100,NOS,0,0,0
TL968,T2126HLOA/H01066,,CIRCLIP16X1.0,Tools,,PIANO STORE,29051100,NOS,0,0,0
TL969,T1533BLOA/H01067,,WASHER 6MM,Tools,,PIANO STORE,29051100,NOS,0,0,0
TL970,T3326BLOA/H01067,,WASHER 6MM,Tools,,PIANO STORE,29051100,NOS,0,0,0
TL971,T3271SVOA/H01067,,WASHER 6MM,Tools,,PIANO STORE,29051100,NOS,0,0,0
TL972,T3270SVOA/H01067,,WASHER 6MM,Tools,,PIANO STORE,29051100,NOS,0,0,0
TL973,T1556BLOA/H01068,,WASHER 12X29X2.3,Tools,,PIANO STORE,29051100,NOS,0,0,0
TL974,T3325BLOA/H01068,,WASHER 12X29X2.3,Tools,,PIANO STORE,29051100,NOS,0,0,0
TL975,T3272SVOA/H01068,,WASHER 12X29X2.3,Tools,,PIANO STORE,29051100,NOS,0,0,0
TL976,T3272SVOB/H01068,,WASHER 12X29X2.3,Tools,,PIANO STORE,29051100,NOS,0,0,0
TL977,T1846/H01069,,WASHER THRUST,Tools,,PIANO STORE,29051100,NOS,0,0,0
TL978,T2876/H01069,,WASHER THRUST,Tools,,PIANO STORE,29051100,NOS,0,0,0
TL979,T3068BLOA/H01070,,NUT CLIP 5MM,Tools,,PIANO STORE,29051100,NOS,0,0,0
TL980,T3059FM1A/H01070,,NUT CLIP 5MM,Tools,,PIANO STORE,29051100,NOS,0,0,0
TL981,T1615FM2A/H01070,,NUT CLIP 5MM,Tools,,PIANO STORE,29051100,NOS,0,0,0
TL982,T3074BLOA/H01071,,WASHER ¢ 8.0X ¢15 X0.5,Tools,,PIANO STORE,29051100,NOS,0,0,0
TL983,T3079FMOA/H01072,,WASHER 10.2X15X1.4,Tools,,PIANO STORE,29051100,NOS,0,0,0
TL984,T3093BLOA/H01073,,WASHER BELEVILLE,Tools,,PIANO STORE,29051100,NOS,0,0,0
TL985,T3090FMOA/H01073,,WASHER BELEVILLE,Tools,,PIANO STORE,29051100,NOS,0,0,0
TL986,T3092BLOA/H01075,,WASHER 11.2X17.5X1.0,Tools,,PIANO STORE,29051100,NOS,0,0,0
TL987,T3727BLOA/H01079,,WAVED SPRING WASHER,Tools,,PIANO STORE,29051100,NOS,0,0,0
TL988,T3727BLOB/H01079,,WAVED SPRING WASHER,Tools,,PIANO STORE,29051100,NOS,0,0,0
TL989,T3727BLOC/H01079,,WAVED SPRING WASHER,Tools,,PIANO STORE,29051100,NOS,0,0,0
TL990,T3714FMOA/H01079,,WAVED SPRING WASHER,Tools,,PIANO STORE,29051100,NOS,0,0,0
TL991,T3714FMOB/H01079,,WAVED SPRING WASHER,Tools,,PIANO STORE,29051100,NOS,0,0,0
TL992,T3714FMOC/H01079,,WAVED SPRING WASHER,Tools,,PIANO STORE,29051100,NOS,0,0,0
TL993,T3714FMOD/H01079,,WAVED SPRING WASHER,Tools,,PIANO STORE,29051100,NOS,0,0,0
TL994,T4449BLOA/H01089,,,Tools,,PIANO STORE,29051100,NOS,0,0,0
TL995,T4450BLOA/H01090,,,Tools,,PIANO STORE,29051100,NOS,0,0,0
TL996,T4437BLOA/H01094,,WASHER STEERING STEM NUT,Tools,,PIANO STORE,29051100,NOS,0,0,0
TL997,T4463BLOA/H01095,,CLIP HARNESS 7MM,Tools,,PIANO STORE,29051100,NOS,0,0,0
TL998,T4594BLOA/H01100,,GASKET OIL STAINER,Tools,,PIANO STORE,29051100,NOS,0,0,0
TL999,T4732BLOA/H01102,,PLATE LOCK SPRING,Tools,,PIANO STORE,29051100,NOS,0,0,0
V05001,BO01602253,,NUT SPRING(9018305807),FG,FINISHED GOODS,STORE,73201019,NOS,1.85,0,0
V05002,BO01602378,,NUT SPRING(90183-05067),FG,FINISHED GOODS,STORE,73201019,NOS,0.83,0,0
V11001,790082,,ELASTIC WASHER K X,FG,FINISHED GOODS,STORE,73182200,NOS,5.36,0,0
V11002,793698,,ELASTIC WASHER,FG,FINISHED GOODS,STORE,73182200,NOS,3.72,0,0
V11005,790045,,ELASTIC WASHER PRE DAMOER (X)/(D),FG,FINISHED GOODS,STORE,73182200,NOS,5.83,0,0
V11007,790386,,WASHER VARIABLE HYSTERISIS C,FG,FINISHED GOODS,STORE,73182200,NOS,7.01,0,0
V11008,790387,,WASHER X (CZ),FG,FINISHED GOODS,STORE,73182200,NOS,4.32,0,0
V11016,908303,,DRIVE STRAP,FG,FINISHED GOODS,STORE,73201019,NOS,1.03,0,0
V11023,1046380,,DRIVE STRAP,FG,FINISHED GOODS,STORE,73201019,NOS,3.13,0,0
V11029,1046378,,DRIVE STRAP-380AL/ESSAR LOCAL,FG,FINISHED GOODS,STORE,73201019,NOS,4.2,0,0
V11031,192264,,E CLIP 1.5,FG,FINISHED GOODS,STORE,73182910,NOS,2.99,0,0
V11032,186681,,DRIVE WASHER,FG,FINISHED GOODS,STORE,73182200,NOS,3.19,0,0
V11034,186384,,LOCK WASHER,FG,FINISHED GOODS,STORE,73182200,NOS,0.94,0,0
V11035,11005746,,CENTERING PIN 12X15(195186 B),FG,FINISHED GOODS,STORE,73201019,NOS,8.43,0,0
V11036,1041811,,ELASTIC WASHER 0.8,FG,FINISHED GOODS,STORE,73182200,NOS,9.28,0,0
V11049,1038422,,PRE DAMPER ELASTIC WASHER,FG,FINISHED GOODS,STORE,73182200,NOS,6.77,0,0
V11050,1039098,,DRIVE STRAP,FG,FINISHED GOODS,STORE,73201019,NOS,1.37,0,0
V11054,1051458,,ELASTIC WASHER,FG,FINISHED GOODS,STORE,73182200,NOS,5.86,0,0
V11056,908233,,ELASTIC WASHER,FG,FINISHED GOODS,STORE,73182200,NOS,4.63,0,0
V11063,1069290,,WAVE WASHER,FG,FINISHED GOODS,STORE,73182200,NOS,8.69,0,0
V11065,1069355(584793),,ELASTIC WASHER,FG,FINISHED GOODS,STORE,73182200,NOS,7.28,0,0
V11067,V11067,0,RIVET ASSEMBLY BY SIX PLACE INDEXING,BOP,BOUGHT OUT,STORE,73182300,NOS,0,0,0
V11069,1069264,,DRIVE STRAP,FG,FINISHED GOODS,STORE,73201019,NOS,3.34,0,0
V11075,1069293,,EL. WASHER,FG,FINISHED GOODS,STORE,73182200,NOS,6.83,0,0
V11076,1069353(742592),,WAVE ELASTIC WASHER,FG,FINISHED GOODS,STORE,73182200,NOS,6.79,0,0
v11080,A1207643,,LOWER,FG,FINISHED GOODS,STORE,73182200,NOS,35.67,0,0
V11081,A1207644,,ROLLED SHEET,FG,FINISHED GOODS,STORE,73201019,NOS,22.08,0,0
V11082,A1207654,,CASE,FG,FINISHED GOODS,STORE,73201019,NOS,13.25,0,0
V11083,A1207645,,UPPER PLATE,FG,FINISHED GOODS,STORE,73182200,NOS,35.44,0,0
V11084,2626298,,HEAT SINK,FG,FINISHED GOODS,STORE,73201019,NOS,3.12,0,0
V11090,106449(1069294),,DOUBLE PEDAL CUSHION,FG,FINISHED GOODS,STORE,73201019,NOS,23.55,0,0
V11091,1069281,,DOUBLE PEDAL CUSHION,FG,FINISHED GOODS,STORE,73201019,NOS,23.13,0,0
V11096,1067531,,TAVERA DRIVE STRAP,FG,FINISHED GOODS,STORE,73201019,NOS,2.06,0,0
V11097,1062842,,SNAP RING TB,FG,FINISHED GOODS,STORE,73182910,NOS,16.89,0,0
V11098,1062841,,TOOTH WASHER TB,FG,FINISHED GOODS,STORE,73182200,NOS,10.69,0,0
V11099,1062839,,ELASTIC WAVE WASHER 0.8,FG,FINISHED GOODS,STORE,73182200,NOS,27.7,0,0
V11103,1212527,,STOP RING,FG,FINISHED GOODS,STORE,73182910,NOS,1.86,0,0
V11104,1222103,,YOKE GAMA,FG,FINISHED GOODS,STORE,73201019,NOS,38.07,0,0
V11107,1073839,,DMF-MAHINDRA ELASTIC WASHER,FG,FINISHED GOODS,STORE,73182200,NOS,28,0,0
V11114,1080911,,DRIVE STRAP -HMI M6CF3,FG,FINISHED GOODS,STORE,73201019,NOS,1.99,0,0
V11117,V11117,0,HOOK RIVIT,BOP,BOUGHT OUT,STORE,73182300,NOS,0,0,0
V11119,1080922,,ED HOOK ASSY -HMI M6CF3,FG,FINISHED GOODS,STORE,73201019,NOS,16.34,0,0
V11120,1206541(A1210722),,MAGNET STAPLE,FG,FINISHED GOODS,STORE,73201019,NOS,2.25,0,0
V11123,389530,,CASE ASSEMBLY.,FG,FINISHED GOODS,STORE,73201019,NOS,60.5,0,0
V11125,1222104,,PAINTED YOKE,FG,FINISHED GOODS,STORE,73201019,NOS,38.07,0,0
V11128,227204,,CASSETTE SUPPORT - MAHINDRA SAT,FG,FINISHED GOODS,STORE,73201019,NOS,14.24,0,0
V11129,1081719,,CUSHION DISC DP-MAHINDRA SAT 2020,FG,FINISHED GOODS,STORE,73201019,NOS,22.78,0,0
V11132,L434630,,SK HEAT SHIELD FOR FOG FUNCTION -LH,FG,FINISHED GOODS,STORE,73201019,NOS,10.97,0,0
V11133,L400710,,sk HEAT SHIELD FOR FOG FUNCTION -RH,FG,FINISHED GOODS,STORE,73201019,NOS,10.97,0,0
V11135,358998,,Spring washer - AL MBP ?380 TC damper,FG,FINISHED GOODS,STORE,73182200,NOS,34.53,0,0
V11136,358723,,Leg Washer - AL MBP ?380 TC damper,FG,FINISHED GOODS,STORE,73182200,NOS,32.38,0,0
V11138,405096,,SWITCH SELF-CRIMPING WASHER,FG,FINISHED GOODS,STORE,73201019,NOS,2.2,0,0
V11142,417502,,MAGNET STAPLE-VW,FG,FINISHED GOODS,STORE,73201019,NOS,3.44,0,0
V11143,421915,,RING FOR 2 PARTS PINION,FG,FINISHED GOODS,STORE,73201019,NOS,2.9,0,0
V11144,422137,,CIRCLIP,FG,FINISHED GOODS,STORE,73182910,NOS,1.9,0,0
V11145,A422166,,CAP FOR PINION,FG,FINISHED GOODS,STORE,73201019,NOS,0,0,0
V11146,427137,,CIRCLIP - VW,FG,FINISHED GOODS,STORE,73182910,NOS,4.65,0,0
V11161,VE02294,,RETAIN RING,FG,FINISHED GOODS,STORE,73182910,NOS,21.95,0,0
V11163,VE81876,,"BRACKET,RESOLVER 37-A (HYFAD)",FG,FINISHED GOODS,STORE,73201019,NOS,6.9,0,0
V13001,09_225793-0-48-03,,SPRING PLATE,FG,FINISHED GOODS,STORE,73182200,NOS,9.5,0,0
V14001,F551-RNBAA-01,,Race - Thrust Bearing RACE-(A),FG,FINISHED GOODS,STORE,73182200,NOS,9.83,0,0
V14002,F552-RNBAA-01,,Race - Thrust Bearing RACE-(B),FG,FINISHED GOODS,STORE,73182200,NOS,9.83,0,0
V14003,F553-RNBAA-01,,Race - Thrust Bearing RACE-(C),FG,FINISHED GOODS,STORE,73182200,NOS,9.83,0,0
V14004,F554-RNBAA-01,,Race - Thrust Bearing RACE-(D),FG,FINISHED GOODS,STORE,73182200,NOS,9.35,0,0
V14005,F555-RNBAA-01,,Race - Thrust Bearing RACE-(E),FG,FINISHED GOODS,STORE,73182200,NOS,9.35,0,0
V14006,F556-RNBAA-01,,Race - Thrust Bearing RACE-(F),FG,FINISHED GOODS,STORE,73182200,NOS,9.35,0,0
V14007,F557-RNBAA-01,,Race - Thrust Bearing RACE-(G),FG,FINISHED GOODS,STORE,73182200,NOS,9.35,0,0
V14008,F558-RNBAA-01,,Race - Thrust Bearing RACE-(H),FG,FINISHED GOODS,STORE,73182200,NOS,9.35,0,0
V14009,F559-RNBAA-01,,Race - Thrust Bearing RACE-(J),FG,FINISHED GOODS,STORE,73182200,NOS,9.35,0,0
V14010,F560-RNBAA-01,,Race - Thrust Bearing RACE-(K)COMP THRUST BRG,FG,FINISHED GOODS,STORE,73182200,NOS,9.35,0,0
X01303,450942,,CIRCLIP A8X0.8,FG,FINISHED GOODS,STORE,73182910,NOS,0.62,0,0
X01304,X01304,0,X01304 CIRC. A10 X 1,BOP,BOUGHT OUT,STORE,73182910,NOS,0,1,0
X01305,X01305,0,X01305 CIRC. A12X1,BOP,BOUGHT OUT,STORE,73182910,NOS,0,1,0
X01306,X01306,0,CIRC. A 14X1,BOP,BOUGHT OUT,STORE,73182910,NOS,0,0,0
X01307,X01307,0,CIRCLIP A15X1,BOP,BOUGHT OUT,STORE,73182910,NOS,0,0,0
X01308,X01308,0,CIRC. A 16 X 1,BOP,BOUGHT OUT,STORE,73182910,NOS,0,0,0
X01311,681,,CIRCLIP A20MM,FG,FINISHED GOODS,STORE,73182910,NOS,1.22,0,0
X01313,679,,CIRCLIP EXTERNAL A25MM,FG,FINISHED GOODS,STORE,73182910,NOS,95,0,0
X01315,680,,CIRCLIP EXTERNAL A28MM,FG,FINISHED GOODS,STORE,73182910,NOS,195,0,0
X01324,KQ06030,,CIRCLIP EXT.A11X1,FG,FINISHED GOODS,STORE,73182910,NOS,0,0,0
X01353,,0,X01353 CIRC. B 15 X 1,BOP,BOUGHT OUT,STORE,73182910,NOS,0,1,0
X01356,99009205000080,,CIRCLIP ® B20X1,FG,FINISHED GOODS,STORE,73182910,NOS,2.05,0,0
X01358,464931,,INT.CIRC.B25,FG,FINISHED GOODS,STORE,73182910,NOS,0,0,0
X01367,93420-42801-00-M2,,CIRCLIP,FG,FINISHED GOODS,STORE,73182910,NOS,5.04,0,0
X01705,3C060032,,E-CLIP 3.2MM,FG,FINISHED GOODS,STORE,73182910,NOS,0,0,0
X01706,P203407,,EXT.CIRCLIP C-4,FG,FINISHED GOODS,STORE,73182910,NOS,0.34,0,0
X01709,26720053,,E CLIP 7X0.9,FG,FINISHED GOODS,STORE,73182910,NOS,1,0,0
X01710,KP02020,,ECLIP 8,FG,FINISHED GOODS,STORE,73182910,NOS,0,0,0
X01817,2X8MM,,DOWEL PIN 2X8MM.,FG,FINISHED GOODS,STORE,73201019,NOS,0.56,0,0
X01829,DL07020,,SPRING DOWEL (DL07020),FG,FINISHED GOODS,STORE,73201019,NOS,1.19,0,0
X01856,A-0000-317-14-020,,CLAMPING SLEEVE DIA 6X10MM,FG,FINISHED GOODS,STORE,73201019,NOS,0.61,0,0
X01878,1201070,,SPRING DOWEL(2 X 16) 1201070,FG,FINISHED GOODS,STORE,73201019,NOS,0.54,0,0
X01879,701030,,SPRING DOWEL(S-0211-000-0016)0701030,FG,FINISHED GOODS,STORE,73201019,NOS,0.41,0,0
X01880,1101070,,SPRING DOWEL( 2X 10)-1101070,FG,FINISHED GOODS,STORE,73201019,NOS,0.58,0,0
Y01001,99009-1240,,CIRCLIP,FG,FINISHED GOODS,STORE,73182910,NOS,0.81,0,0
Z12006,00 1831 001 562 71,,THRUST RING,FG,FINISHED GOODS,STORE,73182200,NOS,15.5,0,0
Z12007,00 1819 000 376 71,,INTERMEDIATE DISC,FG,FINISHED GOODS,STORE,73182200,NOS,12.4,0,0
Z12010,1818 000 219 71,,ANNULAR SPRING,FG,FINISHED GOODS,STORE,73201019,NOS,3.11,0,0
Z12011,00 1831 001 519 71,,FRICTION RING,FG,FINISHED GOODS,STORE,73182910,NOS,17.61,0,0
Z12012,1831001670,,FRICTION RING,FG,FINISHED GOODS,STORE,73201019,NOS,0.731,0,0
Z12013,1818000211,,ANNULAR SPRING,FG,FINISHED GOODS,STORE,73201019,NOS,0.115,0,0
Z12014,1827000488,,BELLEVILLE SPRING,FG,FINISHED GOODS,STORE,73201019,NOS,0.421,0,0
Z12015,1810000401,,CONECTOR,FG,FINISHED GOODS,STORE,73201019,NOS,0.35,0,0
Z12016,1810000391,,CONECTOR,FG,FINISHED GOODS,STORE,73201019,NOS,0.126,0,0
Z12017,1847003047,,PD - DRIVE PLATE,FG,FINISHED GOODS,STORE,73201019,NOS,0.37,0,0
Z12019,1831001672,,FRICTION RING,FG,FINISHED GOODS,STORE,73201019,NOS,1.121,0,0
Z12020,0730.300.924,,THRUST WASHER,FG,FINISHED GOODS,STORE,73182200,NOS,32.86,0,0
Z12021,4482.370.002,,THRUST WASHER,FG,FINISHED GOODS,STORE,73182200,NOS,49.23,0,0
Z12022,1827000522,,BELLEVELLE SPRING,FG,FINISHED GOODS,STORE,73201019,NOS,0.505,0,0
Z12023,1831001755,,FRICTION RING,FG,FINISHED GOODS,STORE,73201019,NOS,1.287,0,0
Z12024,17300113165,,CLAMP,FG,FINISHED GOODS,STORE,73201019,NOS,231.23,0,0
